id,install_id,event_type,occurred_at,payload_json,created_at,run_id,last_activity_at,last_activity_source
87a7ab14-7516-45b6-aa56-6b9995ce1066,dcabe96b-5894-4b91-9a0b-3e99811e82d6,app_launch,2026-04-19 03:14:16.400320,"{""type"":""app_launch"",""install_id"":""dcabe96b-5894-4b91-9a0b-3e99811e82d6"",""app_version"":""1.3.2"",""timestamp"":""2026-04-19T03:14:16.1323463Z"",""windows_version"":""Microsoft Windows 10.0.26100"",""os_architecture"":""X64"",""dotnet_runtime_version"":"".NET 8.0.26"",""ram_bucket"":""16-32GB"",""cpu_core_bucket"":""5-8 Cores"",""screen_resolution_bucket"":""1366x768"",""build_number"":""1200"",""release_channel"":""production"",""first_run_at"":""2026-04-15T20:45:54.2781483Z"",""last_seen_at"":""2026-04-19T03:14:16.1342072Z"",""days_since_install"":""4"",""days_since_last_seen"":""0"",""country_setting"":""EG"",""currency_setting"":""USD"",""startup_time_bucket_ms"":""1000-2000"",""feature_flags"":[""new_checkout"",""tax_inclusive""],""last_update_prompt_at"":null,""last_update_installed_at"":null,""crash_count"":1,""internet_status"":true,""app_launched_count"":11}",2026-04-19T03:14:16.420682+00:00,,,
d672e8ac-3fb0-421c-b755-27b57cd56724,3f5881d3-a87f-4ec9-ba3f-138ddb696541,app_launch,2026-04-19 03:14:39.613904,"{""type"":""app_launch"",""install_id"":""3f5881d3-a87f-4ec9-ba3f-138ddb696541"",""app_version"":""1.3.2"",""timestamp"":""2026-04-19T03:14:39.3700286Z"",""windows_version"":""Microsoft Windows 10.0.26100"",""os_architecture"":""X64"",""dotnet_runtime_version"":"".NET 8.0.26"",""ram_bucket"":""16-32GB"",""cpu_core_bucket"":""5-8 Cores"",""screen_resolution_bucket"":""1366x768"",""build_number"":""1200"",""release_channel"":""production"",""first_run_at"":""2026-04-19T03:14:38.1038780Z"",""last_seen_at"":""2026-04-19T03:14:39.3712260Z"",""days_since_install"":""0"",""days_since_last_seen"":""0"",""country_setting"":""EG"",""currency_setting"":""USD"",""startup_time_bucket_ms"":""1000-2000"",""feature_flags"":[""new_checkout"",""tax_inclusive""],""last_update_prompt_at"":null,""last_update_installed_at"":null,""crash_count"":0,""internet_status"":true,""app_launched_count"":1}",2026-04-19T03:14:39.637793+00:00,,,
08c2844d-6cc3-4748-a3a7-e1b1ba1bb2bd,e72fd18b-fdbb-4772-8bfa-edfb13fcdf67,app_launch,2026-04-19 09:58:54.875380,"{""type"":""app_launch"",""install_id"":""e72fd18b-fdbb-4772-8bfa-edfb13fcdf67"",""app_version"":""1.3.2"",""timestamp"":""2026-04-19T09:58:54.1876890Z"",""windows_version"":""Microsoft Windows 10.0.26200"",""os_architecture"":""X64"",""dotnet_runtime_version"":"".NET 8.0.26"",""ram_bucket"":""4-8GB"",""cpu_core_bucket"":""5-8 Cores"",""screen_resolution_bucket"":""1920x1080"",""build_number"":""1200"",""release_channel"":""production"",""first_run_at"":""2026-04-19T09:58:51.1101559Z"",""last_seen_at"":""2026-04-19T09:58:54.3423549Z"",""days_since_install"":""0"",""days_since_last_seen"":""0"",""country_setting"":""MK"",""currency_setting"":""USD"",""startup_time_bucket_ms"":""1000-2000"",""feature_flags"":[""new_checkout"",""tax_inclusive""],""last_update_prompt_at"":null,""last_update_installed_at"":null,""crash_count"":0,""internet_status"":true,""app_launched_count"":1}",2026-04-19T09:58:57.367576+00:00,,,
03ce4420-f6bd-4dd8-9c5c-4c32c1e80dd5,595616f9-7b3f-4c1a-9ce6-1e72ec04bc25,app_launch,2026-04-19 14:35:15.300762,"{""type"":""app_launch"",""install_id"":""595616f9-7b3f-4c1a-9ce6-1e72ec04bc25"",""app_version"":""1.3.2"",""timestamp"":""2026-04-19T14:35:15.1233130Z"",""windows_version"":""Microsoft Windows 10.0.26200"",""os_architecture"":""X64"",""dotnet_runtime_version"":"".NET 8.0.24"",""ram_bucket"":""4-8GB"",""cpu_core_bucket"":""5-8 Cores"",""screen_resolution_bucket"":""1920x1080"",""build_number"":""1200"",""release_channel"":""production"",""first_run_at"":""2026-04-19T14:35:12.7445735Z"",""last_seen_at"":""2026-04-19T14:35:15.1242857Z"",""days_since_install"":""0"",""days_since_last_seen"":""0"",""country_setting"":""BG"",""currency_setting"":""BGN"",""startup_time_bucket_ms"":""1000-2000"",""feature_flags"":[""new_checkout"",""tax_inclusive""],""last_update_prompt_at"":null,""last_update_installed_at"":null,""crash_count"":0,""internet_status"":true,""app_launched_count"":1}",2026-04-19T14:35:15.311747+00:00,,,
beeedc33-85ce-45c4-a3b6-001b6afe5d80,dcabe96b-5894-4b91-9a0b-3e99811e82d6,app_launch,2026-04-16 08:32:19.463106,"{""type"":""app_launch"",""install_id"":""dcabe96b-5894-4b91-9a0b-3e99811e82d6"",""app_version"":""1.3.2"",""timestamp"":""2026-04-16T08:32:19.1737553Z"",""windows_version"":""Microsoft Windows 10.0.26100"",""os_architecture"":""X64"",""dotnet_runtime_version"":"".NET 8.0.26"",""ram_bucket"":""16-32GB"",""cpu_core_bucket"":""5-8 Cores"",""screen_resolution_bucket"":""1366x768"",""build_number"":""1200"",""release_channel"":""production"",""first_run_at"":""2026-04-15T20:45:54.2781483Z"",""last_seen_at"":""2026-04-16T08:32:19.1768153Z"",""country_setting"":""EG"",""currency_setting"":""USD"",""startup_time_bucket_ms"":""1000-2000"",""feature_flags"":[""new_checkout"",""tax_inclusive""],""last_update_prompt_at"":null,""last_update_installed_at"":null,""crash_count"":1,""internet_status"":true,""app_launched_count"":1}",2026-04-16T08:32:19.510173+00:00,,,
7312ced7-35c5-40bb-bf24-33f2ddcef3e1,dcabe96b-5894-4b91-9a0b-3e99811e82d6,app_launch,2026-04-16 08:46:21.958248,"{""type"":""app_launch"",""install_id"":""dcabe96b-5894-4b91-9a0b-3e99811e82d6"",""app_version"":""1.3.2"",""timestamp"":""2026-04-16T08:46:21.5903809Z"",""windows_version"":""Microsoft Windows 10.0.26100"",""os_architecture"":""X64"",""dotnet_runtime_version"":"".NET 8.0.26"",""ram_bucket"":""16-32GB"",""cpu_core_bucket"":""5-8 Cores"",""screen_resolution_bucket"":""1366x768"",""build_number"":""1200"",""release_channel"":""production"",""first_run_at"":""2026-04-15T20:45:54.2781483Z"",""last_seen_at"":""2026-04-16T08:46:21.5940220Z"",""days_since_install"":""1"",""days_since_last_seen"":""0"",""country_setting"":""EG"",""currency_setting"":""USD"",""startup_time_bucket_ms"":""1000-2000"",""feature_flags"":[""new_checkout"",""tax_inclusive""],""last_update_prompt_at"":null,""last_update_installed_at"":null,""crash_count"":1,""internet_status"":true,""app_launched_count"":2}",2026-04-16T08:46:21.979198+00:00,,,
493a12f6-bc16-4538-8630-a91f2a9139c8,dcabe96b-5894-4b91-9a0b-3e99811e82d6,app_launch,2026-04-16 09:56:57.190529,"{""type"":""app_launch"",""install_id"":""dcabe96b-5894-4b91-9a0b-3e99811e82d6"",""app_version"":""1.3.2"",""timestamp"":""2026-04-16T09:56:56.6240378Z"",""windows_version"":""Microsoft Windows 10.0.26100"",""os_architecture"":""X64"",""dotnet_runtime_version"":"".NET 8.0.26"",""ram_bucket"":""16-32GB"",""cpu_core_bucket"":""5-8 Cores"",""screen_resolution_bucket"":""1366x768"",""build_number"":""1200"",""release_channel"":""production"",""first_run_at"":""2026-04-15T20:45:54.2781483Z"",""last_seen_at"":""2026-04-16T09:56:56.6261681Z"",""days_since_install"":""1"",""days_since_last_seen"":""0"",""country_setting"":""EG"",""currency_setting"":""USD"",""startup_time_bucket_ms"":""1000-2000"",""feature_flags"":[""new_checkout"",""tax_inclusive""],""last_update_prompt_at"":null,""last_update_installed_at"":null,""crash_count"":1,""internet_status"":true,""app_launched_count"":4}",2026-04-16T09:56:57.212409+00:00,,,
d81941f2-5a92-4f8e-a0e3-754a824e5c64,1da14a02-df07-458d-8f18-2572964c2ca0,app_close,2026-04-20 01:40:32.031610,"{""type"":""app_close"",""reason"":""window_closed"",""app_version"":""1.3.2"",""timestamp"":""2026-04-20T01:40:32.0301666Z""}",2026-04-20T01:40:32.039473+00:00,,,
309a3d8e-6f40-48cc-a1c1-2bb51d017800,1da14a02-df07-458d-8f18-2572964c2ca0,app_launch,2026-04-20 01:40:47.054536,"{""type"":""app_launch"",""install_id"":""1da14a02-df07-458d-8f18-2572964c2ca0"",""app_version"":""1.3.2"",""timestamp"":""2026-04-20T01:40:46.7072144Z"",""windows_version"":""Microsoft Windows 10.0.26200"",""os_architecture"":""X64"",""dotnet_runtime_version"":"".NET 8.0.19"",""ram_bucket"":""8-16GB"",""cpu_core_bucket"":""9-16 Cores"",""screen_resolution_bucket"":""1920x1080"",""build_number"":""1200"",""release_channel"":""production"",""first_run_at"":""2026-04-20T01:39:22.1593776Z"",""last_seen_at"":""2026-04-20T01:40:46.7082346Z"",""days_since_install"":""0"",""days_since_last_seen"":""0"",""country_setting"":""PH"",""currency_setting"":""PHP"",""startup_time_bucket_ms"":""1000-2000"",""feature_flags"":[""new_checkout"",""tax_inclusive""],""last_update_prompt_at"":null,""last_update_installed_at"":null,""crash_count"":0,""internet_status"":true,""app_launched_count"":2}",2026-04-20T01:40:47.066068+00:00,,,
25fa13c2-5ace-4b3d-bde8-a7fab31ca22d,c4b970d9-1121-4056-bda7-b85c2e6453fd,app_close,2026-04-20 04:16:34.229988,"{""type"":""app_close"",""reason"":""window_closed"",""app_version"":""1.3.2"",""timestamp"":""2026-04-20T04:16:34.2279553Z""}",2026-04-20T04:16:34.238206+00:00,,,
e9de905f-1924-45e4-a2b3-d7f9aa9e3cb1,5e5723ea-aca4-495c-b46c-29fb7f77be4d,app_close,2026-04-20 11:11:59.134281,"{""type"":""app_close"",""reason"":""window_closed"",""app_version"":""1.3.2"",""timestamp"":""2026-04-20T11:11:59.1209621Z""}",2026-04-20T11:11:59.162718+00:00,,,
e33f2032-15d7-4ff4-ac3f-b794d52a15c5,521f21c6-0a6a-448f-b423-85b08569baf3,app_close,2026-04-21 22:17:52.924305,"{""type"":""app_close"",""reason"":""window_closed"",""app_version"":""1.3.2"",""timestamp"":""2026-04-21T22:17:52.9223358Z""}",2026-04-21T22:17:52.931785+00:00,,,
eed1ea46-f3ca-4537-8ddd-ad2137a9f3d7,4f6a1dad-7cd0-4c49-bdd5-81a605a1ff5b,app_close,2026-04-21 22:53:50.078743,"{""type"":""app_close"",""reason"":""window_closed"",""app_version"":""1.3.2"",""timestamp"":""2026-04-21T22:53:50.0767859Z""}",2026-04-21T22:53:50.095598+00:00,,,
71496a14-c499-458e-9f48-49be139455a2,3f5881d3-a87f-4ec9-ba3f-138ddb696541,app_close,2026-04-19 03:17:35.473739,"{""type"":""app_close"",""reason"":""window_closed"",""app_version"":""1.3.2"",""timestamp"":""2026-04-19T03:17:35.4718954Z""}",2026-04-19T03:17:35.481967+00:00,,,
ddc0e1e7-b08b-45d1-98e4-7ee9d9b702d0,e72fd18b-fdbb-4772-8bfa-edfb13fcdf67,app_launch,2026-04-19 10:01:24.798185,"{""type"":""app_launch"",""install_id"":""e72fd18b-fdbb-4772-8bfa-edfb13fcdf67"",""app_version"":""1.3.2"",""timestamp"":""2026-04-19T10:01:24.6406306Z"",""windows_version"":""Microsoft Windows 10.0.26200"",""os_architecture"":""X64"",""dotnet_runtime_version"":"".NET 8.0.26"",""ram_bucket"":""4-8GB"",""cpu_core_bucket"":""5-8 Cores"",""screen_resolution_bucket"":""1920x1080"",""build_number"":""1200"",""release_channel"":""production"",""first_run_at"":""2026-04-19T09:58:51.1101559Z"",""last_seen_at"":""2026-04-19T10:01:24.6428009Z"",""days_since_install"":""0"",""days_since_last_seen"":""0"",""country_setting"":""MK"",""currency_setting"":""USD"",""startup_time_bucket_ms"":""1000-2000"",""feature_flags"":[""new_checkout"",""tax_inclusive""],""last_update_prompt_at"":null,""last_update_installed_at"":null,""crash_count"":0,""internet_status"":true,""app_launched_count"":2}",2026-04-19T10:01:24.808155+00:00,,,
1728edf5-ee99-435f-afbd-f7d0a65e490e,e72fd18b-fdbb-4772-8bfa-edfb13fcdf67,app_close,2026-04-19 10:01:44.881156,"{""type"":""app_close"",""reason"":""window_closed"",""app_version"":""1.3.2"",""timestamp"":""2026-04-19T10:01:44.8789431Z""}",2026-04-19T10:01:44.889667+00:00,,,
b12892f3-d258-4c77-bde8-64e70ed462db,595616f9-7b3f-4c1a-9ce6-1e72ec04bc25,app_close,2026-04-19 14:36:43.496618,"{""type"":""app_close"",""reason"":""window_closed"",""app_version"":""1.3.2"",""timestamp"":""2026-04-19T14:36:43.4947594Z""}",2026-04-19T14:36:43.50599+00:00,,,
3010d142-1236-45f6-a6ad-63df3a97569c,5e5723ea-aca4-495c-b46c-29fb7f77be4d,app_launch,2026-04-20 04:12:49.507856,"{""type"":""app_launch"",""install_id"":""5e5723ea-aca4-495c-b46c-29fb7f77be4d"",""app_version"":""1.3.2"",""timestamp"":""2026-04-20T04:12:49.2282859Z"",""windows_version"":""Microsoft Windows 10.0.19045"",""os_architecture"":""X64"",""dotnet_runtime_version"":"".NET 8.0.14"",""ram_bucket"":""4-8GB"",""cpu_core_bucket"":""3-4 Cores"",""screen_resolution_bucket"":""1440x900"",""build_number"":""1200"",""release_channel"":""production"",""first_run_at"":""2026-04-20T04:12:46.6674483Z"",""last_seen_at"":""2026-04-20T04:12:49.2297004Z"",""days_since_install"":""0"",""days_since_last_seen"":""0"",""country_setting"":""PK"",""currency_setting"":""PKR"",""startup_time_bucket_ms"":""1000-2000"",""feature_flags"":[""new_checkout"",""tax_inclusive""],""last_update_prompt_at"":null,""last_update_installed_at"":null,""crash_count"":0,""internet_status"":true,""app_launched_count"":1}",2026-04-20T04:12:49.517922+00:00,,,
32b23738-9479-4b1b-80c5-8da9d5e6222a,c4b970d9-1121-4056-bda7-b85c2e6453fd,app_launch,2026-04-20 04:16:43.233990,"{""type"":""app_launch"",""install_id"":""c4b970d9-1121-4056-bda7-b85c2e6453fd"",""app_version"":""1.3.2"",""timestamp"":""2026-04-20T04:16:42.9702369Z"",""windows_version"":""Microsoft Windows 10.0.26200"",""os_architecture"":""X64"",""dotnet_runtime_version"":"".NET 8.0.26"",""ram_bucket"":""8-16GB"",""cpu_core_bucket"":""5-8 Cores"",""screen_resolution_bucket"":""1920x1080"",""build_number"":""1200"",""release_channel"":""production"",""first_run_at"":""2026-04-18T14:57:23.6411786Z"",""last_seen_at"":""2026-04-20T04:16:42.9713909Z"",""days_since_install"":""2"",""days_since_last_seen"":""0"",""country_setting"":""PK"",""currency_setting"":""PKR"",""startup_time_bucket_ms"":""1000-2000"",""feature_flags"":[""new_checkout"",""tax_inclusive""],""last_update_prompt_at"":null,""last_update_installed_at"":null,""crash_count"":0,""internet_status"":true,""app_launched_count"":2}",2026-04-20T04:16:43.24327+00:00,,,
726d1ae5-e8d2-4db5-9a95-4c8aacef6cd1,fdefefe4-9ec0-4d23-90de-6100d2fc937c,app_launch,2026-04-20 06:00:13.936404,"{""type"":""app_launch"",""install_id"":""fdefefe4-9ec0-4d23-90de-6100d2fc937c"",""app_version"":""1.3.2"",""timestamp"":""2026-04-20T06:00:13.7683364Z"",""windows_version"":""Microsoft Windows 10.0.26100"",""os_architecture"":""X64"",""dotnet_runtime_version"":"".NET 8.0.26"",""ram_bucket"":""16-32GB"",""cpu_core_bucket"":""5-8 Cores"",""screen_resolution_bucket"":""1366x768"",""build_number"":""1200"",""release_channel"":""production"",""first_run_at"":""2026-04-20T06:00:12.6046743Z"",""last_seen_at"":""2026-04-20T06:00:13.7695424Z"",""days_since_install"":""0"",""days_since_last_seen"":""0"",""country_setting"":""EG"",""currency_setting"":""USD"",""startup_time_bucket_ms"":""1000-2000"",""feature_flags"":[""new_checkout"",""tax_inclusive""],""last_update_prompt_at"":null,""last_update_installed_at"":null,""crash_count"":0,""internet_status"":true,""app_launched_count"":1}",2026-04-20T06:00:13.969728+00:00,,,
9b968d80-38f2-4edf-9643-b0df329ec28a,39983626-22a4-4c1e-b25d-d15a38bf302b,app_launch,2026-04-21 10:27:56.609733,"{""type"":""app_launch"",""install_id"":""39983626-22a4-4c1e-b25d-d15a38bf302b"",""app_version"":""1.3.2"",""timestamp"":""2026-04-21T10:27:56.4868292Z"",""windows_version"":""Microsoft Windows 10.0.26200"",""os_architecture"":""X64"",""dotnet_runtime_version"":"".NET 8.0.26"",""ram_bucket"":""8-16GB"",""cpu_core_bucket"":""9-16 Cores"",""screen_resolution_bucket"":""1920x1080"",""build_number"":""1200"",""release_channel"":""production"",""first_run_at"":""2026-04-21T10:27:54.8270126Z"",""last_seen_at"":""2026-04-21T10:27:56.4874528Z"",""days_since_install"":""0"",""days_since_last_seen"":""0"",""country_setting"":""BE"",""currency_setting"":""EUR"",""startup_time_bucket_ms"":""1000-2000"",""feature_flags"":[""new_checkout"",""tax_inclusive""],""last_update_prompt_at"":null,""last_update_installed_at"":null,""crash_count"":0,""internet_status"":true,""app_launched_count"":1}",2026-04-21T10:27:56.637978+00:00,,,
bb710a07-f3a8-4ca7-94df-7d52407672eb,dcabe96b-5894-4b91-9a0b-3e99811e82d6,app_launch,2026-04-18 04:24:24.274605,"{""type"":""app_launch"",""install_id"":""dcabe96b-5894-4b91-9a0b-3e99811e82d6"",""app_version"":""1.3.2"",""timestamp"":""2026-04-18T04:24:23.3038072Z"",""windows_version"":""Microsoft Windows 10.0.26100"",""os_architecture"":""X64"",""dotnet_runtime_version"":"".NET 8.0.26"",""ram_bucket"":""16-32GB"",""cpu_core_bucket"":""5-8 Cores"",""screen_resolution_bucket"":""1366x768"",""build_number"":""1200"",""release_channel"":""production"",""first_run_at"":""2026-04-15T20:45:54.2781483Z"",""last_seen_at"":""2026-04-18T04:24:23.3047551Z"",""days_since_install"":""3"",""days_since_last_seen"":""0"",""country_setting"":""EG"",""currency_setting"":""USD"",""startup_time_bucket_ms"":""1000-2000"",""feature_flags"":[""new_checkout"",""tax_inclusive""],""last_update_prompt_at"":null,""last_update_installed_at"":null,""crash_count"":1,""internet_status"":true,""app_launched_count"":5}",2026-04-18T04:24:24.405091+00:00,,,
067ac9f7-2034-4ea1-80b9-9543e62f2250,dcabe96b-5894-4b91-9a0b-3e99811e82d6,app_launch,2026-04-18 04:35:50.806114,"{""type"":""app_launch"",""install_id"":""dcabe96b-5894-4b91-9a0b-3e99811e82d6"",""app_version"":""1.3.2"",""timestamp"":""2026-04-18T04:35:47.5412729Z"",""windows_version"":""Microsoft Windows 10.0.26100"",""os_architecture"":""X64"",""dotnet_runtime_version"":"".NET 8.0.26"",""ram_bucket"":""16-32GB"",""cpu_core_bucket"":""5-8 Cores"",""screen_resolution_bucket"":""1366x768"",""build_number"":""1200"",""release_channel"":""production"",""first_run_at"":""2026-04-15T20:45:54.2781483Z"",""last_seen_at"":""2026-04-18T04:35:47.5424684Z"",""days_since_install"":""3"",""days_since_last_seen"":""0"",""country_setting"":""EG"",""currency_setting"":""USD"",""startup_time_bucket_ms"":""1000-2000"",""feature_flags"":[""new_checkout"",""tax_inclusive""],""last_update_prompt_at"":null,""last_update_installed_at"":null,""crash_count"":1,""internet_status"":true,""app_launched_count"":6}",2026-04-18T04:35:50.823233+00:00,,,
76e96698-b4cc-4dce-9038-094af35eae04,dcabe96b-5894-4b91-9a0b-3e99811e82d6,app_close,2026-04-18 04:35:51.677921,"{""type"":""app_close"",""reason"":""window_closed"",""app_version"":""1.3.2"",""timestamp"":""2026-04-18T04:35:51.6724756Z""}",2026-04-18T04:35:51.701315+00:00,,,
df64a626-8942-455c-9ccf-8b35ecf1f717,dcabe96b-5894-4b91-9a0b-3e99811e82d6,app_launch,2026-04-18 05:39:21.795400,"{""type"":""app_launch"",""install_id"":""dcabe96b-5894-4b91-9a0b-3e99811e82d6"",""app_version"":""1.3.2"",""timestamp"":""2026-04-18T05:39:19.4713068Z"",""windows_version"":""Microsoft Windows 10.0.26100"",""os_architecture"":""X64"",""dotnet_runtime_version"":"".NET 8.0.26"",""ram_bucket"":""16-32GB"",""cpu_core_bucket"":""5-8 Cores"",""screen_resolution_bucket"":""1366x768"",""build_number"":""1200"",""release_channel"":""production"",""first_run_at"":""2026-04-15T20:45:54.2781483Z"",""last_seen_at"":""2026-04-18T05:39:19.4722276Z"",""days_since_install"":""3"",""days_since_last_seen"":""0"",""country_setting"":""EG"",""currency_setting"":""USD"",""startup_time_bucket_ms"":""1000-2000"",""feature_flags"":[""new_checkout"",""tax_inclusive""],""last_update_prompt_at"":null,""last_update_installed_at"":null,""crash_count"":1,""internet_status"":true,""app_launched_count"":7}",2026-04-18T05:39:21.826892+00:00,,,
d087f59f-d1f7-4932-9f4e-e8409af5884c,dcabe96b-5894-4b91-9a0b-3e99811e82d6,app_launch,2026-04-18 19:03:53.918966,"{""type"":""app_launch"",""install_id"":""dcabe96b-5894-4b91-9a0b-3e99811e82d6"",""app_version"":""1.3.2"",""timestamp"":""2026-04-18T19:03:53.5950658Z"",""windows_version"":""Microsoft Windows 10.0.26100"",""os_architecture"":""X64"",""dotnet_runtime_version"":"".NET 8.0.26"",""ram_bucket"":""16-32GB"",""cpu_core_bucket"":""5-8 Cores"",""screen_resolution_bucket"":""1366x768"",""build_number"":""1200"",""release_channel"":""production"",""first_run_at"":""2026-04-15T20:45:54.2781483Z"",""last_seen_at"":""2026-04-18T19:03:53.5968856Z"",""days_since_install"":""3"",""days_since_last_seen"":""0"",""country_setting"":null,""currency_setting"":""USD"",""startup_time_bucket_ms"":""1000-2000"",""feature_flags"":[""new_checkout"",""tax_inclusive""],""last_update_prompt_at"":null,""last_update_installed_at"":null,""crash_count"":1,""internet_status"":true,""app_launched_count"":8}",2026-04-18T19:03:53.944232+00:00,,,
abee2718-7d13-4d81-97f5-440a8c908486,dcabe96b-5894-4b91-9a0b-3e99811e82d6,app_launch,2026-04-18 19:32:59.422626,"{""type"":""app_launch"",""install_id"":""dcabe96b-5894-4b91-9a0b-3e99811e82d6"",""app_version"":""1.3.2"",""timestamp"":""2026-04-18T19:32:59.1418557Z"",""windows_version"":""Microsoft Windows 10.0.26100"",""os_architecture"":""X64"",""dotnet_runtime_version"":"".NET 8.0.26"",""ram_bucket"":""16-32GB"",""cpu_core_bucket"":""5-8 Cores"",""screen_resolution_bucket"":""1366x768"",""build_number"":""1200"",""release_channel"":""production"",""first_run_at"":""2026-04-15T20:45:54.2781483Z"",""last_seen_at"":""2026-04-18T19:32:59.1432003Z"",""days_since_install"":""3"",""days_since_last_seen"":""0"",""country_setting"":""EG"",""currency_setting"":""USD"",""startup_time_bucket_ms"":""1000-2000"",""feature_flags"":[""new_checkout"",""tax_inclusive""],""last_update_prompt_at"":null,""last_update_installed_at"":null,""crash_count"":1,""internet_status"":true,""app_launched_count"":9}",2026-04-18T19:32:59.451269+00:00,,,
bac8d793-952b-4c14-a982-54df1f961526,dcabe96b-5894-4b91-9a0b-3e99811e82d6,app_close,2026-04-18 19:33:24.944778,"{""type"":""app_close"",""reason"":""window_closed"",""app_version"":""1.3.2"",""timestamp"":""2026-04-18T19:33:24.9372071Z""}",2026-04-18T19:33:24.973665+00:00,,,
120580b9-4e28-4984-98b6-32c0d6dd07b2,dcabe96b-5894-4b91-9a0b-3e99811e82d6,app_launch,2026-04-18 19:46:53.816534,"{""type"":""app_launch"",""install_id"":""dcabe96b-5894-4b91-9a0b-3e99811e82d6"",""app_version"":""1.3.2"",""timestamp"":""2026-04-18T19:46:53.3212750Z"",""windows_version"":""Microsoft Windows 10.0.26100"",""os_architecture"":""X64"",""dotnet_runtime_version"":"".NET 8.0.26"",""ram_bucket"":""16-32GB"",""cpu_core_bucket"":""5-8 Cores"",""screen_resolution_bucket"":""1366x768"",""build_number"":""1200"",""release_channel"":""production"",""first_run_at"":""2026-04-15T20:45:54.2781483Z"",""last_seen_at"":""2026-04-18T19:46:53.3237951Z"",""days_since_install"":""3"",""days_since_last_seen"":""0"",""country_setting"":""EG"",""currency_setting"":""USD"",""startup_time_bucket_ms"":""1000-2000"",""feature_flags"":[""new_checkout"",""tax_inclusive""],""last_update_prompt_at"":null,""last_update_installed_at"":null,""crash_count"":1,""internet_status"":true,""app_launched_count"":10}",2026-04-18T19:46:53.83668+00:00,,,
efc91cff-44db-412a-86ee-ab2383d5d565,e72fd18b-fdbb-4772-8bfa-edfb13fcdf67,app_launch,2026-04-19 09:58:54.699003,"{""type"":""app_launch"",""install_id"":""e72fd18b-fdbb-4772-8bfa-edfb13fcdf67"",""app_version"":""1.3.2"",""timestamp"":""2026-04-19T09:58:54.1894644Z"",""windows_version"":""Microsoft Windows 10.0.26200"",""os_architecture"":""X64"",""dotnet_runtime_version"":"".NET 8.0.26"",""ram_bucket"":""4-8GB"",""cpu_core_bucket"":""5-8 Cores"",""screen_resolution_bucket"":""1920x1080"",""build_number"":""1200"",""release_channel"":""production"",""first_run_at"":""2026-04-19T09:58:51.1101559Z"",""last_seen_at"":""2026-04-19T09:58:54.3388758Z"",""days_since_install"":""0"",""days_since_last_seen"":""0"",""country_setting"":""MK"",""currency_setting"":""USD"",""startup_time_bucket_ms"":""1000-2000"",""feature_flags"":[""new_checkout"",""tax_inclusive""],""last_update_prompt_at"":null,""last_update_installed_at"":null,""crash_count"":0,""internet_status"":true,""app_launched_count"":1}",2026-04-19T09:58:56.751789+00:00,,,
2c82a181-98ac-49ed-89b7-c8bb21d1c659,e72fd18b-fdbb-4772-8bfa-edfb13fcdf67,app_close,2026-04-19 10:01:42.360770,"{""type"":""app_close"",""reason"":""window_closed"",""app_version"":""1.3.2"",""timestamp"":""2026-04-19T10:01:42.3591606Z""}",2026-04-19T10:01:42.369956+00:00,,,
616c1708-01ca-49c7-86ca-e7e049f90359,e72fd18b-fdbb-4772-8bfa-edfb13fcdf67,app_close,2026-04-19 10:01:46.166038,"{""type"":""app_close"",""reason"":""window_closed"",""app_version"":""1.3.2"",""timestamp"":""2026-04-19T10:01:46.1546680Z""}",2026-04-19T10:01:46.197798+00:00,,,
70c1ae8e-27e5-4a3d-843e-69c8d1402412,1da14a02-df07-458d-8f18-2572964c2ca0,app_launch,2026-04-20 01:39:28.446395,"{""type"":""app_launch"",""install_id"":""1da14a02-df07-458d-8f18-2572964c2ca0"",""app_version"":""1.3.2"",""timestamp"":""2026-04-20T01:39:28.0764929Z"",""windows_version"":""Microsoft Windows 10.0.26200"",""os_architecture"":""X64"",""dotnet_runtime_version"":"".NET 8.0.19"",""ram_bucket"":""8-16GB"",""cpu_core_bucket"":""9-16 Cores"",""screen_resolution_bucket"":""1920x1080"",""build_number"":""1200"",""release_channel"":""production"",""first_run_at"":""2026-04-20T01:39:22.1593776Z"",""last_seen_at"":""2026-04-20T01:39:28.0775447Z"",""days_since_install"":""0"",""days_since_last_seen"":""0"",""country_setting"":""PH"",""currency_setting"":""PHP"",""startup_time_bucket_ms"":""1000-2000"",""feature_flags"":[""new_checkout"",""tax_inclusive""],""last_update_prompt_at"":null,""last_update_installed_at"":null,""crash_count"":0,""internet_status"":true,""app_launched_count"":1}",2026-04-20T01:39:28.453488+00:00,,,
fee1e88d-ea27-40bf-9f73-95f53548177a,c4b970d9-1121-4056-bda7-b85c2e6453fd,app_launch,2026-04-20 04:15:26.964075,"{""type"":""app_launch"",""install_id"":""c4b970d9-1121-4056-bda7-b85c2e6453fd"",""app_version"":""1.3.2"",""timestamp"":""2026-04-20T04:15:26.6736516Z"",""windows_version"":""Microsoft Windows 10.0.26200"",""os_architecture"":""X64"",""dotnet_runtime_version"":"".NET 8.0.26"",""ram_bucket"":""8-16GB"",""cpu_core_bucket"":""5-8 Cores"",""screen_resolution_bucket"":""1920x1080"",""build_number"":""1200"",""release_channel"":""production"",""first_run_at"":""2026-04-18T14:57:23.6411786Z"",""last_seen_at"":""2026-04-20T04:15:26.6744618Z"",""days_since_install"":""2"",""days_since_last_seen"":""0"",""country_setting"":""PK"",""currency_setting"":""PKR"",""startup_time_bucket_ms"":""1000-2000"",""feature_flags"":[""new_checkout"",""tax_inclusive""],""last_update_prompt_at"":null,""last_update_installed_at"":null,""crash_count"":0,""internet_status"":true,""app_launched_count"":1}",2026-04-20T04:15:26.972626+00:00,,,
fcef5ac4-97e0-4d39-ba41-da11a02dd4e7,3f5881d3-a87f-4ec9-ba3f-138ddb696541,app_launch,2026-04-20 05:59:32.823084,"{""type"":""app_launch"",""install_id"":""3f5881d3-a87f-4ec9-ba3f-138ddb696541"",""app_version"":""1.3.2"",""timestamp"":""2026-04-20T05:59:32.6236966Z"",""windows_version"":""Microsoft Windows 10.0.26100"",""os_architecture"":""X64"",""dotnet_runtime_version"":"".NET 8.0.26"",""ram_bucket"":""16-32GB"",""cpu_core_bucket"":""5-8 Cores"",""screen_resolution_bucket"":""1366x768"",""build_number"":""1200"",""release_channel"":""production"",""first_run_at"":""2026-04-19T03:14:38.1038780Z"",""last_seen_at"":""2026-04-20T05:59:32.6249998Z"",""days_since_install"":""1"",""days_since_last_seen"":""0"",""country_setting"":""EG"",""currency_setting"":""USD"",""startup_time_bucket_ms"":""1000-2000"",""feature_flags"":[""new_checkout"",""tax_inclusive""],""last_update_prompt_at"":null,""last_update_installed_at"":null,""crash_count"":0,""internet_status"":true,""app_launched_count"":2}",2026-04-20T05:59:32.829483+00:00,,,
82571070-8022-4708-9de2-40835183d9f8,13b4ecc1-6c22-484a-80b8-d36f7f78e910,app_launch,2026-04-20 05:59:56.402964,"{""type"":""app_launch"",""install_id"":""13b4ecc1-6c22-484a-80b8-d36f7f78e910"",""app_version"":""1.3.2"",""timestamp"":""2026-04-20T05:59:56.2060083Z"",""windows_version"":""Microsoft Windows 10.0.26100"",""os_architecture"":""X64"",""dotnet_runtime_version"":"".NET 8.0.26"",""ram_bucket"":""16-32GB"",""cpu_core_bucket"":""5-8 Cores"",""screen_resolution_bucket"":""1366x768"",""build_number"":""1200"",""release_channel"":""production"",""first_run_at"":""2026-04-20T05:59:54.7805727Z"",""last_seen_at"":""2026-04-20T05:59:56.2077397Z"",""days_since_install"":""0"",""days_since_last_seen"":""0"",""country_setting"":""EG"",""currency_setting"":""USD"",""startup_time_bucket_ms"":""1000-2000"",""feature_flags"":[""new_checkout"",""tax_inclusive""],""last_update_prompt_at"":null,""last_update_installed_at"":null,""crash_count"":0,""internet_status"":true,""app_launched_count"":1}",2026-04-20T05:59:56.424337+00:00,,,
371d72e9-f8fc-4599-b6c5-0b701e50b885,fdefefe4-9ec0-4d23-90de-6100d2fc937c,app_close,2026-04-20 06:00:56.568831,"{""type"":""app_close"",""reason"":""window_closed"",""app_version"":""1.3.2"",""timestamp"":""2026-04-20T06:00:56.5673184Z""}",2026-04-20T06:00:56.588367+00:00,,,
cd706605-35dc-4ec2-bc3d-0465f4008063,39983626-22a4-4c1e-b25d-d15a38bf302b,app_close,2026-04-21 10:37:55.123783,"{""type"":""app_close"",""reason"":""window_closed"",""app_version"":""1.3.2"",""timestamp"":""2026-04-21T10:37:55.1211681Z""}",2026-04-21T10:37:55.168941+00:00,,,
ca7dba56-a8fd-44e5-8a58-df32bbc282f1,f6f42705-1953-4bec-a294-e4a8668a1868,app_launch,2026-04-21 12:24:56.078521,"{""type"":""app_launch"",""install_id"":""f6f42705-1953-4bec-a294-e4a8668a1868"",""app_version"":""1.3.2"",""timestamp"":""2026-04-21T12:24:55.8079600Z"",""windows_version"":""Microsoft Windows 10.0.19045"",""os_architecture"":""X64"",""dotnet_runtime_version"":"".NET 8.0.26"",""ram_bucket"":""4-8GB"",""cpu_core_bucket"":""1-2 Cores"",""screen_resolution_bucket"":""1920x1080"",""build_number"":""1200"",""release_channel"":""production"",""first_run_at"":""2026-04-11T17:19:07.8760136Z"",""last_seen_at"":""2026-04-21T12:24:55.8089942Z"",""days_since_install"":""10"",""days_since_last_seen"":""0"",""country_setting"":""NG"",""currency_setting"":""NGN"",""startup_time_bucket_ms"":""1000-2000"",""feature_flags"":[""new_checkout"",""tax_inclusive""],""last_update_prompt_at"":null,""last_update_installed_at"":null,""crash_count"":1,""internet_status"":true,""app_launched_count"":1}",2026-04-21T12:24:56.092494+00:00,,,
91290b6a-7f28-4499-82fc-4e750673ef82,c3cfa566-55b0-4a04-af81-b5ac34589504,app_launch,2026-04-21 12:32:50.500730,"{""type"":""app_launch"",""install_id"":""c3cfa566-55b0-4a04-af81-b5ac34589504"",""app_version"":""1.3.2"",""timestamp"":""2026-04-21T12:32:50.1399008Z"",""windows_version"":""Microsoft Windows 10.0.26200"",""os_architecture"":""X64"",""dotnet_runtime_version"":"".NET 8.0.11"",""ram_bucket"":""8-16GB"",""cpu_core_bucket"":""5-8 Cores"",""screen_resolution_bucket"":""1920x1080"",""build_number"":""1200"",""release_channel"":""production"",""first_run_at"":""2026-04-21T12:32:47.6077577Z"",""last_seen_at"":""2026-04-21T12:32:50.1405382Z"",""days_since_install"":""0"",""days_since_last_seen"":""0"",""country_setting"":""PH"",""currency_setting"":""PHP"",""startup_time_bucket_ms"":""1000-2000"",""feature_flags"":[""new_checkout"",""tax_inclusive""],""last_update_prompt_at"":null,""last_update_installed_at"":null,""crash_count"":0,""internet_status"":true,""app_launched_count"":1}",2026-04-21T12:32:50.508195+00:00,,,
9d1d46b7-9e1a-49cc-9fda-82194050964b,f6f42705-1953-4bec-a294-e4a8668a1868,app_launch,2026-04-21 12:37:54.630300,"{""type"":""app_launch"",""install_id"":""f6f42705-1953-4bec-a294-e4a8668a1868"",""app_version"":""1.3.2"",""timestamp"":""2026-04-21T12:37:54.3514819Z"",""windows_version"":""Microsoft Windows 10.0.19045"",""os_architecture"":""X64"",""dotnet_runtime_version"":"".NET 8.0.26"",""ram_bucket"":""4-8GB"",""cpu_core_bucket"":""1-2 Cores"",""screen_resolution_bucket"":""1920x1080"",""build_number"":""1200"",""release_channel"":""production"",""first_run_at"":""2026-04-11T17:19:07.8760136Z"",""last_seen_at"":""2026-04-21T12:37:54.3525302Z"",""days_since_install"":""10"",""days_since_last_seen"":""0"",""country_setting"":""NG"",""currency_setting"":""NGN"",""startup_time_bucket_ms"":""1000-2000"",""feature_flags"":[""new_checkout"",""tax_inclusive""],""last_update_prompt_at"":null,""last_update_installed_at"":null,""crash_count"":1,""internet_status"":true,""app_launched_count"":2}",2026-04-21T12:37:54.649778+00:00,,,
50640ca9-916d-422c-9c75-6393cce1b446,521f21c6-0a6a-448f-b423-85b08569baf3,app_launch,2026-04-21 22:16:21.560454,"{""type"":""app_launch"",""install_id"":""521f21c6-0a6a-448f-b423-85b08569baf3"",""app_version"":""1.3.2"",""timestamp"":""2026-04-21T22:16:21.2434975Z"",""windows_version"":""Microsoft Windows 10.0.26200"",""os_architecture"":""X64"",""dotnet_runtime_version"":"".NET 8.0.26"",""ram_bucket"":""8-16GB"",""cpu_core_bucket"":""5-8 Cores"",""screen_resolution_bucket"":""1920x1080"",""build_number"":""1200"",""release_channel"":""production"",""first_run_at"":""2026-04-21T22:16:18.3670922Z"",""last_seen_at"":""2026-04-21T22:16:21.2452919Z"",""days_since_install"":""0"",""days_since_last_seen"":""0"",""country_setting"":""ZA"",""currency_setting"":""ZAR"",""startup_time_bucket_ms"":""1000-2000"",""feature_flags"":[""new_checkout"",""tax_inclusive""],""last_update_prompt_at"":null,""last_update_installed_at"":null,""crash_count"":0,""internet_status"":true,""app_launched_count"":1}",2026-04-21T22:16:21.569151+00:00,,,
b1cd04f7-41ec-4709-9e23-8a86b2a0bd76,4f6a1dad-7cd0-4c49-bdd5-81a605a1ff5b,app_launch,2026-04-21 22:40:32.997329,"{""type"":""app_launch"",""install_id"":""4f6a1dad-7cd0-4c49-bdd5-81a605a1ff5b"",""app_version"":""1.3.2"",""timestamp"":""2026-04-21T22:40:32.7908087Z"",""windows_version"":""Microsoft Windows 10.0.26100"",""os_architecture"":""X64"",""dotnet_runtime_version"":"".NET 8.0.26"",""ram_bucket"":""8-16GB"",""cpu_core_bucket"":""5-8 Cores"",""screen_resolution_bucket"":""1920x1080"",""build_number"":""1200"",""release_channel"":""production"",""first_run_at"":""2026-04-21T22:40:30.3168768Z"",""last_seen_at"":""2026-04-21T22:40:32.7917906Z"",""days_since_install"":""0"",""days_since_last_seen"":""0"",""country_setting"":""JM"",""currency_setting"":""JMD"",""startup_time_bucket_ms"":""1000-2000"",""feature_flags"":[""new_checkout"",""tax_inclusive""],""last_update_prompt_at"":null,""last_update_installed_at"":null,""crash_count"":0,""internet_status"":true,""app_launched_count"":1}",2026-04-21T22:40:33.014032+00:00,,,
8656f6d6-520e-4eae-be43-dcdcce73bbc7,fdefefe4-9ec0-4d23-90de-6100d2fc937c,app_launch,2026-04-21 14:56:02.348051,"{""type"":""app_launch"",""install_id"":""fdefefe4-9ec0-4d23-90de-6100d2fc937c"",""run_id"":""ad7805b9-51d2-46ec-a7f1-b4b845ad4ffc"",""app_version"":""1.3.2"",""timestamp"":""2026-04-21T14:56:02.1314220Z"",""windows_version"":""Microsoft Windows 10.0.26100"",""os_architecture"":""X64"",""dotnet_runtime_version"":"".NET 9.0.15"",""ram_bucket"":""16-32GB"",""cpu_core_bucket"":""5-8 Cores"",""screen_resolution_bucket"":""1366x768"",""build_number"":""1200"",""release_channel"":""production"",""first_run_at"":""2026-04-20T06:00:12.6046743Z"",""last_seen_at"":""2026-04-21T14:56:02.1328079Z"",""days_since_install"":""1"",""days_since_last_seen"":""0"",""country_setting"":""EG"",""currency_setting"":""USD"",""startup_time_bucket_ms"":""1000-2000"",""feature_flags"":[""new_checkout"",""tax_inclusive""],""last_update_prompt_at"":null,""last_update_installed_at"":null,""crash_count"":0,""internet_status"":true,""app_launched_count"":3}",2026-04-21T14:56:02.357656+00:00,ad7805b9-51d2-46ec-a7f1-b4b845ad4ffc,,
eaff938d-7e7f-41fc-8847-1205a1b74bd0,fdefefe4-9ec0-4d23-90de-6100d2fc937c,app_launch,2026-04-22 06:17:29.765005,"{""type"":""app_launch"",""install_id"":""fdefefe4-9ec0-4d23-90de-6100d2fc937c"",""run_id"":""86ce99d7-2adc-4578-9404-5109323d801f"",""app_version"":""1.3.2"",""timestamp"":""2026-04-22T06:17:29.4197170Z"",""windows_version"":""Microsoft Windows 10.0.26100"",""os_architecture"":""X64"",""dotnet_runtime_version"":"".NET 9.0.15"",""ram_bucket"":""16-32GB"",""cpu_core_bucket"":""5-8 Cores"",""screen_resolution_bucket"":""1366x768"",""build_number"":""1200"",""release_channel"":""production"",""first_run_at"":""2026-04-20T06:00:12.6046743Z"",""last_seen_at"":""2026-04-22T06:17:29.4216922Z"",""days_since_install"":""2"",""days_since_last_seen"":""0"",""country_setting"":""EG"",""currency_setting"":""USD"",""startup_time_bucket_ms"":""1000-2000"",""feature_flags"":[""new_checkout"",""tax_inclusive""],""last_update_prompt_at"":null,""last_update_installed_at"":null,""crash_count"":0,""internet_status"":true,""app_launched_count"":8}",2026-04-22T06:17:29.765581+00:00,86ce99d7-2adc-4578-9404-5109323d801f,,
4480f36f-6531-493b-ba55-b6de64f570f8,fdefefe4-9ec0-4d23-90de-6100d2fc937c,unclean_exit,2026-04-22 06:20:28.259976,"{""type"":""unclean_exit"",""run_id"":""86ce99d7-2adc-4578-9404-5109323d801f"",""app_version"":""1.3.2"",""timestamp"":""2026-04-22T06:20:28.2597593Z"",""started_at"":""2026-04-22T08:17:29.7649976\u002B02:00"",""last_activity_at"":null,""last_activity_source"":null}",2026-04-22T06:20:28.287954+00:00,86ce99d7-2adc-4578-9404-5109323d801f,,
c8bb9df6-f40a-44c4-8835-214af4254f9d,fdefefe4-9ec0-4d23-90de-6100d2fc937c,app_launch,2026-04-22 06:20:30.587554,"{""type"":""app_launch"",""install_id"":""fdefefe4-9ec0-4d23-90de-6100d2fc937c"",""run_id"":""61c67518-bc55-4ef9-86f8-8d7e94390049"",""app_version"":""1.3.2"",""timestamp"":""2026-04-22T06:20:30.1795042Z"",""windows_version"":""Microsoft Windows 10.0.26100"",""os_architecture"":""X64"",""dotnet_runtime_version"":"".NET 9.0.15"",""ram_bucket"":""16-32GB"",""cpu_core_bucket"":""5-8 Cores"",""screen_resolution_bucket"":""1366x768"",""build_number"":""1200"",""release_channel"":""production"",""first_run_at"":""2026-04-20T06:00:12.6046743Z"",""last_seen_at"":""2026-04-22T06:20:30.1820038Z"",""days_since_install"":""2"",""days_since_last_seen"":""0"",""country_setting"":""EG"",""currency_setting"":""USD"",""startup_time_bucket_ms"":""1000-2000"",""feature_flags"":[""new_checkout"",""tax_inclusive""],""last_update_prompt_at"":null,""last_update_installed_at"":null,""crash_count"":0,""internet_status"":true,""app_launched_count"":9}",2026-04-22T06:20:30.587895+00:00,61c67518-bc55-4ef9-86f8-8d7e94390049,,
20c4d3a9-7eb3-4444-a4e8-86a49d7029c3,fdefefe4-9ec0-4d23-90de-6100d2fc937c,app_close,2026-04-22 08:38:50.865754,"{""type"":""app_close"",""run_id"":""549cab21-f10e-4d64-9cdb-4ddc421909a1"",""reason"":""window_closed"",""app_version"":""1.3.3"",""timestamp"":""2026-04-22T08:38:50.8467314Z""}",2026-04-22T08:38:50.867937+00:00,549cab21-f10e-4d64-9cdb-4ddc421909a1,,
40fe2d03-cd22-475f-91f0-15a67af085d8,fdefefe4-9ec0-4d23-90de-6100d2fc937c,unclean_exit,2026-04-22 06:24:24.709279,"{""type"":""unclean_exit"",""run_id"":""61c67518-bc55-4ef9-86f8-8d7e94390049"",""app_version"":""1.3.2"",""timestamp"":""2026-04-22T06:24:24.7091093Z"",""started_at"":""2026-04-22T08:20:30.5875490\u002B02:00"",""last_activity_at"":null,""last_activity_source"":null}",2026-04-22T06:24:24.730946+00:00,61c67518-bc55-4ef9-86f8-8d7e94390049,,
7c39d68c-f80d-49f8-af9e-b36304e191a1,fdefefe4-9ec0-4d23-90de-6100d2fc937c,unclean_exit,2026-04-22 05:48:22.939868,"{""type"":""unclean_exit"",""run_id"":""ad7805b9-51d2-46ec-a7f1-b4b845ad4ffc"",""app_version"":""1.3.2"",""timestamp"":""2026-04-22T05:48:22.9390642Z"",""started_at"":""2026-04-21T16:56:02.3480311\u002B02:00"",""last_activity_at"":null,""last_activity_source"":null}",2026-04-22T05:48:23.012575+00:00,ad7805b9-51d2-46ec-a7f1-b4b845ad4ffc,,
c78f4b23-b907-45e3-9aa4-aa1796765ee7,fdefefe4-9ec0-4d23-90de-6100d2fc937c,app_launch,2026-04-22 05:48:25.425804,"{""type"":""app_launch"",""install_id"":""fdefefe4-9ec0-4d23-90de-6100d2fc937c"",""run_id"":""0b722403-fc41-4a16-8585-0d04c97da5d3"",""app_version"":""1.3.2"",""timestamp"":""2026-04-22T05:48:24.9979810Z"",""windows_version"":""Microsoft Windows 10.0.26100"",""os_architecture"":""X64"",""dotnet_runtime_version"":"".NET 9.0.15"",""ram_bucket"":""16-32GB"",""cpu_core_bucket"":""5-8 Cores"",""screen_resolution_bucket"":""1366x768"",""build_number"":""1200"",""release_channel"":""production"",""first_run_at"":""2026-04-20T06:00:12.6046743Z"",""last_seen_at"":""2026-04-22T05:48:25.0000661Z"",""days_since_install"":""2"",""days_since_last_seen"":""1"",""country_setting"":""NL"",""currency_setting"":""USD"",""startup_time_bucket_ms"":""1000-2000"",""feature_flags"":[""new_checkout"",""tax_inclusive""],""last_update_prompt_at"":null,""last_update_installed_at"":null,""crash_count"":0,""internet_status"":true,""app_launched_count"":4}",2026-04-22T05:48:25.426436+00:00,0b722403-fc41-4a16-8585-0d04c97da5d3,,
7ead00b6-0670-46f7-8aee-8fbee8e288df,fdefefe4-9ec0-4d23-90de-6100d2fc937c,app_close,2026-04-22 05:48:55.488787,"{""type"":""app_close"",""run_id"":""0b722403-fc41-4a16-8585-0d04c97da5d3"",""reason"":""window_closed"",""app_version"":""1.3.2"",""timestamp"":""2026-04-22T05:48:55.4853515Z""}",2026-04-22T05:48:55.491361+00:00,0b722403-fc41-4a16-8585-0d04c97da5d3,,
fdcaa15f-a52f-48f2-81f0-d82e3195165c,fdefefe4-9ec0-4d23-90de-6100d2fc937c,app_launch,2026-04-22 06:01:50.188781,"{""type"":""app_launch"",""install_id"":""fdefefe4-9ec0-4d23-90de-6100d2fc937c"",""run_id"":""3c9910ad-b5bc-441a-a05f-09be757e66d6"",""app_version"":""1.3.2"",""timestamp"":""2026-04-22T06:01:49.8828705Z"",""windows_version"":""Microsoft Windows 10.0.26100"",""os_architecture"":""X64"",""dotnet_runtime_version"":"".NET 9.0.15"",""ram_bucket"":""16-32GB"",""cpu_core_bucket"":""5-8 Cores"",""screen_resolution_bucket"":""1366x768"",""build_number"":""1200"",""release_channel"":""production"",""first_run_at"":""2026-04-20T06:00:12.6046743Z"",""last_seen_at"":""2026-04-22T06:01:49.8884884Z"",""days_since_install"":""2"",""days_since_last_seen"":""0"",""country_setting"":""EG"",""currency_setting"":""USD"",""startup_time_bucket_ms"":""1000-2000"",""feature_flags"":[""new_checkout"",""tax_inclusive""],""last_update_prompt_at"":null,""last_update_installed_at"":null,""crash_count"":0,""internet_status"":true,""app_launched_count"":7}",2026-04-22T06:01:50.189642+00:00,3c9910ad-b5bc-441a-a05f-09be757e66d6,,
bed6f9db-938d-48a4-91c6-ef8cf95caadd,fdefefe4-9ec0-4d23-90de-6100d2fc937c,unclean_exit,2026-04-22 06:17:27.958699,"{""type"":""unclean_exit"",""run_id"":""3c9910ad-b5bc-441a-a05f-09be757e66d6"",""app_version"":""1.3.2"",""timestamp"":""2026-04-22T06:17:27.9585147Z"",""started_at"":""2026-04-22T08:01:50.1887752\u002B02:00"",""last_activity_at"":null,""last_activity_source"":null}",2026-04-22T06:17:27.984116+00:00,3c9910ad-b5bc-441a-a05f-09be757e66d6,,
cbd3ec64-8eca-4564-b4d9-dcb8f27772ca,fdefefe4-9ec0-4d23-90de-6100d2fc937c,app_launch,2026-04-22 06:24:26.647372,"{""type"":""app_launch"",""install_id"":""fdefefe4-9ec0-4d23-90de-6100d2fc937c"",""run_id"":""1f060ffa-3a66-4a95-82d8-720ab73d92a2"",""app_version"":""1.3.2"",""timestamp"":""2026-04-22T06:24:26.3554298Z"",""windows_version"":""Microsoft Windows 10.0.26100"",""os_architecture"":""X64"",""dotnet_runtime_version"":"".NET 9.0.15"",""ram_bucket"":""16-32GB"",""cpu_core_bucket"":""5-8 Cores"",""screen_resolution_bucket"":""1366x768"",""build_number"":""1200"",""release_channel"":""production"",""first_run_at"":""2026-04-20T06:00:12.6046743Z"",""last_seen_at"":""2026-04-22T06:24:26.3575946Z"",""days_since_install"":""2"",""days_since_last_seen"":""0"",""country_setting"":""EG"",""currency_setting"":""USD"",""startup_time_bucket_ms"":""1000-2000"",""feature_flags"":[""new_checkout"",""tax_inclusive""],""last_update_prompt_at"":null,""last_update_installed_at"":null,""crash_count"":0,""internet_status"":true,""app_launched_count"":10}",2026-04-22T06:24:26.647896+00:00,1f060ffa-3a66-4a95-82d8-720ab73d92a2,,
31355148-f19d-4465-8782-d4060dab182e,fdefefe4-9ec0-4d23-90de-6100d2fc937c,unclean_exit,2026-04-22 06:28:29.990063,"{""type"":""unclean_exit"",""run_id"":""1f060ffa-3a66-4a95-82d8-720ab73d92a2"",""app_version"":""1.3.2"",""timestamp"":""2026-04-22T06:28:29.9898554Z"",""started_at"":""2026-04-22T08:24:26.6473654\u002B02:00"",""last_activity_at"":""2026-04-22T08:25:37.0560977\u002B02:00"",""last_activity_source"":""sale_committed""}",2026-04-22T06:28:30.020965+00:00,1f060ffa-3a66-4a95-82d8-720ab73d92a2,2026-04-22T06:25:37.056098+00:00,sale_committed
51b9d5b4-63e5-45f5-8841-5de9830b38ed,fdefefe4-9ec0-4d23-90de-6100d2fc937c,app_launch,2026-04-22 05:50:48.260284,"{""type"":""app_launch"",""install_id"":""fdefefe4-9ec0-4d23-90de-6100d2fc937c"",""run_id"":""981fb9d7-3b3d-4039-96d3-765be6dd90c4"",""app_version"":""1.3.2"",""timestamp"":""2026-04-22T05:50:47.9451839Z"",""windows_version"":""Microsoft Windows 10.0.26100"",""os_architecture"":""X64"",""dotnet_runtime_version"":"".NET 9.0.15"",""ram_bucket"":""16-32GB"",""cpu_core_bucket"":""5-8 Cores"",""screen_resolution_bucket"":""1366x768"",""build_number"":""1200"",""release_channel"":""production"",""first_run_at"":""2026-04-20T06:00:12.6046743Z"",""last_seen_at"":""2026-04-22T05:50:47.9461474Z"",""days_since_install"":""2"",""days_since_last_seen"":""0"",""country_setting"":""NL"",""currency_setting"":""USD"",""startup_time_bucket_ms"":""1000-2000"",""feature_flags"":[""new_checkout"",""tax_inclusive""],""last_update_prompt_at"":null,""last_update_installed_at"":null,""crash_count"":0,""internet_status"":true,""app_launched_count"":5}",2026-04-22T05:50:48.269705+00:00,981fb9d7-3b3d-4039-96d3-765be6dd90c4,,
cc21bee4-de22-46a5-89ce-81b1df3c94e9,fdefefe4-9ec0-4d23-90de-6100d2fc937c,unclean_exit,2026-04-22 05:54:15.067971,"{""type"":""unclean_exit"",""run_id"":""981fb9d7-3b3d-4039-96d3-765be6dd90c4"",""app_version"":""1.3.2"",""timestamp"":""2026-04-22T05:54:15.0677092Z"",""started_at"":""2026-04-22T07:50:48.2602777\u002B02:00"",""last_activity_at"":null,""last_activity_source"":null}",2026-04-22T05:54:15.096193+00:00,981fb9d7-3b3d-4039-96d3-765be6dd90c4,,
6fcab6b3-28b9-40ff-bd1b-5d9c97f55ff1,fdefefe4-9ec0-4d23-90de-6100d2fc937c,app_launch,2026-04-22 05:54:18.188578,"{""type"":""app_launch"",""install_id"":""fdefefe4-9ec0-4d23-90de-6100d2fc937c"",""run_id"":""0d9dbc62-7338-4daf-bcaf-7a1c937ed8a7"",""app_version"":""1.3.2"",""timestamp"":""2026-04-22T05:54:17.6985491Z"",""windows_version"":""Microsoft Windows 10.0.26100"",""os_architecture"":""X64"",""dotnet_runtime_version"":"".NET 9.0.15"",""ram_bucket"":""16-32GB"",""cpu_core_bucket"":""5-8 Cores"",""screen_resolution_bucket"":""1366x768"",""build_number"":""1200"",""release_channel"":""production"",""first_run_at"":""2026-04-20T06:00:12.6046743Z"",""last_seen_at"":""2026-04-22T05:54:17.7000880Z"",""days_since_install"":""2"",""days_since_last_seen"":""0"",""country_setting"":""NL"",""currency_setting"":""USD"",""startup_time_bucket_ms"":""1000-2000"",""feature_flags"":[""new_checkout"",""tax_inclusive""],""last_update_prompt_at"":null,""last_update_installed_at"":null,""crash_count"":0,""internet_status"":true,""app_launched_count"":6}",2026-04-22T05:54:18.189167+00:00,0d9dbc62-7338-4daf-bcaf-7a1c937ed8a7,,
05b99360-fca6-43e5-90f7-7a6db0e7b14b,fdefefe4-9ec0-4d23-90de-6100d2fc937c,app_close,2026-04-22 12:04:25.217107,"{""type"":""app_close"",""run_id"":""da472790-1bb7-409c-a6dc-5c9baa8611c5"",""reason"":""window_closed"",""app_version"":""1.3.3"",""timestamp"":""2026-04-22T12:04:25.1647926Z""}",2026-04-22T12:04:25.223935+00:00,da472790-1bb7-409c-a6dc-5c9baa8611c5,,
1f53b963-db1a-4b25-a37d-a7a7b8215551,fdefefe4-9ec0-4d23-90de-6100d2fc937c,app_close,2026-04-21 13:42:49.977996,"{""type"":""app_close"",""run_id"":""6c34db83-2026-40e4-b7c5-9d0ecae7eb4b"",""reason"":""window_closed"",""app_version"":""1.3.3"",""timestamp"":""2026-04-21T13:42:49.9585634Z""}",2026-04-21T13:42:49.983932+00:00,6c34db83-2026-40e4-b7c5-9d0ecae7eb4b,,
a1dc1e5c-28a4-4c35-a71e-c2fb7aa20fdd,e3596e49-01f3-40e2-ae97-667b835e2e22,app_close,2026-04-24 19:02:21.051683,"{""type"":""app_close"",""reason"":""window_closed"",""app_version"":""1.3.2"",""timestamp"":""2026-04-24T19:02:21.0494934Z""}",2026-04-24T19:02:21.3807+00:00,,,
ac4a790d-1ec7-400d-bcfa-75a1ef75de69,fdefefe4-9ec0-4d23-90de-6100d2fc937c,app_launch,2026-04-22 06:28:32.028045,"{""type"":""app_launch"",""install_id"":""fdefefe4-9ec0-4d23-90de-6100d2fc937c"",""run_id"":""cd0c4dd4-9723-46e9-be5a-c0e719cb78ab"",""app_version"":""1.3.2"",""timestamp"":""2026-04-22T06:28:31.7699582Z"",""windows_version"":""Microsoft Windows 10.0.26100"",""os_architecture"":""X64"",""dotnet_runtime_version"":"".NET 9.0.15"",""ram_bucket"":""16-32GB"",""cpu_core_bucket"":""5-8 Cores"",""screen_resolution_bucket"":""1366x768"",""build_number"":""1200"",""release_channel"":""production"",""first_run_at"":""2026-04-20T06:00:12.6046743Z"",""last_seen_at"":""2026-04-22T06:28:31.7712658Z"",""days_since_install"":""2"",""days_since_last_seen"":""0"",""country_setting"":""EG"",""currency_setting"":""USD"",""startup_time_bucket_ms"":""1000-2000"",""feature_flags"":[""new_checkout"",""tax_inclusive""],""last_update_prompt_at"":null,""last_update_installed_at"":null,""crash_count"":0,""internet_status"":true,""app_launched_count"":11}",2026-04-22T06:28:32.02888+00:00,cd0c4dd4-9723-46e9-be5a-c0e719cb78ab,,
172d5bb3-9343-4a35-ab34-eae5c1181c65,fdefefe4-9ec0-4d23-90de-6100d2fc937c,unclean_exit,2026-04-22 06:01:47.907087,"{""type"":""unclean_exit"",""run_id"":""0d9dbc62-7338-4daf-bcaf-7a1c937ed8a7"",""app_version"":""1.3.2"",""timestamp"":""2026-04-22T06:01:47.9063661Z"",""started_at"":""2026-04-22T07:54:18.1885714\u002B02:00"",""last_activity_at"":null,""last_activity_source"":null}",2026-04-22T06:01:47.936345+00:00,0d9dbc62-7338-4daf-bcaf-7a1c937ed8a7,,
beb1a194-c862-49b2-8e24-addc8dce8eb8,fdefefe4-9ec0-4d23-90de-6100d2fc937c,app_launch,2026-04-21 14:53:15.219394,"{""type"":""app_launch"",""install_id"":""fdefefe4-9ec0-4d23-90de-6100d2fc937c"",""run_id"":""95e894fb-9ea3-4316-bb0d-f11529bd46a7"",""app_version"":""1.3.2"",""timestamp"":""2026-04-21T14:53:14.1282910Z"",""windows_version"":""Microsoft Windows 10.0.26100"",""os_architecture"":""X64"",""dotnet_runtime_version"":"".NET 9.0.15"",""ram_bucket"":""16-32GB"",""cpu_core_bucket"":""5-8 Cores"",""screen_resolution_bucket"":""1366x768"",""build_number"":""1200"",""release_channel"":""production"",""first_run_at"":""2026-04-20T06:00:12.6046743Z"",""last_seen_at"":""2026-04-21T14:53:14.1295993Z"",""days_since_install"":""1"",""days_since_last_seen"":""1"",""country_setting"":""EG"",""currency_setting"":""USD"",""startup_time_bucket_ms"":""1000-2000"",""feature_flags"":[""new_checkout"",""tax_inclusive""],""last_update_prompt_at"":null,""last_update_installed_at"":null,""crash_count"":0,""internet_status"":true,""app_launched_count"":2}",2026-04-21T14:53:15.225571+00:00,95e894fb-9ea3-4316-bb0d-f11529bd46a7,,
45fa76bd-d7ad-4026-b268-7a0ad4ad1418,fdefefe4-9ec0-4d23-90de-6100d2fc937c,unclean_exit,2026-04-21 14:56:00.368096,"{""type"":""unclean_exit"",""run_id"":""95e894fb-9ea3-4316-bb0d-f11529bd46a7"",""app_version"":""1.3.2"",""timestamp"":""2026-04-21T14:56:00.3677673Z"",""started_at"":""2026-04-21T16:53:15.2193742\u002B02:00"",""last_activity_at"":null,""last_activity_source"":null}",2026-04-21T14:56:00.416514+00:00,95e894fb-9ea3-4316-bb0d-f11529bd46a7,,
cf694594-b1d8-47f8-a750-7b9cc94b21fb,fdefefe4-9ec0-4d23-90de-6100d2fc937c,unclean_exit,2026-04-22 06:51:17.569782,"{""type"":""unclean_exit"",""run_id"":""cd0c4dd4-9723-46e9-be5a-c0e719cb78ab"",""app_version"":""1.3.3"",""timestamp"":""2026-04-22T06:51:17.5695822Z"",""started_at"":""2026-04-22T08:28:32.0280370\u002B02:00"",""last_activity_at"":null,""last_activity_source"":null}",2026-04-22T06:51:17.592636+00:00,cd0c4dd4-9723-46e9-be5a-c0e719cb78ab,,
ad96121a-c323-4db5-9b82-447a752a96e1,fdefefe4-9ec0-4d23-90de-6100d2fc937c,app_launch,2026-04-22 06:51:19.682752,"{""type"":""app_launch"",""install_id"":""fdefefe4-9ec0-4d23-90de-6100d2fc937c"",""run_id"":""8122d9c4-7088-4294-a78a-b57a6cc5085b"",""app_version"":""1.3.3"",""timestamp"":""2026-04-22T06:51:19.4383055Z"",""windows_version"":""Microsoft Windows 10.0.26100"",""os_architecture"":""X64"",""dotnet_runtime_version"":"".NET 9.0.15"",""ram_bucket"":""16-32GB"",""cpu_core_bucket"":""5-8 Cores"",""screen_resolution_bucket"":""1366x768"",""build_number"":""1200"",""release_channel"":""production"",""first_run_at"":""2026-04-20T06:00:12.6046743Z"",""last_seen_at"":""2026-04-22T06:51:19.4393366Z"",""days_since_install"":""2"",""days_since_last_seen"":""0"",""country_setting"":""EG"",""currency_setting"":""USD"",""startup_time_bucket_ms"":""1000-2000"",""feature_flags"":[""new_checkout"",""tax_inclusive""],""last_update_prompt_at"":null,""last_update_installed_at"":null,""crash_count"":0,""internet_status"":true,""app_launched_count"":12}",2026-04-22T06:51:19.683014+00:00,8122d9c4-7088-4294-a78a-b57a6cc5085b,,
e84658c4-66a5-436c-831d-ea73591d5852,fdefefe4-9ec0-4d23-90de-6100d2fc937c,app_close,2026-04-22 06:53:02.435463,"{""type"":""app_close"",""run_id"":""8122d9c4-7088-4294-a78a-b57a6cc5085b"",""reason"":""window_closed"",""app_version"":""1.3.3"",""timestamp"":""2026-04-22T06:53:02.4323079Z""}",2026-04-22T06:53:02.438317+00:00,8122d9c4-7088-4294-a78a-b57a6cc5085b,,
e20ebb80-9470-4b47-a850-591efaa69998,fdefefe4-9ec0-4d23-90de-6100d2fc937c,app_launch,2026-04-22 07:01:58.325768,"{""type"":""app_launch"",""install_id"":""fdefefe4-9ec0-4d23-90de-6100d2fc937c"",""run_id"":""bcd97fe6-794e-4e65-8a46-35b64beb0dd7"",""app_version"":""1.3.3"",""timestamp"":""2026-04-22T07:01:57.9927399Z"",""windows_version"":""Microsoft Windows 10.0.26100"",""os_architecture"":""X64"",""dotnet_runtime_version"":"".NET 9.0.15"",""ram_bucket"":""16-32GB"",""cpu_core_bucket"":""5-8 Cores"",""screen_resolution_bucket"":""1366x768"",""build_number"":""1200"",""release_channel"":""production"",""first_run_at"":""2026-04-20T06:00:12.6046743Z"",""last_seen_at"":""2026-04-22T07:01:57.9947224Z"",""days_since_install"":""2"",""days_since_last_seen"":""0"",""country_setting"":""EG"",""currency_setting"":""USD"",""startup_time_bucket_ms"":""1000-2000"",""feature_flags"":[""new_checkout"",""tax_inclusive""],""last_update_prompt_at"":null,""last_update_installed_at"":null,""crash_count"":0,""internet_status"":true,""app_launched_count"":13}",2026-04-22T07:01:58.330793+00:00,bcd97fe6-794e-4e65-8a46-35b64beb0dd7,,
7883e797-f1ea-4317-b071-39c537d13ed7,fdefefe4-9ec0-4d23-90de-6100d2fc937c,unclean_exit,2026-04-22 08:28:51.612830,"{""type"":""unclean_exit"",""run_id"":""bcd97fe6-794e-4e65-8a46-35b64beb0dd7"",""app_version"":""1.3.3"",""timestamp"":""2026-04-22T08:28:51.6126625Z"",""started_at"":""2026-04-22T09:01:58.3257633\u002B02:00"",""last_activity_at"":null,""last_activity_source"":null}",2026-04-22T08:28:51.63095+00:00,bcd97fe6-794e-4e65-8a46-35b64beb0dd7,,
2c5edf0a-30b7-4305-b02b-4860c96bd4dc,fdefefe4-9ec0-4d23-90de-6100d2fc937c,app_launch,2026-04-22 08:28:54.388390,"{""type"":""app_launch"",""install_id"":""fdefefe4-9ec0-4d23-90de-6100d2fc937c"",""run_id"":""b97e7d26-4f78-41ce-a3f5-f15f92f236db"",""app_version"":""1.3.3"",""timestamp"":""2026-04-22T08:28:53.4166561Z"",""windows_version"":""Microsoft Windows 10.0.26100"",""os_architecture"":""X64"",""dotnet_runtime_version"":"".NET 9.0.15"",""ram_bucket"":""16-32GB"",""cpu_core_bucket"":""5-8 Cores"",""screen_resolution_bucket"":""1366x768"",""build_number"":""1200"",""release_channel"":""production"",""first_run_at"":""2026-04-20T06:00:12.6046743Z"",""last_seen_at"":""2026-04-22T08:28:53.4181595Z"",""days_since_install"":""2"",""days_since_last_seen"":""0"",""country_setting"":""EG"",""currency_setting"":""USD"",""startup_time_bucket_ms"":""1000-2000"",""feature_flags"":[""new_checkout"",""tax_inclusive""],""last_update_prompt_at"":null,""last_update_installed_at"":null,""crash_count"":0,""internet_status"":true,""app_launched_count"":14}",2026-04-22T08:28:54.38928+00:00,b97e7d26-4f78-41ce-a3f5-f15f92f236db,,
1363aaad-5579-44eb-bcb7-8ae7abd8e5af,fdefefe4-9ec0-4d23-90de-6100d2fc937c,app_launch,2026-04-22 08:38:07.637486,"{""type"":""app_launch"",""install_id"":""fdefefe4-9ec0-4d23-90de-6100d2fc937c"",""run_id"":""549cab21-f10e-4d64-9cdb-4ddc421909a1"",""app_version"":""1.3.3"",""timestamp"":""2026-04-22T08:38:06.8780178Z"",""windows_version"":""Microsoft Windows 10.0.26100"",""os_architecture"":""X64"",""dotnet_runtime_version"":"".NET 9.0.15"",""ram_bucket"":""16-32GB"",""cpu_core_bucket"":""5-8 Cores"",""screen_resolution_bucket"":""1366x768"",""build_number"":""1200"",""release_channel"":""production"",""first_run_at"":""2026-04-20T06:00:12.6046743Z"",""last_seen_at"":""2026-04-22T08:38:06.8790061Z"",""days_since_install"":""2"",""days_since_last_seen"":""0"",""country_setting"":""EG"",""currency_setting"":""USD"",""startup_time_bucket_ms"":""1000-2000"",""feature_flags"":[""new_checkout"",""tax_inclusive""],""last_update_prompt_at"":null,""last_update_installed_at"":null,""crash_count"":2,""internet_status"":true,""app_launched_count"":15}",2026-04-22T08:38:07.642842+00:00,549cab21-f10e-4d64-9cdb-4ddc421909a1,,
d2cb768e-dc8f-4854-8465-ac68a0558e66,f6f42705-1953-4bec-a294-e4a8668a1868,app_close,2026-04-22 13:21:13.423491,"{""type"":""app_close"",""reason"":""window_closed"",""app_version"":""1.3.2"",""timestamp"":""2026-04-22T13:21:13.4199373Z""}",2026-04-22T13:21:13.433055+00:00,,,
5618b9c5-4118-4c68-9d2a-4998c525bda5,fdefefe4-9ec0-4d23-90de-6100d2fc937c,time_warning_ignored,2026-04-21 13:45:55.102392,"{""local_time"":""2026-04-21T13:45:55.0976021Z""}",2026-04-21T13:45:55.138728+00:00,,,
f6a76485-0708-4143-a750-891ab247464e,fdefefe4-9ec0-4d23-90de-6100d2fc937c,app_launch,2026-04-22 08:51:29.701950,"{""type"":""app_launch"",""install_id"":""fdefefe4-9ec0-4d23-90de-6100d2fc937c"",""run_id"":""da472790-1bb7-409c-a6dc-5c9baa8611c5"",""app_version"":""1.3.3"",""timestamp"":""2026-04-22T08:51:29.3222279Z"",""windows_version"":""Microsoft Windows 10.0.26100"",""os_architecture"":""X64"",""dotnet_runtime_version"":"".NET 9.0.15"",""ram_bucket"":""16-32GB"",""cpu_core_bucket"":""5-8 Cores"",""screen_resolution_bucket"":""1366x768"",""build_number"":""1200"",""release_channel"":""production"",""first_run_at"":""2026-04-20T06:00:12.6046743Z"",""last_seen_at"":""2026-04-22T08:51:29.3239736Z"",""days_since_install"":""2"",""days_since_last_seen"":""0"",""country_setting"":""EG"",""currency_setting"":""USD"",""startup_time_bucket_ms"":""1000-2000"",""feature_flags"":[""new_checkout"",""tax_inclusive""],""last_update_prompt_at"":null,""last_update_installed_at"":null,""crash_count"":4,""internet_status"":true,""app_launched_count"":18}",2026-04-22T08:51:29.709434+00:00,da472790-1bb7-409c-a6dc-5c9baa8611c5,,
26d19024-3c79-4e96-989e-740930c94b43,fcfc2ef3-95ad-482c-8490-c72b794fa5bd,app_launch,2026-04-22 11:13:28.821222,"{""type"":""app_launch"",""install_id"":""fcfc2ef3-95ad-482c-8490-c72b794fa5bd"",""app_version"":""1.3.2"",""timestamp"":""2026-04-22T11:13:28.5080906Z"",""windows_version"":""Microsoft Windows 10.0.19045"",""os_architecture"":""X64"",""dotnet_runtime_version"":"".NET 8.0.26"",""ram_bucket"":""4-8GB"",""cpu_core_bucket"":""3-4 Cores"",""screen_resolution_bucket"":""1920x1080"",""build_number"":""1200"",""release_channel"":""production"",""first_run_at"":""2026-04-13T12:50:27.4441096Z"",""last_seen_at"":""2026-04-22T11:13:28.5092065Z"",""days_since_install"":""9"",""days_since_last_seen"":""0"",""country_setting"":""PH"",""currency_setting"":""PHP"",""startup_time_bucket_ms"":""1000-2000"",""feature_flags"":[""new_checkout"",""tax_inclusive""],""last_update_prompt_at"":null,""last_update_installed_at"":null,""crash_count"":0,""internet_status"":true,""app_launched_count"":1}",2026-04-22T11:13:28.827129+00:00,,,
5b1c33b6-435a-471b-b198-e71d9eba20ea,fdefefe4-9ec0-4d23-90de-6100d2fc937c,app_launch,2026-04-22 12:06:01.074458,"{""type"":""app_launch"",""install_id"":""fdefefe4-9ec0-4d23-90de-6100d2fc937c"",""run_id"":""922e64b3-c5c2-4832-928e-acc301e95ade"",""app_version"":""1.3.3"",""timestamp"":""2026-04-22T12:06:00.7218695Z"",""windows_version"":""Microsoft Windows 10.0.26100"",""os_architecture"":""X64"",""dotnet_runtime_version"":"".NET 9.0.15"",""ram_bucket"":""16-32GB"",""cpu_core_bucket"":""5-8 Cores"",""screen_resolution_bucket"":""1366x768"",""build_number"":""1200"",""release_channel"":""production"",""first_run_at"":""2026-04-20T06:00:12.6046743Z"",""last_seen_at"":""2026-04-22T12:06:00.7230298Z"",""days_since_install"":""2"",""days_since_last_seen"":""0"",""country_setting"":""EG"",""currency_setting"":""USD"",""startup_time_bucket_ms"":""1000-2000"",""feature_flags"":[""new_checkout"",""tax_inclusive""],""last_update_prompt_at"":null,""last_update_installed_at"":null,""crash_count"":4,""internet_status"":true,""app_launched_count"":19}",2026-04-22T12:06:01.081426+00:00,922e64b3-c5c2-4832-928e-acc301e95ade,,
bfa36ce5-a069-4405-b393-9a2acbdb4894,f6f42705-1953-4bec-a294-e4a8668a1868,app_launch,2026-04-22 13:19:58.569814,"{""type"":""app_launch"",""install_id"":""f6f42705-1953-4bec-a294-e4a8668a1868"",""app_version"":""1.3.2"",""timestamp"":""2026-04-22T13:19:58.3424973Z"",""windows_version"":""Microsoft Windows 10.0.19045"",""os_architecture"":""X64"",""dotnet_runtime_version"":"".NET 8.0.26"",""ram_bucket"":""4-8GB"",""cpu_core_bucket"":""1-2 Cores"",""screen_resolution_bucket"":""1920x1080"",""build_number"":""1200"",""release_channel"":""production"",""first_run_at"":""2026-04-11T17:19:07.8760136Z"",""last_seen_at"":""2026-04-22T13:19:58.3450795Z"",""days_since_install"":""11"",""days_since_last_seen"":""0"",""country_setting"":""NG"",""currency_setting"":""NGN"",""startup_time_bucket_ms"":""1000-2000"",""feature_flags"":[""new_checkout"",""tax_inclusive""],""last_update_prompt_at"":null,""last_update_installed_at"":null,""crash_count"":1,""internet_status"":true,""app_launched_count"":3}",2026-04-22T13:19:58.580803+00:00,,,
98a4a0b8-ddfa-4e30-adb9-a22b746c71a7,f6f42705-1953-4bec-a294-e4a8668a1868,app_launch,2026-04-22 13:21:18.725006,"{""type"":""app_launch"",""install_id"":""f6f42705-1953-4bec-a294-e4a8668a1868"",""app_version"":""1.3.2"",""timestamp"":""2026-04-22T13:21:18.4874624Z"",""windows_version"":""Microsoft Windows 10.0.19045"",""os_architecture"":""X64"",""dotnet_runtime_version"":"".NET 8.0.26"",""ram_bucket"":""4-8GB"",""cpu_core_bucket"":""1-2 Cores"",""screen_resolution_bucket"":""1920x1080"",""build_number"":""1200"",""release_channel"":""production"",""first_run_at"":""2026-04-11T17:19:07.8760136Z"",""last_seen_at"":""2026-04-22T13:21:18.4886372Z"",""days_since_install"":""11"",""days_since_last_seen"":""0"",""country_setting"":""NG"",""currency_setting"":""NGN"",""startup_time_bucket_ms"":""1000-2000"",""feature_flags"":[""new_checkout"",""tax_inclusive""],""last_update_prompt_at"":null,""last_update_installed_at"":null,""crash_count"":1,""internet_status"":true,""app_launched_count"":4}",2026-04-22T13:21:18.741011+00:00,,,
89c940d5-3594-4883-9866-9b2251b6bd87,fdefefe4-9ec0-4d23-90de-6100d2fc937c,unclean_exit,2026-04-22 13:29:53.407988,"{""type"":""unclean_exit"",""run_id"":""922e64b3-c5c2-4832-928e-acc301e95ade"",""app_version"":""1.3.3"",""timestamp"":""2026-04-22T13:29:53.4078335Z"",""started_at"":""2026-04-22T14:06:01.0744514\u002B02:00"",""last_activity_at"":null,""last_activity_source"":null}",2026-04-22T13:29:53.434419+00:00,922e64b3-c5c2-4832-928e-acc301e95ade,,
83ac1789-ffe7-4323-bc87-e65085215352,fdefefe4-9ec0-4d23-90de-6100d2fc937c,app_launch,2026-04-22 13:29:53.429290,"{""type"":""app_launch"",""install_id"":""fdefefe4-9ec0-4d23-90de-6100d2fc937c"",""run_id"":""e80ef29d-9a5f-433a-b569-217c4a0cbde0"",""app_version"":""1.3.3"",""timestamp"":""2026-04-22T13:29:53.4292905Z"",""app_launched_count"":20}",2026-04-22T13:29:53.613338+00:00,e80ef29d-9a5f-433a-b569-217c4a0cbde0,,
98d9b3ac-b380-4303-b4bc-c1b37d104364,fdefefe4-9ec0-4d23-90de-6100d2fc937c,unclean_exit,2026-04-21 13:29:59.173670,"{""type"":""unclean_exit"",""run_id"":""e80ef29d-9a5f-433a-b569-217c4a0cbde0"",""app_version"":""1.3.3"",""timestamp"":""2026-04-21T13:29:59.1734836Z"",""started_at"":""2026-04-22T15:29:53.4292905\u002B02:00"",""last_activity_at"":null,""last_activity_source"":null}",2026-04-21T13:29:59.200791+00:00,e80ef29d-9a5f-433a-b569-217c4a0cbde0,,
aaade753-f6fd-46ce-8d9a-b3763be0966e,fdefefe4-9ec0-4d23-90de-6100d2fc937c,app_launch,2026-04-21 13:29:59.195617,"{""type"":""app_launch"",""install_id"":""fdefefe4-9ec0-4d23-90de-6100d2fc937c"",""run_id"":""6c34db83-2026-40e4-b7c5-9d0ecae7eb4b"",""app_version"":""1.3.3"",""timestamp"":""2026-04-21T13:29:59.1956167Z"",""app_launched_count"":21}",2026-04-21T13:29:59.368508+00:00,6c34db83-2026-40e4-b7c5-9d0ecae7eb4b,,
c463216a-0afd-4506-97a9-eae882564957,fdefefe4-9ec0-4d23-90de-6100d2fc937c,app_launch,2026-04-21 13:43:44.258670,"{""type"":""app_launch"",""install_id"":""fdefefe4-9ec0-4d23-90de-6100d2fc937c"",""run_id"":""f92be4c7-7e38-4d57-a2aa-530a4b4c2092"",""app_version"":""1.3.3"",""timestamp"":""2026-04-21T13:43:44.2586696Z"",""app_launched_count"":22}",2026-04-21T13:43:44.275716+00:00,f92be4c7-7e38-4d57-a2aa-530a4b4c2092,,
c55b2126-ada3-4d12-a54f-c09c328a8850,fdefefe4-9ec0-4d23-90de-6100d2fc937c,app_close,2026-04-22 14:01:59.194145,"{""type"":""app_close"",""run_id"":""f92be4c7-7e38-4d57-a2aa-530a4b4c2092"",""reason"":""window_closed"",""app_version"":""1.3.3"",""timestamp"":""2026-04-22T14:01:59.0775413Z""}",2026-04-22T14:01:59.199855+00:00,f92be4c7-7e38-4d57-a2aa-530a4b4c2092,,
1f83e63c-896f-4ae9-b9d7-b21ec96a4054,fdefefe4-9ec0-4d23-90de-6100d2fc937c,app_launch,2026-04-22 14:29:25.521063,"{""type"":""app_launch"",""install_id"":""fdefefe4-9ec0-4d23-90de-6100d2fc937c"",""run_id"":""63b3814f-6c37-4862-8fae-b60be6612c4b"",""app_version"":""1.3.3"",""timestamp"":""2026-04-22T14:29:25.5210629Z"",""app_launched_count"":23}",2026-04-22T14:29:25.538522+00:00,63b3814f-6c37-4862-8fae-b60be6612c4b,,
1c527af8-a1d2-413a-9b89-cb8bb3066c42,fdefefe4-9ec0-4d23-90de-6100d2fc937c,app_close,2026-04-22 14:31:13.307547,"{""type"":""app_close"",""run_id"":""63b3814f-6c37-4862-8fae-b60be6612c4b"",""reason"":""window_closed"",""app_version"":""1.3.3"",""timestamp"":""2026-04-22T14:31:13.3041717Z""}",2026-04-22T14:31:13.313655+00:00,63b3814f-6c37-4862-8fae-b60be6612c4b,,
2e2ba25f-04b9-4f28-9aeb-ad088a51beb7,fdefefe4-9ec0-4d23-90de-6100d2fc937c,app_launch,2026-04-22 14:36:38.258293,"{""type"":""app_launch"",""install_id"":""fdefefe4-9ec0-4d23-90de-6100d2fc937c"",""run_id"":""6312a1ac-cf6e-4147-a552-eb2da40d4a31"",""app_version"":""1.3.3"",""timestamp"":""2026-04-22T14:36:38.2582932Z"",""app_launched_count"":24}",2026-04-22T14:36:38.277805+00:00,6312a1ac-cf6e-4147-a552-eb2da40d4a31,,
cd257baa-35fb-45bc-adff-31261f8241cc,fdefefe4-9ec0-4d23-90de-6100d2fc937c,unclean_exit,2026-04-22 14:49:23.327076,"{""type"":""unclean_exit"",""run_id"":""6312a1ac-cf6e-4147-a552-eb2da40d4a31"",""app_version"":""1.3.3"",""timestamp"":""2026-04-22T14:49:23.3269054Z"",""started_at"":""2026-04-22T16:36:38.2582932\u002B02:00"",""last_activity_at"":null,""last_activity_source"":null}",2026-04-22T14:49:23.352168+00:00,6312a1ac-cf6e-4147-a552-eb2da40d4a31,,
256ee841-b649-462e-b3ed-7be3f723bdb3,fdefefe4-9ec0-4d23-90de-6100d2fc937c,app_launch,2026-04-22 14:49:23.348943,"{""type"":""app_launch"",""install_id"":""fdefefe4-9ec0-4d23-90de-6100d2fc937c"",""run_id"":""95728fca-007c-4c42-8f67-072e800b8741"",""app_version"":""1.3.3"",""timestamp"":""2026-04-22T14:49:23.3489432Z"",""app_launched_count"":25}",2026-04-22T14:49:23.544545+00:00,95728fca-007c-4c42-8f67-072e800b8741,,
39bf93a6-d507-4045-b4f2-b5bf589e7df5,fdefefe4-9ec0-4d23-90de-6100d2fc937c,unclean_exit,2026-04-22 15:13:29.406882,"{""type"":""unclean_exit"",""run_id"":""95728fca-007c-4c42-8f67-072e800b8741"",""app_version"":""1.3.3"",""timestamp"":""2026-04-22T15:13:29.4066564Z"",""started_at"":""2026-04-22T16:49:23.3489432\u002B02:00"",""last_activity_at"":null,""last_activity_source"":null}",2026-04-22T15:13:29.438075+00:00,95728fca-007c-4c42-8f67-072e800b8741,,
28a2dedf-67f3-4df1-bfd5-466c2eb50357,fdefefe4-9ec0-4d23-90de-6100d2fc937c,app_launch,2026-04-22 15:13:29.433583,"{""type"":""app_launch"",""install_id"":""fdefefe4-9ec0-4d23-90de-6100d2fc937c"",""run_id"":""deade667-9438-4af2-b4b8-7ba60a312376"",""app_version"":""1.3.3"",""timestamp"":""2026-04-22T15:13:29.4335826Z"",""app_launched_count"":26}",2026-04-22T15:13:29.954848+00:00,deade667-9438-4af2-b4b8-7ba60a312376,,
bd85376b-222a-4d05-a459-bf325da480fa,fdefefe4-9ec0-4d23-90de-6100d2fc937c,app_close,2026-04-22 15:13:44.823716,"{""type"":""app_close"",""run_id"":""deade667-9438-4af2-b4b8-7ba60a312376"",""reason"":""window_closed"",""app_version"":""1.3.3"",""timestamp"":""2026-04-22T15:13:44.8194350Z""}",2026-04-22T15:13:44.838106+00:00,deade667-9438-4af2-b4b8-7ba60a312376,,
e3a08074-1967-402f-8199-6538aff9a67a,fdefefe4-9ec0-4d23-90de-6100d2fc937c,app_launch,2026-04-22 15:31:20.034837,"{""type"":""app_launch"",""install_id"":""fdefefe4-9ec0-4d23-90de-6100d2fc937c"",""run_id"":""d7a803e8-62ed-4390-be29-d14131aae1a7"",""app_version"":""1.3.3"",""timestamp"":""2026-04-22T15:31:20.0348374Z"",""app_launched_count"":27}",2026-04-22T15:31:20.054006+00:00,d7a803e8-62ed-4390-be29-d14131aae1a7,,
0f9c34db-b7b8-433b-b15e-5427ade6d509,fdefefe4-9ec0-4d23-90de-6100d2fc937c,unclean_exit,2026-04-22 15:56:07.577556,"{""type"":""unclean_exit"",""run_id"":""d7a803e8-62ed-4390-be29-d14131aae1a7"",""app_version"":""1.3.3"",""timestamp"":""2026-04-22T15:56:07.5773416Z"",""started_at"":""2026-04-22T17:31:20.0348374\u002B02:00"",""last_activity_at"":null,""last_activity_source"":null}",2026-04-22T15:56:07.606046+00:00,d7a803e8-62ed-4390-be29-d14131aae1a7,,
9623e921-da72-46c5-9f09-7e0c35256081,fdefefe4-9ec0-4d23-90de-6100d2fc937c,app_launch,2026-04-22 15:56:07.600505,"{""type"":""app_launch"",""install_id"":""fdefefe4-9ec0-4d23-90de-6100d2fc937c"",""run_id"":""929ce5b1-57fd-4821-9013-b1e93c157c81"",""app_version"":""1.3.3"",""timestamp"":""2026-04-22T15:56:07.6005054Z"",""app_launched_count"":28}",2026-04-22T15:56:07.779737+00:00,929ce5b1-57fd-4821-9013-b1e93c157c81,,
8c309aa5-64b9-45ea-8724-1ad454acb88f,fdefefe4-9ec0-4d23-90de-6100d2fc937c,unclean_exit,2026-04-22 16:07:58.267558,"{""type"":""unclean_exit"",""run_id"":""929ce5b1-57fd-4821-9013-b1e93c157c81"",""app_version"":""1.3.3"",""timestamp"":""2026-04-22T16:07:58.2673269Z"",""started_at"":""2026-04-22T17:56:07.6005054\u002B02:00"",""last_activity_at"":null,""last_activity_source"":null}",2026-04-22T16:07:58.29675+00:00,929ce5b1-57fd-4821-9013-b1e93c157c81,,
7fc792a8-9973-406f-aee8-876c734bc812,fdefefe4-9ec0-4d23-90de-6100d2fc937c,app_launch,2026-04-22 16:07:58.291270,"{""type"":""app_launch"",""install_id"":""fdefefe4-9ec0-4d23-90de-6100d2fc937c"",""run_id"":""18c5c6a7-9768-4d92-be3b-091948016888"",""app_version"":""1.3.3"",""timestamp"":""2026-04-22T16:07:58.2912700Z"",""app_launched_count"":29}",2026-04-22T16:07:58.477836+00:00,18c5c6a7-9768-4d92-be3b-091948016888,,
139863c0-2ee0-49c3-ba08-1690e32cc3e9,fdefefe4-9ec0-4d23-90de-6100d2fc937c,app_close,2026-04-22 16:24:35.591847,"{""type"":""app_close"",""run_id"":""18c5c6a7-9768-4d92-be3b-091948016888"",""reason"":""window_closed"",""app_version"":""1.3.3"",""timestamp"":""2026-04-22T16:24:35.5716887Z""}",2026-04-22T16:24:35.597246+00:00,18c5c6a7-9768-4d92-be3b-091948016888,,
75321932-9a62-4c0f-8caa-c5322862ae79,fdefefe4-9ec0-4d23-90de-6100d2fc937c,app_launch,2026-04-22 16:40:50.267685,"{""type"":""app_launch"",""install_id"":""fdefefe4-9ec0-4d23-90de-6100d2fc937c"",""run_id"":""cff1206c-d04d-4591-b594-a685572e440f"",""app_version"":""1.3.3"",""timestamp"":""2026-04-22T16:40:50.2676851Z"",""app_launched_count"":30}",2026-04-22T16:40:50.287334+00:00,cff1206c-d04d-4591-b594-a685572e440f,,
54037b62-d407-42fc-b397-ba77b2103cba,fdefefe4-9ec0-4d23-90de-6100d2fc937c,app_close,2026-04-22 16:41:30.128239,"{""type"":""app_close"",""run_id"":""cff1206c-d04d-4591-b594-a685572e440f"",""reason"":""window_closed"",""app_version"":""1.3.3"",""timestamp"":""2026-04-22T16:41:30.1119392Z""}",2026-04-22T16:41:30.132455+00:00,cff1206c-d04d-4591-b594-a685572e440f,,
2d4edd81-0b04-44b8-ae89-95f252068854,fdefefe4-9ec0-4d23-90de-6100d2fc937c,app_launch,2026-04-23 00:48:25.508962,"{""type"":""app_launch"",""install_id"":""fdefefe4-9ec0-4d23-90de-6100d2fc937c"",""run_id"":""45fe8ff7-1032-4d27-9109-eda9238d63a9"",""app_version"":""1.3.3"",""timestamp"":""2026-04-23T00:48:25.5089623Z"",""app_launched_count"":31}",2026-04-23T00:48:25.53178+00:00,45fe8ff7-1032-4d27-9109-eda9238d63a9,,
edb4934e-deb3-4edf-88b3-20af9a5e02c9,fdefefe4-9ec0-4d23-90de-6100d2fc937c,unclean_exit,2026-04-23 00:49:02.330362,"{""type"":""unclean_exit"",""run_id"":""45fe8ff7-1032-4d27-9109-eda9238d63a9"",""app_version"":""1.3.3"",""timestamp"":""2026-04-23T00:49:02.3300569Z"",""started_at"":""2026-04-23T02:48:25.5089623\u002B02:00"",""last_activity_at"":null,""last_activity_source"":null}",2026-04-23T00:49:02.356438+00:00,45fe8ff7-1032-4d27-9109-eda9238d63a9,,
1522053d-eaa4-49cd-80bc-5cb58c4e4d46,fdefefe4-9ec0-4d23-90de-6100d2fc937c,app_launch,2026-04-23 00:49:02.352467,"{""type"":""app_launch"",""install_id"":""fdefefe4-9ec0-4d23-90de-6100d2fc937c"",""run_id"":""461b32e3-3120-48d4-b8a9-ea8b42db2ced"",""app_version"":""1.3.3"",""timestamp"":""2026-04-23T00:49:02.3524668Z"",""app_launched_count"":32}",2026-04-23T00:49:02.535127+00:00,461b32e3-3120-48d4-b8a9-ea8b42db2ced,,
869af4b9-a9a1-4d09-82b5-680c948e3e86,fdefefe4-9ec0-4d23-90de-6100d2fc937c,app_close,2026-04-23 00:50:20.384609,"{""type"":""app_close"",""run_id"":""461b32e3-3120-48d4-b8a9-ea8b42db2ced"",""reason"":""window_closed"",""app_version"":""1.3.3"",""timestamp"":""2026-04-23T00:50:20.3814805Z""}",2026-04-23T00:50:20.389076+00:00,461b32e3-3120-48d4-b8a9-ea8b42db2ced,,
f96a5455-4cfc-416d-b11f-34c4bef7a7b8,fdefefe4-9ec0-4d23-90de-6100d2fc937c,app_launch,2026-04-23 00:50:57.753488,"{""type"":""app_launch"",""install_id"":""fdefefe4-9ec0-4d23-90de-6100d2fc937c"",""run_id"":""75237995-c266-489c-8337-88fbe9aebced"",""app_version"":""1.3.3"",""timestamp"":""2026-04-23T00:50:57.7534878Z"",""app_launched_count"":33}",2026-04-23T00:50:57.769333+00:00,75237995-c266-489c-8337-88fbe9aebced,,
50986763-f8d1-42f3-8bde-516527df758a,fdefefe4-9ec0-4d23-90de-6100d2fc937c,unclean_exit,2026-04-23 02:05:17.131380,"{""type"":""unclean_exit"",""run_id"":""75237995-c266-489c-8337-88fbe9aebced"",""app_version"":""1.3.3"",""timestamp"":""2026-04-23T02:05:17.1311691Z"",""started_at"":""2026-04-23T02:50:57.7534878\u002B02:00"",""last_activity_at"":""2026-04-23T02:54:13.5283450\u002B02:00"",""last_activity_source"":""sale_committed""}",2026-04-23T02:05:17.152069+00:00,75237995-c266-489c-8337-88fbe9aebced,2026-04-23T00:54:13.528345+00:00,sale_committed
64e36b67-3768-46d4-970a-0e8d3bf866ee,fdefefe4-9ec0-4d23-90de-6100d2fc937c,app_launch,2026-04-23 02:05:17.152773,"{""type"":""app_launch"",""install_id"":""fdefefe4-9ec0-4d23-90de-6100d2fc937c"",""run_id"":""70bbba8a-2351-4216-a50d-dc373f089aee"",""app_version"":""1.3.3"",""timestamp"":""2026-04-23T02:05:17.1527731Z"",""app_launched_count"":34}",2026-04-23T02:05:17.329402+00:00,70bbba8a-2351-4216-a50d-dc373f089aee,,
326fe41d-b9cd-422c-a641-e462d43ca59c,fdefefe4-9ec0-4d23-90de-6100d2fc937c,unclean_exit,2026-04-23 02:35:56.785060,"{""type"":""unclean_exit"",""run_id"":""70bbba8a-2351-4216-a50d-dc373f089aee"",""app_version"":""1.3.3"",""timestamp"":""2026-04-23T02:35:56.7846401Z"",""started_at"":""2026-04-23T04:05:17.1527731\u002B02:00"",""last_activity_at"":""2026-04-23T04:05:37.0822252\u002B02:00"",""last_activity_source"":""sale_committed""}",2026-04-23T02:35:56.810924+00:00,70bbba8a-2351-4216-a50d-dc373f089aee,2026-04-23T02:05:37.082225+00:00,sale_committed
d53734a1-83b8-417d-ab95-ff08696a2d5f,fdefefe4-9ec0-4d23-90de-6100d2fc937c,app_launch,2026-04-23 02:35:56.808998,"{""type"":""app_launch"",""install_id"":""fdefefe4-9ec0-4d23-90de-6100d2fc937c"",""run_id"":""ed0abc58-a462-41da-a0a7-2e84583d3b7a"",""app_version"":""1.3.3"",""timestamp"":""2026-04-23T02:35:56.8089977Z"",""app_launched_count"":35}",2026-04-23T02:35:57.048803+00:00,ed0abc58-a462-41da-a0a7-2e84583d3b7a,,
53720027-8813-4c30-a4e0-ecb0900d37ef,fdefefe4-9ec0-4d23-90de-6100d2fc937c,unclean_exit,2026-04-23 03:11:07.390873,"{""type"":""unclean_exit"",""run_id"":""ed0abc58-a462-41da-a0a7-2e84583d3b7a"",""app_version"":""1.3.3"",""timestamp"":""2026-04-23T03:11:07.3895774Z"",""started_at"":""2026-04-23T04:35:56.8089977\u002B02:00"",""last_activity_at"":null,""last_activity_source"":null}",2026-04-23T03:11:07.418938+00:00,ed0abc58-a462-41da-a0a7-2e84583d3b7a,,
2037b007-786c-4366-9ba0-82d87ce8a6c3,fdefefe4-9ec0-4d23-90de-6100d2fc937c,app_launch,2026-04-23 03:11:07.416001,"{""type"":""app_launch"",""install_id"":""fdefefe4-9ec0-4d23-90de-6100d2fc937c"",""run_id"":""acaf2290-3ea7-4b89-aaf5-8bffc6cd7ea5"",""app_version"":""1.3.3"",""timestamp"":""2026-04-23T03:11:07.4160007Z"",""app_launched_count"":36}",2026-04-23T03:11:07.588489+00:00,acaf2290-3ea7-4b89-aaf5-8bffc6cd7ea5,,
7a96d9a4-5f2a-4975-935c-f58edc4014c5,fdefefe4-9ec0-4d23-90de-6100d2fc937c,unclean_exit,2026-04-23 03:40:12.683295,"{""type"":""unclean_exit"",""run_id"":""acaf2290-3ea7-4b89-aaf5-8bffc6cd7ea5"",""app_version"":""1.3.3"",""timestamp"":""2026-04-23T03:40:12.6830669Z"",""started_at"":""2026-04-23T05:11:07.4160007\u002B02:00"",""last_activity_at"":null,""last_activity_source"":null}",2026-04-23T03:40:12.712839+00:00,acaf2290-3ea7-4b89-aaf5-8bffc6cd7ea5,,
c970d715-f20a-4fde-8680-cd3824012c35,fdefefe4-9ec0-4d23-90de-6100d2fc937c,app_launch,2026-04-23 03:40:12.710823,"{""type"":""app_launch"",""install_id"":""fdefefe4-9ec0-4d23-90de-6100d2fc937c"",""run_id"":""9bed6499-c60f-4afc-8a0b-2a7777e4db0b"",""app_version"":""1.3.3"",""timestamp"":""2026-04-23T03:40:12.7108227Z"",""app_launched_count"":37}",2026-04-23T03:40:12.88255+00:00,9bed6499-c60f-4afc-8a0b-2a7777e4db0b,,
1cdf03cf-0c2b-4a8f-8d7f-5314b82be89b,fdefefe4-9ec0-4d23-90de-6100d2fc937c,unclean_exit,2026-04-23 03:57:49.420960,"{""type"":""unclean_exit"",""run_id"":""9bed6499-c60f-4afc-8a0b-2a7777e4db0b"",""app_version"":""1.3.3"",""timestamp"":""2026-04-23T03:57:49.4207621Z"",""started_at"":""2026-04-23T05:40:12.7108227\u002B02:00"",""last_activity_at"":null,""last_activity_source"":null}",2026-04-23T03:57:49.44307+00:00,9bed6499-c60f-4afc-8a0b-2a7777e4db0b,,
ec9a686c-6e81-49a8-bebd-0f83d5ecae5c,fdefefe4-9ec0-4d23-90de-6100d2fc937c,app_launch,2026-04-23 03:57:49.441874,"{""type"":""app_launch"",""install_id"":""fdefefe4-9ec0-4d23-90de-6100d2fc937c"",""run_id"":""07141a44-aae6-46af-942a-439352f660b8"",""app_version"":""1.3.3"",""timestamp"":""2026-04-23T03:57:49.4418740Z"",""app_launched_count"":38}",2026-04-23T03:57:49.612487+00:00,07141a44-aae6-46af-942a-439352f660b8,,
23c2514b-f3bf-4b7a-b146-bb9193bbadf1,fdefefe4-9ec0-4d23-90de-6100d2fc937c,app_close,2026-04-23 03:58:06.057890,"{""type"":""app_close"",""run_id"":""07141a44-aae6-46af-942a-439352f660b8"",""reason"":""window_closed"",""app_version"":""1.3.3"",""timestamp"":""2026-04-23T03:58:06.0542390Z""}",2026-04-23T03:58:06.06186+00:00,07141a44-aae6-46af-942a-439352f660b8,,
4c82c413-8f7a-43e4-a3cd-100e0fe9030f,fdefefe4-9ec0-4d23-90de-6100d2fc937c,app_launch,2026-04-23 04:12:05.626522,"{""type"":""app_launch"",""install_id"":""fdefefe4-9ec0-4d23-90de-6100d2fc937c"",""run_id"":""83db946d-85f3-4cd4-9548-2f6ee15c70af"",""app_version"":""1.3.3"",""timestamp"":""2026-04-23T04:12:05.6265219Z"",""app_launched_count"":39}",2026-04-23T04:12:05.648995+00:00,83db946d-85f3-4cd4-9548-2f6ee15c70af,,
c80e7c45-5fea-49bf-92a0-4cc98524c4cc,fdefefe4-9ec0-4d23-90de-6100d2fc937c,unclean_exit,2026-04-23 04:30:54.961087,"{""type"":""unclean_exit"",""run_id"":""83db946d-85f3-4cd4-9548-2f6ee15c70af"",""app_version"":""1.3.3"",""timestamp"":""2026-04-23T04:30:54.9608830Z"",""started_at"":""2026-04-23T06:12:05.6265219\u002B02:00"",""last_activity_at"":""2026-04-23T06:29:35.6439909\u002B02:00"",""last_activity_source"":""sale_committed""}",2026-04-23T04:30:54.986131+00:00,83db946d-85f3-4cd4-9548-2f6ee15c70af,2026-04-23T04:29:35.643991+00:00,sale_committed
c341cbac-51d3-48ae-b60b-7da65e789aa3,fdefefe4-9ec0-4d23-90de-6100d2fc937c,app_launch,2026-04-23 04:30:54.984660,"{""type"":""app_launch"",""install_id"":""fdefefe4-9ec0-4d23-90de-6100d2fc937c"",""run_id"":""bb707808-619c-4356-bb9a-e497166d9917"",""app_version"":""1.3.3"",""timestamp"":""2026-04-23T04:30:54.9846598Z"",""app_launched_count"":40}",2026-04-23T04:30:55.167621+00:00,bb707808-619c-4356-bb9a-e497166d9917,,
0be5d6f4-1744-43da-ae27-ba9f8f82d698,fdefefe4-9ec0-4d23-90de-6100d2fc937c,unclean_exit,2026-04-23 04:54:52.943209,"{""type"":""unclean_exit"",""run_id"":""bb707808-619c-4356-bb9a-e497166d9917"",""app_version"":""1.3.3"",""timestamp"":""2026-04-23T04:54:52.9430066Z"",""started_at"":""2026-04-23T06:30:54.9846598\u002B02:00"",""last_activity_at"":null,""last_activity_source"":null}",2026-04-23T04:54:52.969192+00:00,bb707808-619c-4356-bb9a-e497166d9917,,
2705d8a9-9789-4ff4-a573-992882cd53f0,fdefefe4-9ec0-4d23-90de-6100d2fc937c,app_launch,2026-04-23 04:54:52.967588,"{""type"":""app_launch"",""install_id"":""fdefefe4-9ec0-4d23-90de-6100d2fc937c"",""run_id"":""7c9dbd8c-a9a1-47c0-9392-3ba9895f2388"",""app_version"":""1.3.3"",""timestamp"":""2026-04-23T04:54:52.9675882Z"",""app_launched_count"":41}",2026-04-23T04:54:53.14345+00:00,7c9dbd8c-a9a1-47c0-9392-3ba9895f2388,,
2116bf65-94cc-407b-9765-064e11a6d868,fdefefe4-9ec0-4d23-90de-6100d2fc937c,unclean_exit,2026-04-23 06:03:54.614096,"{""type"":""unclean_exit"",""run_id"":""7c9dbd8c-a9a1-47c0-9392-3ba9895f2388"",""app_version"":""1.3.3"",""timestamp"":""2026-04-23T06:03:54.6138893Z"",""started_at"":""2026-04-23T06:54:52.9675882\u002B02:00"",""last_activity_at"":null,""last_activity_source"":null}",2026-04-23T06:03:54.64251+00:00,7c9dbd8c-a9a1-47c0-9392-3ba9895f2388,,
4a48f801-5deb-4500-9cfa-e108a3e7ac33,fdefefe4-9ec0-4d23-90de-6100d2fc937c,app_launch,2026-04-23 06:03:54.643803,"{""type"":""app_launch"",""install_id"":""fdefefe4-9ec0-4d23-90de-6100d2fc937c"",""run_id"":""ea6c7971-1c2e-4487-9ac8-055627cc085a"",""app_version"":""1.3.3"",""timestamp"":""2026-04-23T06:03:54.6438030Z"",""app_launched_count"":42}",2026-04-23T06:03:54.812778+00:00,ea6c7971-1c2e-4487-9ac8-055627cc085a,,
6b2ef64d-3474-44aa-867a-dfed598bdb75,fdefefe4-9ec0-4d23-90de-6100d2fc937c,unclean_exit,2026-04-23 06:32:34.132161,"{""type"":""unclean_exit"",""run_id"":""ea6c7971-1c2e-4487-9ac8-055627cc085a"",""app_version"":""1.3.3"",""timestamp"":""2026-04-23T06:32:34.1317958Z"",""started_at"":""2026-04-23T08:03:54.6438030\u002B02:00"",""last_activity_at"":null,""last_activity_source"":null}",2026-04-23T06:32:34.175817+00:00,ea6c7971-1c2e-4487-9ac8-055627cc085a,,
de35abb1-6acf-436f-8c0b-287d929d7324,fdefefe4-9ec0-4d23-90de-6100d2fc937c,app_launch,2026-04-23 06:32:34.174947,"{""type"":""app_launch"",""install_id"":""fdefefe4-9ec0-4d23-90de-6100d2fc937c"",""run_id"":""c4214431-7ebe-4fd1-8f26-2e10500d7c69"",""app_version"":""1.3.3"",""timestamp"":""2026-04-23T06:32:34.1749468Z"",""app_launched_count"":43}",2026-04-23T06:32:34.344173+00:00,c4214431-7ebe-4fd1-8f26-2e10500d7c69,,
d7cbd45f-64c9-4935-ab55-f557176e83d0,fdefefe4-9ec0-4d23-90de-6100d2fc937c,unclean_exit,2026-04-23 07:00:40.754541,"{""type"":""unclean_exit"",""run_id"":""c4214431-7ebe-4fd1-8f26-2e10500d7c69"",""app_version"":""1.3.3"",""timestamp"":""2026-04-23T07:00:40.7541642Z"",""started_at"":""2026-04-23T08:32:34.1749468\u002B02:00"",""last_activity_at"":""2026-04-23T08:59:47.1295611\u002B02:00"",""last_activity_source"":""sale_committed""}",2026-04-23T07:00:40.784426+00:00,c4214431-7ebe-4fd1-8f26-2e10500d7c69,2026-04-23T06:59:47.129561+00:00,sale_committed
0ea6bf55-4407-4a2e-840e-a6eda6e6b4a2,fdeb7b71-5543-4755-926d-89ed20f4e78a,crash_feedback,2026-04-29 06:51:14.226189,"{""category"":""startup"",""details"":""hello this is test""}",2026-04-29T06:51:14.234744+00:00,,,
82b63851-f7a8-4569-a3ab-1c73aebe6aa3,fdefefe4-9ec0-4d23-90de-6100d2fc937c,app_launch,2026-04-23 07:00:40.785008,"{""type"":""app_launch"",""install_id"":""fdefefe4-9ec0-4d23-90de-6100d2fc937c"",""run_id"":""9a457c3d-af46-4077-9efe-083051fb7b7a"",""app_version"":""1.3.3"",""timestamp"":""2026-04-23T07:00:40.7850079Z"",""app_launched_count"":44}",2026-04-23T07:00:40.967572+00:00,9a457c3d-af46-4077-9efe-083051fb7b7a,,
7d5acc65-a35d-4e83-a2cb-84327a50d2aa,fdefefe4-9ec0-4d23-90de-6100d2fc937c,app_close,2026-04-23 07:00:50.490693,"{""type"":""app_close"",""run_id"":""9a457c3d-af46-4077-9efe-083051fb7b7a"",""reason"":""window_closed"",""app_version"":""1.3.3"",""timestamp"":""2026-04-23T07:00:50.4862188Z""}",2026-04-23T07:00:50.495087+00:00,9a457c3d-af46-4077-9efe-083051fb7b7a,,
17613b4e-5607-44c4-8543-33f21710f1b9,fdefefe4-9ec0-4d23-90de-6100d2fc937c,app_launch,2026-04-23 07:17:38.075848,"{""type"":""app_launch"",""install_id"":""fdefefe4-9ec0-4d23-90de-6100d2fc937c"",""run_id"":""7627697f-a136-48dd-af0a-827da5a77ccf"",""app_version"":""1.3.3"",""timestamp"":""2026-04-23T07:17:38.0758481Z"",""app_launched_count"":45}",2026-04-23T07:17:38.090714+00:00,7627697f-a136-48dd-af0a-827da5a77ccf,,
21c72516-ea74-4728-9f89-8adc0233ab5b,fdefefe4-9ec0-4d23-90de-6100d2fc937c,unclean_exit,2026-04-23 07:24:21.670275,"{""type"":""unclean_exit"",""run_id"":""7627697f-a136-48dd-af0a-827da5a77ccf"",""app_version"":""1.3.3"",""timestamp"":""2026-04-23T07:24:21.6700465Z"",""started_at"":""2026-04-23T09:17:38.0758481\u002B02:00"",""last_activity_at"":null,""last_activity_source"":null}",2026-04-23T07:24:21.70126+00:00,7627697f-a136-48dd-af0a-827da5a77ccf,,
9508b379-8c27-4510-9c1b-829d91e3bac1,fdefefe4-9ec0-4d23-90de-6100d2fc937c,app_launch,2026-04-23 07:24:21.701716,"{""type"":""app_launch"",""install_id"":""fdefefe4-9ec0-4d23-90de-6100d2fc937c"",""run_id"":""b27adeec-e25c-48f3-8a00-c1900e92cab0"",""app_version"":""1.3.3"",""timestamp"":""2026-04-23T07:24:21.7017155Z"",""app_launched_count"":46}",2026-04-23T07:24:21.870122+00:00,b27adeec-e25c-48f3-8a00-c1900e92cab0,,
8bc512ba-cdb4-4dae-bb60-010fb0c680ab,fdefefe4-9ec0-4d23-90de-6100d2fc937c,unclean_exit,2026-04-23 07:24:46.406285,"{""type"":""unclean_exit"",""run_id"":""b27adeec-e25c-48f3-8a00-c1900e92cab0"",""app_version"":""1.3.3"",""timestamp"":""2026-04-23T07:24:46.4060767Z"",""started_at"":""2026-04-23T09:24:21.7017155\u002B02:00"",""last_activity_at"":null,""last_activity_source"":null}",2026-04-23T07:24:46.442757+00:00,b27adeec-e25c-48f3-8a00-c1900e92cab0,,
c2757ead-e066-44b9-8e3b-0c7a55c8481b,fdefefe4-9ec0-4d23-90de-6100d2fc937c,app_launch,2026-04-23 07:24:46.444102,"{""type"":""app_launch"",""install_id"":""fdefefe4-9ec0-4d23-90de-6100d2fc937c"",""run_id"":""e2630dc4-64c3-4a23-8bd7-1d17d5ed3202"",""app_version"":""1.3.3"",""timestamp"":""2026-04-23T07:24:46.4441020Z"",""app_launched_count"":47}",2026-04-23T07:24:46.616949+00:00,e2630dc4-64c3-4a23-8bd7-1d17d5ed3202,,
28231295-0b22-4fa2-85df-f993d6ca3123,fdefefe4-9ec0-4d23-90de-6100d2fc937c,app_close,2026-04-23 07:52:37.329455,"{""type"":""app_close"",""run_id"":""e2630dc4-64c3-4a23-8bd7-1d17d5ed3202"",""reason"":""window_closed"",""app_version"":""1.3.3"",""timestamp"":""2026-04-23T07:52:37.2283009Z""}",2026-04-23T07:52:37.335069+00:00,e2630dc4-64c3-4a23-8bd7-1d17d5ed3202,,
db8ac78e-aaf1-4c82-8732-b41a8165cc8d,fdefefe4-9ec0-4d23-90de-6100d2fc937c,app_launch,2026-04-23 07:52:58.586159,"{""type"":""app_launch"",""install_id"":""fdefefe4-9ec0-4d23-90de-6100d2fc937c"",""run_id"":""42cce565-4fb4-4033-b329-b66de73aad25"",""app_version"":""1.3.3"",""timestamp"":""2026-04-23T07:52:58.5861591Z"",""app_launched_count"":48}",2026-04-23T07:52:58.602825+00:00,42cce565-4fb4-4033-b329-b66de73aad25,,
9795e5aa-cbbe-488e-96b0-1ac468b23f01,fdefefe4-9ec0-4d23-90de-6100d2fc937c,app_close,2026-04-23 07:53:03.269047,"{""type"":""app_close"",""run_id"":""42cce565-4fb4-4033-b329-b66de73aad25"",""reason"":""window_closed"",""app_version"":""1.3.3"",""timestamp"":""2026-04-23T07:53:03.2679356Z""}",2026-04-23T07:53:03.272935+00:00,42cce565-4fb4-4033-b329-b66de73aad25,,
0da98aa4-cfd4-4525-9e4b-d885be322e73,fdefefe4-9ec0-4d23-90de-6100d2fc937c,app_launch,2026-04-23 07:53:26.337447,"{""type"":""app_launch"",""install_id"":""fdefefe4-9ec0-4d23-90de-6100d2fc937c"",""run_id"":""0ad589c6-fa42-44eb-9916-c163505beff5"",""app_version"":""1.3.3"",""timestamp"":""2026-04-23T07:53:26.3374474Z"",""app_launched_count"":49}",2026-04-23T07:53:26.364142+00:00,0ad589c6-fa42-44eb-9916-c163505beff5,,
3b5c0ef0-0d47-4460-9bf6-8f3fe660a15f,fdefefe4-9ec0-4d23-90de-6100d2fc937c,app_close,2026-04-23 07:53:31.055240,"{""type"":""app_close"",""run_id"":""0ad589c6-fa42-44eb-9916-c163505beff5"",""reason"":""window_closed"",""app_version"":""1.3.3"",""timestamp"":""2026-04-23T07:53:31.0508667Z""}",2026-04-23T07:53:31.059091+00:00,0ad589c6-fa42-44eb-9916-c163505beff5,,
58c011e5-a771-46b2-b3d3-18574ea970c5,fdefefe4-9ec0-4d23-90de-6100d2fc937c,app_launch,2026-04-23 08:12:30.183601,"{""type"":""app_launch"",""install_id"":""fdefefe4-9ec0-4d23-90de-6100d2fc937c"",""run_id"":""c338a065-d6b2-4061-8f5e-5a4d826530da"",""app_version"":""1.3.3"",""timestamp"":""2026-04-23T08:12:30.1836011Z"",""app_launched_count"":50}",2026-04-23T08:12:30.211836+00:00,c338a065-d6b2-4061-8f5e-5a4d826530da,,
5751d4a0-54a3-4c05-80d5-519de2e0d79d,fdefefe4-9ec0-4d23-90de-6100d2fc937c,unclean_exit,2026-04-23 08:59:05.530830,"{""type"":""unclean_exit"",""run_id"":""c338a065-d6b2-4061-8f5e-5a4d826530da"",""app_version"":""1.3.3"",""timestamp"":""2026-04-23T08:59:05.5299236Z"",""started_at"":""2026-04-23T10:12:30.1836011\u002B02:00"",""last_activity_at"":null,""last_activity_source"":null}",2026-04-23T08:59:05.567103+00:00,c338a065-d6b2-4061-8f5e-5a4d826530da,,
c77abf6b-14ce-420c-b0f6-4d2db35afb60,fdefefe4-9ec0-4d23-90de-6100d2fc937c,app_launch,2026-04-23 08:59:05.648143,"{""type"":""app_launch"",""install_id"":""fdefefe4-9ec0-4d23-90de-6100d2fc937c"",""run_id"":""c69a2ad3-fc39-412e-9dbe-c3cc01a24020"",""app_version"":""1.3.3"",""timestamp"":""2026-04-23T08:59:05.6481431Z"",""app_launched_count"":51}",2026-04-23T08:59:05.653014+00:00,c69a2ad3-fc39-412e-9dbe-c3cc01a24020,,
26dd92ee-c8eb-40fe-9f68-a489062efb36,fdefefe4-9ec0-4d23-90de-6100d2fc937c,app_close,2026-04-23 09:00:10.240991,"{""type"":""app_close"",""run_id"":""c69a2ad3-fc39-412e-9dbe-c3cc01a24020"",""reason"":""window_closed"",""app_version"":""1.3.3"",""timestamp"":""2026-04-23T09:00:10.2169281Z""}",2026-04-23T09:00:10.244181+00:00,c69a2ad3-fc39-412e-9dbe-c3cc01a24020,,
84394b10-5aa1-4b4b-9ce3-9df55830772b,fdefefe4-9ec0-4d23-90de-6100d2fc937c,app_launch,2026-04-23 09:03:28.818813,"{""type"":""app_launch"",""install_id"":""fdefefe4-9ec0-4d23-90de-6100d2fc937c"",""run_id"":""c9d0123a-6623-4519-a0e5-9789682fd9cd"",""app_version"":""1.3.3"",""timestamp"":""2026-04-23T09:03:28.8188130Z"",""app_launched_count"":52}",2026-04-23T09:03:28.844596+00:00,c9d0123a-6623-4519-a0e5-9789682fd9cd,,
5f65bf67-06c3-4c38-bf63-46497ef855e2,fdefefe4-9ec0-4d23-90de-6100d2fc937c,unclean_exit,2026-04-23 09:09:09.992998,"{""type"":""unclean_exit"",""run_id"":""c9d0123a-6623-4519-a0e5-9789682fd9cd"",""app_version"":""1.3.3"",""timestamp"":""2026-04-23T09:09:09.9927594Z"",""started_at"":""2026-04-23T11:03:28.8188130\u002B02:00"",""last_activity_at"":null,""last_activity_source"":null}",2026-04-23T09:09:10.026628+00:00,c9d0123a-6623-4519-a0e5-9789682fd9cd,,
38f46700-01cb-421c-8149-02004ab11835,fdefefe4-9ec0-4d23-90de-6100d2fc937c,app_launch,2026-04-23 09:09:10.024132,"{""type"":""app_launch"",""install_id"":""fdefefe4-9ec0-4d23-90de-6100d2fc937c"",""run_id"":""fe568d92-ee0d-4b05-bb00-3a39fcd95f96"",""app_version"":""1.3.3"",""timestamp"":""2026-04-23T09:09:10.0241325Z"",""app_launched_count"":53}",2026-04-23T09:09:10.184276+00:00,fe568d92-ee0d-4b05-bb00-3a39fcd95f96,,
d498a9f7-7556-4e23-a315-78015e9d36c8,fdefefe4-9ec0-4d23-90de-6100d2fc937c,unclean_exit,2026-04-23 09:11:02.703893,"{""type"":""unclean_exit"",""run_id"":""fe568d92-ee0d-4b05-bb00-3a39fcd95f96"",""app_version"":""1.3.3"",""timestamp"":""2026-04-23T09:11:02.7035702Z"",""started_at"":""2026-04-23T11:09:10.0241325\u002B02:00"",""last_activity_at"":null,""last_activity_source"":null}",2026-04-23T09:11:02.746912+00:00,fe568d92-ee0d-4b05-bb00-3a39fcd95f96,,
71c6f5c9-b8ca-49c2-a242-753fb649aeaa,fdefefe4-9ec0-4d23-90de-6100d2fc937c,app_launch,2026-04-23 09:11:02.742980,"{""type"":""app_launch"",""install_id"":""fdefefe4-9ec0-4d23-90de-6100d2fc937c"",""run_id"":""d047213c-1350-4248-aab9-c6ac8e57e7de"",""app_version"":""1.3.3"",""timestamp"":""2026-04-23T09:11:02.7429801Z"",""app_launched_count"":54}",2026-04-23T09:11:02.908048+00:00,d047213c-1350-4248-aab9-c6ac8e57e7de,,
952f9e11-cb95-4c1a-bbe4-aff9cedd08e8,fdefefe4-9ec0-4d23-90de-6100d2fc937c,unclean_exit,2026-04-23 09:25:09.951202,"{""type"":""unclean_exit"",""run_id"":""d047213c-1350-4248-aab9-c6ac8e57e7de"",""app_version"":""1.3.3"",""timestamp"":""2026-04-23T09:25:09.9509907Z"",""started_at"":""2026-04-23T11:11:02.7429801\u002B02:00"",""last_activity_at"":null,""last_activity_source"":null}",2026-04-23T09:25:10.027686+00:00,d047213c-1350-4248-aab9-c6ac8e57e7de,,
d6cae91c-84f2-45b2-b11a-9dc8f9298b51,fdefefe4-9ec0-4d23-90de-6100d2fc937c,app_launch,2026-04-23 09:25:10.015579,"{""type"":""app_launch"",""install_id"":""fdefefe4-9ec0-4d23-90de-6100d2fc937c"",""run_id"":""41d2f63b-fbb6-40b3-93dc-2cc86244e289"",""app_version"":""1.3.3"",""timestamp"":""2026-04-23T09:25:10.0155786Z"",""app_launched_count"":55}",2026-04-23T09:25:10.187741+00:00,41d2f63b-fbb6-40b3-93dc-2cc86244e289,,
97f1afb8-d720-488a-84ab-9112ff74b7e9,fdefefe4-9ec0-4d23-90de-6100d2fc937c,app_close,2026-04-23 09:26:03.035280,"{""type"":""app_close"",""run_id"":""41d2f63b-fbb6-40b3-93dc-2cc86244e289"",""reason"":""window_closed"",""app_version"":""1.3.3"",""timestamp"":""2026-04-23T09:26:03.0097958Z""}",2026-04-23T09:26:03.041162+00:00,41d2f63b-fbb6-40b3-93dc-2cc86244e289,,
91c129f5-a97b-45f3-9ac1-c91dbebf0de8,fdefefe4-9ec0-4d23-90de-6100d2fc937c,app_launch,2026-04-23 09:29:06.767730,"{""type"":""app_launch"",""install_id"":""fdefefe4-9ec0-4d23-90de-6100d2fc937c"",""run_id"":""d90753cf-9c69-450d-8393-e9b888c5af41"",""app_version"":""1.3.3"",""timestamp"":""2026-04-23T09:29:06.7677302Z"",""app_launched_count"":56}",2026-04-23T09:29:06.792368+00:00,d90753cf-9c69-450d-8393-e9b888c5af41,,
4d9c69c4-e4c1-4982-b9eb-c54caab77153,fdefefe4-9ec0-4d23-90de-6100d2fc937c,app_close,2026-04-23 09:29:32.985428,"{""type"":""app_close"",""run_id"":""d90753cf-9c69-450d-8393-e9b888c5af41"",""reason"":""window_closed"",""app_version"":""1.3.3"",""timestamp"":""2026-04-23T09:29:32.9809932Z""}",2026-04-23T09:29:32.98956+00:00,d90753cf-9c69-450d-8393-e9b888c5af41,,
30ad61b9-48c1-4cb2-b377-1d63cecf979c,fdefefe4-9ec0-4d23-90de-6100d2fc937c,app_launch,2026-04-23 09:33:27.090249,"{""type"":""app_launch"",""install_id"":""fdefefe4-9ec0-4d23-90de-6100d2fc937c"",""run_id"":""19c06ef1-380d-4882-be68-dc92380bfb24"",""app_version"":""1.3.3"",""timestamp"":""2026-04-23T09:33:27.0902486Z"",""app_launched_count"":57}",2026-04-23T09:33:27.11862+00:00,19c06ef1-380d-4882-be68-dc92380bfb24,,
6492e718-bc95-417b-bc63-8c2c7257f221,fdefefe4-9ec0-4d23-90de-6100d2fc937c,unclean_exit,2026-04-23 09:45:42.572476,"{""type"":""unclean_exit"",""run_id"":""19c06ef1-380d-4882-be68-dc92380bfb24"",""app_version"":""1.3.3"",""timestamp"":""2026-04-23T09:45:42.5721010Z"",""started_at"":""2026-04-23T11:33:27.0902486\u002B02:00"",""last_activity_at"":null,""last_activity_source"":null}",2026-04-23T09:45:42.640788+00:00,19c06ef1-380d-4882-be68-dc92380bfb24,,
8dce5b0a-042f-40fb-9b69-caf0935714eb,fdefefe4-9ec0-4d23-90de-6100d2fc937c,app_launch,2026-04-23 09:45:42.640074,"{""type"":""app_launch"",""install_id"":""fdefefe4-9ec0-4d23-90de-6100d2fc937c"",""run_id"":""b7536684-ff23-40b6-b372-abeddd34ee56"",""app_version"":""1.3.3"",""timestamp"":""2026-04-23T09:45:42.6400740Z"",""app_launched_count"":58}",2026-04-23T09:45:42.831343+00:00,b7536684-ff23-40b6-b372-abeddd34ee56,,
267c65a0-7e03-404c-808b-d0b2f0cadcfa,fdefefe4-9ec0-4d23-90de-6100d2fc937c,app_close,2026-04-23 09:45:59.973125,"{""type"":""app_close"",""run_id"":""b7536684-ff23-40b6-b372-abeddd34ee56"",""reason"":""window_closed"",""app_version"":""1.3.3"",""timestamp"":""2026-04-23T09:45:59.9689229Z""}",2026-04-23T09:45:59.977718+00:00,b7536684-ff23-40b6-b372-abeddd34ee56,,
34631a02-2b0b-4ef7-bfa9-7bc00351f910,fdefefe4-9ec0-4d23-90de-6100d2fc937c,app_launch,2026-04-23 09:47:35.952589,"{""type"":""app_launch"",""install_id"":""fdefefe4-9ec0-4d23-90de-6100d2fc937c"",""run_id"":""022cbc30-155d-42cf-a557-22a784b54b77"",""app_version"":""1.3.3"",""timestamp"":""2026-04-23T09:47:35.9525890Z"",""app_launched_count"":59}",2026-04-23T09:47:35.982784+00:00,022cbc30-155d-42cf-a557-22a784b54b77,,
c6891b5a-5985-4cfe-a905-b9c159d76c81,fdefefe4-9ec0-4d23-90de-6100d2fc937c,app_close,2026-04-23 09:47:51.787842,"{""type"":""app_close"",""run_id"":""022cbc30-155d-42cf-a557-22a784b54b77"",""reason"":""window_closed"",""app_version"":""1.3.3"",""timestamp"":""2026-04-23T09:47:51.7831450Z""}",2026-04-23T09:47:51.793403+00:00,022cbc30-155d-42cf-a557-22a784b54b77,,
01814beb-f4d3-4999-bfe3-765fa2b407b5,fdefefe4-9ec0-4d23-90de-6100d2fc937c,app_launch,2026-04-23 09:56:14.689020,"{""type"":""app_launch"",""install_id"":""fdefefe4-9ec0-4d23-90de-6100d2fc937c"",""run_id"":""c9d3979d-a0e6-45e5-970b-f45e09633558"",""app_version"":""1.3.3"",""timestamp"":""2026-04-23T09:56:14.6890200Z"",""app_launched_count"":60}",2026-04-23T09:56:14.711154+00:00,c9d3979d-a0e6-45e5-970b-f45e09633558,,
25524304-68fe-4a4c-a710-2391bd667779,fdefefe4-9ec0-4d23-90de-6100d2fc937c,unclean_exit,2026-04-23 10:03:54.200134,"{""type"":""unclean_exit"",""run_id"":""c9d3979d-a0e6-45e5-970b-f45e09633558"",""app_version"":""1.3.3"",""timestamp"":""2026-04-23T10:03:54.1997376Z"",""started_at"":""2026-04-23T11:56:14.6890200\u002B02:00"",""last_activity_at"":null,""last_activity_source"":null}",2026-04-23T10:03:54.230239+00:00,c9d3979d-a0e6-45e5-970b-f45e09633558,,
9a46a3e0-c3cd-41b1-b73e-987124c1507c,fdefefe4-9ec0-4d23-90de-6100d2fc937c,app_launch,2026-04-23 10:03:54.229853,"{""type"":""app_launch"",""install_id"":""fdefefe4-9ec0-4d23-90de-6100d2fc937c"",""run_id"":""83c9df0c-6cbb-4c38-bd30-c538dc35d668"",""app_version"":""1.3.3"",""timestamp"":""2026-04-23T10:03:54.2298527Z"",""app_launched_count"":61}",2026-04-23T10:03:54.396572+00:00,83c9df0c-6cbb-4c38-bd30-c538dc35d668,,
da937bc4-ceb5-48db-8d7d-0384ae7bfdbf,fdefefe4-9ec0-4d23-90de-6100d2fc937c,unclean_exit,2026-04-23 10:09:47.393975,"{""type"":""unclean_exit"",""run_id"":""83c9df0c-6cbb-4c38-bd30-c538dc35d668"",""app_version"":""1.3.3"",""timestamp"":""2026-04-23T10:09:47.3937541Z"",""started_at"":""2026-04-23T12:03:54.2298527\u002B02:00"",""last_activity_at"":null,""last_activity_source"":null}",2026-04-23T10:09:47.424954+00:00,83c9df0c-6cbb-4c38-bd30-c538dc35d668,,
46c33daf-cbf4-4828-8fea-4eda92747b3e,fdefefe4-9ec0-4d23-90de-6100d2fc937c,app_launch,2026-04-23 10:09:47.424550,"{""type"":""app_launch"",""install_id"":""fdefefe4-9ec0-4d23-90de-6100d2fc937c"",""run_id"":""beb83d66-4795-4f4e-aba5-1bb5df2a6b8d"",""app_version"":""1.3.3"",""timestamp"":""2026-04-23T10:09:47.4245499Z"",""app_launched_count"":62}",2026-04-23T10:09:47.602567+00:00,beb83d66-4795-4f4e-aba5-1bb5df2a6b8d,,
271a4c3a-6402-40b4-86ee-3a4b0221cb64,fdefefe4-9ec0-4d23-90de-6100d2fc937c,unclean_exit,2026-04-23 10:13:32.136656,"{""type"":""unclean_exit"",""run_id"":""beb83d66-4795-4f4e-aba5-1bb5df2a6b8d"",""app_version"":""1.3.3"",""timestamp"":""2026-04-23T10:13:32.1362792Z"",""started_at"":""2026-04-23T12:09:47.4245499\u002B02:00"",""last_activity_at"":null,""last_activity_source"":null}",2026-04-23T10:13:32.172597+00:00,beb83d66-4795-4f4e-aba5-1bb5df2a6b8d,,
fbed04db-6d7e-40c9-a89e-a0822fef1983,fdefefe4-9ec0-4d23-90de-6100d2fc937c,app_launch,2026-04-23 10:13:32.171853,"{""type"":""app_launch"",""install_id"":""fdefefe4-9ec0-4d23-90de-6100d2fc937c"",""run_id"":""1b7d7f08-f655-4b57-a1f8-a1e8c2f0275b"",""app_version"":""1.3.3"",""timestamp"":""2026-04-23T10:13:32.1718529Z"",""app_launched_count"":63}",2026-04-23T10:13:32.33318+00:00,1b7d7f08-f655-4b57-a1f8-a1e8c2f0275b,,
1522f002-f49b-46dd-983f-1d2880296aa7,fdefefe4-9ec0-4d23-90de-6100d2fc937c,unclean_exit,2026-04-23 10:15:27.431183,"{""type"":""unclean_exit"",""run_id"":""1b7d7f08-f655-4b57-a1f8-a1e8c2f0275b"",""app_version"":""1.3.3"",""timestamp"":""2026-04-23T10:15:27.4309479Z"",""started_at"":""2026-04-23T12:13:32.1718529\u002B02:00"",""last_activity_at"":null,""last_activity_source"":null}",2026-04-23T10:15:27.460802+00:00,1b7d7f08-f655-4b57-a1f8-a1e8c2f0275b,,
a2bbdb72-2594-4f95-987e-377a83b55598,fdefefe4-9ec0-4d23-90de-6100d2fc937c,app_launch,2026-04-23 10:15:27.460337,"{""type"":""app_launch"",""install_id"":""fdefefe4-9ec0-4d23-90de-6100d2fc937c"",""run_id"":""38671824-02cf-4ec4-b7ea-ba03afd9a4b1"",""app_version"":""1.3.3"",""timestamp"":""2026-04-23T10:15:27.4603367Z"",""app_launched_count"":64}",2026-04-23T10:15:27.623371+00:00,38671824-02cf-4ec4-b7ea-ba03afd9a4b1,,
10ffbc5e-11da-4930-9531-7cb72e602aa4,fdefefe4-9ec0-4d23-90de-6100d2fc937c,unclean_exit,2026-04-23 10:22:57.355246,"{""type"":""unclean_exit"",""run_id"":""38671824-02cf-4ec4-b7ea-ba03afd9a4b1"",""app_version"":""1.3.3"",""timestamp"":""2026-04-23T10:22:57.3550196Z"",""started_at"":""2026-04-23T12:15:27.4603367\u002B02:00"",""last_activity_at"":null,""last_activity_source"":null}",2026-04-23T10:22:57.386523+00:00,38671824-02cf-4ec4-b7ea-ba03afd9a4b1,,
d5b0a768-5bc8-47c3-a7e5-b0cb33a89742,fdefefe4-9ec0-4d23-90de-6100d2fc937c,app_launch,2026-04-23 10:22:57.385445,"{""type"":""app_launch"",""install_id"":""fdefefe4-9ec0-4d23-90de-6100d2fc937c"",""run_id"":""569afad5-3b1f-4669-8130-9aef57591d84"",""app_version"":""1.3.3"",""timestamp"":""2026-04-23T10:22:57.3854449Z"",""app_launched_count"":65}",2026-04-23T10:22:57.55095+00:00,569afad5-3b1f-4669-8130-9aef57591d84,,
7953bc1b-d9b4-4c74-b550-50dfa806f6ec,fdefefe4-9ec0-4d23-90de-6100d2fc937c,unclean_exit,2026-04-23 10:31:42.055359,"{""type"":""unclean_exit"",""run_id"":""569afad5-3b1f-4669-8130-9aef57591d84"",""app_version"":""1.3.3"",""timestamp"":""2026-04-23T10:31:42.0549835Z"",""started_at"":""2026-04-23T12:22:57.3854449\u002B02:00"",""last_activity_at"":null,""last_activity_source"":null}",2026-04-23T10:31:42.094107+00:00,569afad5-3b1f-4669-8130-9aef57591d84,,
46dfd349-3d9b-4183-b8a1-7ad9207287b7,fdefefe4-9ec0-4d23-90de-6100d2fc937c,app_launch,2026-04-23 10:31:42.092327,"{""type"":""app_launch"",""install_id"":""fdefefe4-9ec0-4d23-90de-6100d2fc937c"",""run_id"":""afc84fe7-b0fd-4625-bf5b-874028af6929"",""app_version"":""1.3.3"",""timestamp"":""2026-04-23T10:31:42.0923270Z"",""app_launched_count"":66}",2026-04-23T10:31:42.249892+00:00,afc84fe7-b0fd-4625-bf5b-874028af6929,,
fe815840-3310-4aa7-ba1b-904719c945fc,42ed0d28-6f4d-4944-a0ed-7183616cfa47,app_close,2026-04-24 11:02:08.036185,"{""type"":""app_close"",""reason"":""window_closed"",""app_version"":""1.3.2"",""timestamp"":""2026-04-24T11:02:08.0344192Z""}",2026-04-24T11:02:08.238858+00:00,,,
12b74b92-e70f-441c-a178-7b97c5c391c3,fdefefe4-9ec0-4d23-90de-6100d2fc937c,unclean_exit,2026-04-23 10:37:58.552861,"{""type"":""unclean_exit"",""run_id"":""afc84fe7-b0fd-4625-bf5b-874028af6929"",""app_version"":""1.3.3"",""timestamp"":""2026-04-23T10:37:58.5524687Z"",""started_at"":""2026-04-23T12:31:42.0923270\u002B02:00"",""last_activity_at"":null,""last_activity_source"":null}",2026-04-23T10:37:58.600562+00:00,afc84fe7-b0fd-4625-bf5b-874028af6929,,
e75ea1ab-44f8-4351-96ec-d12869bf6ae8,fdefefe4-9ec0-4d23-90de-6100d2fc937c,app_launch,2026-04-23 10:37:58.600911,"{""type"":""app_launch"",""install_id"":""fdefefe4-9ec0-4d23-90de-6100d2fc937c"",""run_id"":""1fa2546e-6d02-45c5-b1d5-b5f0d0d92565"",""app_version"":""1.3.3"",""timestamp"":""2026-04-23T10:37:58.6009111Z"",""app_launched_count"":67}",2026-04-23T10:37:58.774267+00:00,1fa2546e-6d02-45c5-b1d5-b5f0d0d92565,,
44847619-925b-4663-ad5c-94e90e654cc1,fdefefe4-9ec0-4d23-90de-6100d2fc937c,unclean_exit,2026-04-23 10:44:32.995134,"{""type"":""unclean_exit"",""run_id"":""1fa2546e-6d02-45c5-b1d5-b5f0d0d92565"",""app_version"":""1.3.3"",""timestamp"":""2026-04-23T10:44:32.9949027Z"",""started_at"":""2026-04-23T12:37:58.6009111\u002B02:00"",""last_activity_at"":null,""last_activity_source"":null}",2026-04-23T10:44:33.028978+00:00,1fa2546e-6d02-45c5-b1d5-b5f0d0d92565,,
e1f719de-aec2-4f79-99d9-b37eb5f74b51,fdefefe4-9ec0-4d23-90de-6100d2fc937c,app_launch,2026-04-23 10:44:33.030174,"{""type"":""app_launch"",""install_id"":""fdefefe4-9ec0-4d23-90de-6100d2fc937c"",""run_id"":""19235229-a9c8-458c-b254-2d7e83e6e434"",""app_version"":""1.3.3"",""timestamp"":""2026-04-23T10:44:33.0301741Z"",""app_launched_count"":68}",2026-04-23T10:44:33.197559+00:00,19235229-a9c8-458c-b254-2d7e83e6e434,,
2ea26aab-a35b-49b5-8a92-dc127183f190,fdefefe4-9ec0-4d23-90de-6100d2fc937c,unclean_exit,2026-04-23 10:55:41.440091,"{""type"":""unclean_exit"",""run_id"":""19235229-a9c8-458c-b254-2d7e83e6e434"",""app_version"":""1.3.3"",""timestamp"":""2026-04-23T10:55:41.4398828Z"",""started_at"":""2026-04-23T12:44:33.0301741\u002B02:00"",""last_activity_at"":null,""last_activity_source"":null}",2026-04-23T10:55:41.475119+00:00,19235229-a9c8-458c-b254-2d7e83e6e434,,
e59048d6-bd6f-4334-a50c-f39b3a2cacd7,fdefefe4-9ec0-4d23-90de-6100d2fc937c,app_launch,2026-04-23 10:55:41.471080,"{""type"":""app_launch"",""install_id"":""fdefefe4-9ec0-4d23-90de-6100d2fc937c"",""run_id"":""3284142a-3246-479a-b7fd-565b8d11bf94"",""app_version"":""1.3.3"",""timestamp"":""2026-04-23T10:55:41.4710797Z"",""app_launched_count"":69}",2026-04-23T10:55:41.636601+00:00,3284142a-3246-479a-b7fd-565b8d11bf94,,
70d8c041-d443-4285-9896-e2e563baa387,fdefefe4-9ec0-4d23-90de-6100d2fc937c,unclean_exit,2026-04-23 10:59:37.794714,"{""type"":""unclean_exit"",""run_id"":""3284142a-3246-479a-b7fd-565b8d11bf94"",""app_version"":""1.3.3"",""timestamp"":""2026-04-23T10:59:37.7944963Z"",""started_at"":""2026-04-23T12:55:41.4710797\u002B02:00"",""last_activity_at"":null,""last_activity_source"":null}",2026-04-23T10:59:37.824855+00:00,3284142a-3246-479a-b7fd-565b8d11bf94,,
6ba0db81-6002-41f4-b33f-b796d44aea6b,fdefefe4-9ec0-4d23-90de-6100d2fc937c,app_launch,2026-04-23 10:59:37.823280,"{""type"":""app_launch"",""install_id"":""fdefefe4-9ec0-4d23-90de-6100d2fc937c"",""run_id"":""540f3250-671f-4471-be87-01fa3acfefa9"",""app_version"":""1.3.3"",""timestamp"":""2026-04-23T10:59:37.8232797Z"",""app_launched_count"":70}",2026-04-23T10:59:37.985145+00:00,540f3250-671f-4471-be87-01fa3acfefa9,,
36e1f7f9-61f4-401a-b7b0-bb2827708feb,fdefefe4-9ec0-4d23-90de-6100d2fc937c,unclean_exit,2026-04-23 12:03:06.791550,"{""type"":""unclean_exit"",""run_id"":""540f3250-671f-4471-be87-01fa3acfefa9"",""app_version"":""1.3.3"",""timestamp"":""2026-04-23T12:03:06.7912292Z"",""started_at"":""2026-04-23T12:59:37.8232797\u002B02:00"",""last_activity_at"":""2026-04-23T13:06:35.4225600\u002B02:00"",""last_activity_source"":""sale_committed""}",2026-04-23T12:03:06.822094+00:00,540f3250-671f-4471-be87-01fa3acfefa9,2026-04-23T11:06:35.42256+00:00,sale_committed
801dc57e-8eaa-4451-92cb-5753e233bcd8,fdefefe4-9ec0-4d23-90de-6100d2fc937c,app_launch,2026-04-23 12:03:06.822350,"{""type"":""app_launch"",""install_id"":""fdefefe4-9ec0-4d23-90de-6100d2fc937c"",""run_id"":""4a9f6262-ad9c-4528-9ee4-bf3ee4229c54"",""app_version"":""1.3.3"",""timestamp"":""2026-04-23T12:03:06.8223500Z"",""app_launched_count"":71}",2026-04-23T12:03:06.987791+00:00,4a9f6262-ad9c-4528-9ee4-bf3ee4229c54,,
a7f29c89-0288-4586-a748-d11b18d10714,fdefefe4-9ec0-4d23-90de-6100d2fc937c,app_close,2026-04-23 12:03:26.831932,"{""type"":""app_close"",""run_id"":""4a9f6262-ad9c-4528-9ee4-bf3ee4229c54"",""reason"":""window_closed"",""app_version"":""1.3.3"",""timestamp"":""2026-04-23T12:03:26.8271676Z""}",2026-04-23T12:03:26.836817+00:00,4a9f6262-ad9c-4528-9ee4-bf3ee4229c54,,
c139af55-6fb9-451a-ab97-a54818deaadb,fdefefe4-9ec0-4d23-90de-6100d2fc937c,app_launch,2026-04-23 12:08:22.070216,"{""type"":""app_launch"",""install_id"":""fdefefe4-9ec0-4d23-90de-6100d2fc937c"",""run_id"":""b909a3a2-1bbc-4ca5-8be4-a6df97063017"",""app_version"":""1.3.3"",""timestamp"":""2026-04-23T12:08:22.0702163Z"",""app_launched_count"":72}",2026-04-23T12:08:22.090334+00:00,b909a3a2-1bbc-4ca5-8be4-a6df97063017,,
28c0b2e6-7dcd-4c3e-8ed1-5fe311d4a47f,fdefefe4-9ec0-4d23-90de-6100d2fc937c,app_close,2026-04-23 12:23:42.025728,"{""type"":""app_close"",""run_id"":""b909a3a2-1bbc-4ca5-8be4-a6df97063017"",""reason"":""window_closed"",""app_version"":""1.3.3"",""timestamp"":""2026-04-23T12:23:42.0045429Z""}",2026-04-23T12:23:42.029094+00:00,b909a3a2-1bbc-4ca5-8be4-a6df97063017,,
02f41e3f-e5ca-41b7-9847-062991831bb8,fdefefe4-9ec0-4d23-90de-6100d2fc937c,app_launch,2026-04-23 12:29:02.286470,"{""type"":""app_launch"",""install_id"":""fdefefe4-9ec0-4d23-90de-6100d2fc937c"",""run_id"":""e491dbcc-507c-4916-811c-f0c92fe65e4f"",""app_version"":""1.3.3"",""timestamp"":""2026-04-23T12:29:02.2864699Z"",""app_launched_count"":73}",2026-04-23T12:29:02.309427+00:00,e491dbcc-507c-4916-811c-f0c92fe65e4f,,
c6e52cb5-04ff-48b7-9dca-a2af20c206fe,fdefefe4-9ec0-4d23-90de-6100d2fc937c,app_close,2026-04-23 12:29:26.470370,"{""type"":""app_close"",""run_id"":""e491dbcc-507c-4916-811c-f0c92fe65e4f"",""reason"":""window_closed"",""app_version"":""1.3.3"",""timestamp"":""2026-04-23T12:29:26.4467333Z""}",2026-04-23T12:29:26.473223+00:00,e491dbcc-507c-4916-811c-f0c92fe65e4f,,
1c5940d3-b244-47da-8b69-c5418b7319c8,fdefefe4-9ec0-4d23-90de-6100d2fc937c,app_launch,2026-04-23 12:40:17.394104,"{""type"":""app_launch"",""install_id"":""fdefefe4-9ec0-4d23-90de-6100d2fc937c"",""run_id"":""c62cda35-caaa-4171-b97c-c83af911c5c1"",""app_version"":""1.3.3"",""timestamp"":""2026-04-23T12:40:17.3941038Z"",""app_launched_count"":74}",2026-04-23T12:40:17.415498+00:00,c62cda35-caaa-4171-b97c-c83af911c5c1,,
9b133f31-8981-4f50-ad5c-668102dfd510,fdefefe4-9ec0-4d23-90de-6100d2fc937c,app_close,2026-04-23 12:40:39.153148,"{""type"":""app_close"",""run_id"":""c62cda35-caaa-4171-b97c-c83af911c5c1"",""reason"":""window_closed"",""app_version"":""1.3.3"",""timestamp"":""2026-04-23T12:40:39.1469622Z""}",2026-04-23T12:40:39.159456+00:00,c62cda35-caaa-4171-b97c-c83af911c5c1,,
88e9a499-7dcc-40a7-849d-d6dafbb25b8d,fdefefe4-9ec0-4d23-90de-6100d2fc937c,app_launch,2026-04-23 12:45:53.792699,"{""type"":""app_launch"",""install_id"":""fdefefe4-9ec0-4d23-90de-6100d2fc937c"",""run_id"":""ad3bd20e-1a5e-49e9-bd92-1b18b1488a4b"",""app_version"":""1.3.3"",""timestamp"":""2026-04-23T12:45:53.7926986Z"",""app_launched_count"":75}",2026-04-23T12:45:53.822683+00:00,ad3bd20e-1a5e-49e9-bd92-1b18b1488a4b,,
5ebacc5e-7c69-4cd2-9709-564e339d268f,fdefefe4-9ec0-4d23-90de-6100d2fc937c,app_close,2026-04-23 12:46:11.941312,"{""type"":""app_close"",""run_id"":""ad3bd20e-1a5e-49e9-bd92-1b18b1488a4b"",""reason"":""window_closed"",""app_version"":""1.3.3"",""timestamp"":""2026-04-23T12:46:11.9355648Z""}",2026-04-23T12:46:11.944669+00:00,ad3bd20e-1a5e-49e9-bd92-1b18b1488a4b,,
8310052c-516d-4b53-ad2b-9ae9ca8a607b,fdefefe4-9ec0-4d23-90de-6100d2fc937c,app_launch,2026-04-23 12:55:29.680443,"{""type"":""app_launch"",""install_id"":""fdefefe4-9ec0-4d23-90de-6100d2fc937c"",""run_id"":""db73bff0-f928-405b-bdfc-dd718f9876a0"",""app_version"":""1.3.3"",""timestamp"":""2026-04-23T12:55:29.6804429Z"",""app_launched_count"":76}",2026-04-23T12:55:29.725984+00:00,db73bff0-f928-405b-bdfc-dd718f9876a0,,
f8e5b68b-82d7-404c-8637-ef1c2737a0c8,fdefefe4-9ec0-4d23-90de-6100d2fc937c,app_close,2026-04-23 12:56:07.218852,"{""type"":""app_close"",""run_id"":""db73bff0-f928-405b-bdfc-dd718f9876a0"",""reason"":""window_closed"",""app_version"":""1.3.3"",""timestamp"":""2026-04-23T12:56:07.1965075Z""}",2026-04-23T12:56:07.22296+00:00,db73bff0-f928-405b-bdfc-dd718f9876a0,,
b2be2b62-e63e-4c0c-845c-6fc72987f3c4,fdefefe4-9ec0-4d23-90de-6100d2fc937c,app_launch,2026-04-23 12:59:03.547804,"{""type"":""app_launch"",""install_id"":""fdefefe4-9ec0-4d23-90de-6100d2fc937c"",""run_id"":""d1e69f32-ffbc-4d52-85fa-29bf7c67102f"",""app_version"":""1.3.3"",""timestamp"":""2026-04-23T12:59:03.5478036Z"",""app_launched_count"":77}",2026-04-23T12:59:03.590981+00:00,d1e69f32-ffbc-4d52-85fa-29bf7c67102f,,
d8e346e9-309b-4785-8f26-38b2b12f6e19,fdefefe4-9ec0-4d23-90de-6100d2fc937c,unclean_exit,2026-04-23 13:02:11.896768,"{""type"":""unclean_exit"",""run_id"":""d1e69f32-ffbc-4d52-85fa-29bf7c67102f"",""app_version"":""1.3.3"",""timestamp"":""2026-04-23T13:02:11.8964397Z"",""started_at"":""2026-04-23T14:59:03.5478036\u002B02:00"",""last_activity_at"":null,""last_activity_source"":null}",2026-04-23T13:02:11.939462+00:00,d1e69f32-ffbc-4d52-85fa-29bf7c67102f,,
de171d34-1998-49f4-929e-adec769b1657,fdefefe4-9ec0-4d23-90de-6100d2fc937c,app_launch,2026-04-23 13:02:11.943763,"{""type"":""app_launch"",""install_id"":""fdefefe4-9ec0-4d23-90de-6100d2fc937c"",""run_id"":""456fb06f-558f-4e53-884f-ff86f215cb48"",""app_version"":""1.3.3"",""timestamp"":""2026-04-23T13:02:11.9437630Z"",""app_launched_count"":78}",2026-04-23T13:02:12.102812+00:00,456fb06f-558f-4e53-884f-ff86f215cb48,,
8a71dbea-583b-4583-8ba1-52853801fc22,fdefefe4-9ec0-4d23-90de-6100d2fc937c,app_close,2026-04-23 13:03:25.347038,"{""type"":""app_close"",""run_id"":""456fb06f-558f-4e53-884f-ff86f215cb48"",""reason"":""window_closed"",""app_version"":""1.3.3"",""timestamp"":""2026-04-23T13:03:25.3240375Z""}",2026-04-23T13:03:25.351252+00:00,456fb06f-558f-4e53-884f-ff86f215cb48,,
1bb62ab2-5d82-4102-88f4-51223e5b2226,fdefefe4-9ec0-4d23-90de-6100d2fc937c,app_launch,2026-04-23 13:19:10.786319,"{""type"":""app_launch"",""install_id"":""fdefefe4-9ec0-4d23-90de-6100d2fc937c"",""run_id"":""6c394fe2-9fd2-4c81-a0fb-78a21b021159"",""app_version"":""1.3.3"",""timestamp"":""2026-04-23T13:19:10.7863186Z"",""app_launched_count"":79}",2026-04-23T13:19:10.811976+00:00,6c394fe2-9fd2-4c81-a0fb-78a21b021159,,
c4c2902e-6887-4d69-a195-fae301bda9b2,fdefefe4-9ec0-4d23-90de-6100d2fc937c,app_close,2026-04-23 13:19:50.919944,"{""type"":""app_close"",""run_id"":""6c394fe2-9fd2-4c81-a0fb-78a21b021159"",""reason"":""window_closed"",""app_version"":""1.3.3"",""timestamp"":""2026-04-23T13:19:50.8966903Z""}",2026-04-23T13:19:50.924395+00:00,6c394fe2-9fd2-4c81-a0fb-78a21b021159,,
27fb8ce0-de60-42d7-a041-831137d91d23,fdefefe4-9ec0-4d23-90de-6100d2fc937c,app_launch,2026-04-23 13:24:34.559158,"{""type"":""app_launch"",""install_id"":""fdefefe4-9ec0-4d23-90de-6100d2fc937c"",""run_id"":""92337750-79e4-4d17-a8f1-1f059644ece3"",""app_version"":""1.3.3"",""timestamp"":""2026-04-23T13:24:34.5591578Z"",""app_launched_count"":80}",2026-04-23T13:24:34.585355+00:00,92337750-79e4-4d17-a8f1-1f059644ece3,,
b6da67a9-c081-4aea-9d7c-7aa783747e25,fdefefe4-9ec0-4d23-90de-6100d2fc937c,app_close,2026-04-23 13:26:05.378916,"{""type"":""app_close"",""run_id"":""92337750-79e4-4d17-a8f1-1f059644ece3"",""reason"":""window_closed"",""app_version"":""1.3.3"",""timestamp"":""2026-04-23T13:26:05.3204688Z""}",2026-04-23T13:26:05.388081+00:00,92337750-79e4-4d17-a8f1-1f059644ece3,,
4013ed7e-24ad-4b44-b0e9-f1a17b673244,fdefefe4-9ec0-4d23-90de-6100d2fc937c,app_launch,2026-04-23 13:32:07.423381,"{""type"":""app_launch"",""install_id"":""fdefefe4-9ec0-4d23-90de-6100d2fc937c"",""run_id"":""7cef9848-fa66-414a-aacd-05d8a43a6aef"",""app_version"":""1.3.3"",""timestamp"":""2026-04-23T13:32:07.4233812Z"",""app_launched_count"":81}",2026-04-23T13:32:07.451741+00:00,7cef9848-fa66-414a-aacd-05d8a43a6aef,,
ce14fe1d-d965-41c5-8939-b10993d3525d,fdefefe4-9ec0-4d23-90de-6100d2fc937c,unclean_exit,2026-04-23 14:44:18.064856,"{""type"":""unclean_exit"",""run_id"":""7cef9848-fa66-414a-aacd-05d8a43a6aef"",""app_version"":""1.3.3"",""timestamp"":""2026-04-23T14:44:18.0644933Z"",""started_at"":""2026-04-23T15:32:07.4233812\u002B02:00"",""last_activity_at"":null,""last_activity_source"":null}",2026-04-23T14:44:18.096247+00:00,7cef9848-fa66-414a-aacd-05d8a43a6aef,,
9b4b5bac-6ec3-4150-9b73-db021f23b275,fdefefe4-9ec0-4d23-90de-6100d2fc937c,app_launch,2026-04-23 14:44:18.098352,"{""type"":""app_launch"",""install_id"":""fdefefe4-9ec0-4d23-90de-6100d2fc937c"",""run_id"":""614cc83f-4c5d-4e97-9ea0-b4e334512d49"",""app_version"":""1.3.3"",""timestamp"":""2026-04-23T14:44:18.0983522Z"",""app_launched_count"":82}",2026-04-23T14:44:18.270998+00:00,614cc83f-4c5d-4e97-9ea0-b4e334512d49,,
e63ca893-7278-4fd8-8442-535884e5f6d7,fdefefe4-9ec0-4d23-90de-6100d2fc937c,app_close,2026-04-23 14:44:32.204239,"{""type"":""app_close"",""run_id"":""614cc83f-4c5d-4e97-9ea0-b4e334512d49"",""reason"":""window_closed"",""app_version"":""1.3.3"",""timestamp"":""2026-04-23T14:44:32.1989421Z""}",2026-04-23T14:44:32.208046+00:00,614cc83f-4c5d-4e97-9ea0-b4e334512d49,,
7be6a7aa-9684-4c24-966d-b5b9a60b1472,fdefefe4-9ec0-4d23-90de-6100d2fc937c,app_launch,2026-04-23 14:55:59.907274,"{""type"":""app_launch"",""install_id"":""fdefefe4-9ec0-4d23-90de-6100d2fc937c"",""run_id"":""e2a52f91-aa31-46b0-bce4-a3fee1faf6f1"",""app_version"":""1.3.3"",""timestamp"":""2026-04-23T14:55:59.9072743Z"",""app_launched_count"":83}",2026-04-23T14:55:59.931366+00:00,e2a52f91-aa31-46b0-bce4-a3fee1faf6f1,,
f8f73953-4cee-4da8-8225-09c6e48c44c8,fdefefe4-9ec0-4d23-90de-6100d2fc937c,app_close,2026-04-23 14:56:45.696346,"{""type"":""app_close"",""run_id"":""e2a52f91-aa31-46b0-bce4-a3fee1faf6f1"",""reason"":""window_closed"",""app_version"":""1.3.3"",""timestamp"":""2026-04-23T14:56:45.6925156Z""}",2026-04-23T14:56:45.699964+00:00,e2a52f91-aa31-46b0-bce4-a3fee1faf6f1,,
00bda2b3-3435-4f4d-a2bf-522fc503d96d,fdefefe4-9ec0-4d23-90de-6100d2fc937c,app_launch,2026-04-24 02:25:23.145729,"{""type"":""app_launch"",""install_id"":""fdefefe4-9ec0-4d23-90de-6100d2fc937c"",""run_id"":""a9387c7c-0162-4d23-ad86-b3dc6fa58727"",""app_version"":""1.3.3"",""timestamp"":""2026-04-24T02:25:23.1457290Z"",""app_launched_count"":84}",2026-04-24T02:25:23.167965+00:00,a9387c7c-0162-4d23-ad86-b3dc6fa58727,,
db5d4f04-94fa-4e7a-aa80-d0cb7dc0c6a1,fdefefe4-9ec0-4d23-90de-6100d2fc937c,app_close,2026-04-24 03:01:27.692484,"{""type"":""app_close"",""run_id"":""a9387c7c-0162-4d23-ad86-b3dc6fa58727"",""reason"":""window_closed"",""app_version"":""1.3.3"",""timestamp"":""2026-04-24T03:01:27.6306134Z""}",2026-04-24T03:01:27.698246+00:00,a9387c7c-0162-4d23-ad86-b3dc6fa58727,,
39ea1490-d05e-457b-9b5f-696ac93b115c,fdefefe4-9ec0-4d23-90de-6100d2fc937c,app_launch,2026-04-24 04:57:15.915866,"{""type"":""app_launch"",""install_id"":""fdefefe4-9ec0-4d23-90de-6100d2fc937c"",""run_id"":""a3d7e319-90d7-4f40-8ed8-e8ac63acc954"",""app_version"":""1.3.3"",""timestamp"":""2026-04-24T04:57:15.9158656Z"",""app_launched_count"":85}",2026-04-24T04:57:15.936895+00:00,a3d7e319-90d7-4f40-8ed8-e8ac63acc954,,
22e5fe6b-8a9b-448e-886e-fee04d689023,fdefefe4-9ec0-4d23-90de-6100d2fc937c,app_close,2026-04-24 04:57:28.060685,"{""type"":""app_close"",""run_id"":""a3d7e319-90d7-4f40-8ed8-e8ac63acc954"",""reason"":""window_closed"",""app_version"":""1.3.3"",""timestamp"":""2026-04-24T04:57:28.0568981Z""}",2026-04-24T04:57:28.063987+00:00,a3d7e319-90d7-4f40-8ed8-e8ac63acc954,,
63848daa-0f51-420f-86c5-1fe2486eec2a,fdefefe4-9ec0-4d23-90de-6100d2fc937c,app_launch,2026-04-24 05:21:43.281323,"{""type"":""app_launch"",""install_id"":""fdefefe4-9ec0-4d23-90de-6100d2fc937c"",""run_id"":""99319c73-cf1e-4c7e-b1d2-a5257807edf2"",""app_version"":""1.3.3"",""timestamp"":""2026-04-24T05:21:43.2813229Z"",""app_launched_count"":86}",2026-04-24T05:21:43.310169+00:00,99319c73-cf1e-4c7e-b1d2-a5257807edf2,,
e6ac08cf-555c-4034-9fe7-c39b4d3e6863,fdefefe4-9ec0-4d23-90de-6100d2fc937c,app_close,2026-04-24 05:22:03.422196,"{""type"":""app_close"",""run_id"":""99319c73-cf1e-4c7e-b1d2-a5257807edf2"",""reason"":""window_closed"",""app_version"":""1.3.3"",""timestamp"":""2026-04-24T05:22:03.4182447Z""}",2026-04-24T05:22:03.427171+00:00,99319c73-cf1e-4c7e-b1d2-a5257807edf2,,
b7572587-6fdf-4874-a5cf-3309776c0e65,fdefefe4-9ec0-4d23-90de-6100d2fc937c,app_launch,2026-04-24 05:30:11.902942,"{""type"":""app_launch"",""install_id"":""fdefefe4-9ec0-4d23-90de-6100d2fc937c"",""run_id"":""5aff8d2e-6312-4c8b-9dc5-e5b293392950"",""app_version"":""1.3.3"",""timestamp"":""2026-04-24T05:30:11.9029420Z"",""app_launched_count"":87}",2026-04-24T05:30:11.922328+00:00,5aff8d2e-6312-4c8b-9dc5-e5b293392950,,
ef9b9a86-d0c6-4876-a479-e91bf91ee6b2,fdefefe4-9ec0-4d23-90de-6100d2fc937c,app_close,2026-04-24 05:32:10.956715,"{""type"":""app_close"",""run_id"":""5aff8d2e-6312-4c8b-9dc5-e5b293392950"",""reason"":""window_closed"",""app_version"":""1.3.3"",""timestamp"":""2026-04-24T05:32:10.9247667Z""}",2026-04-24T05:32:10.963171+00:00,5aff8d2e-6312-4c8b-9dc5-e5b293392950,,
b507eac7-72d1-4df2-bed5-e7a207f0bf33,fdefefe4-9ec0-4d23-90de-6100d2fc937c,app_launch,2026-04-24 05:33:46.744229,"{""type"":""app_launch"",""install_id"":""fdefefe4-9ec0-4d23-90de-6100d2fc937c"",""run_id"":""2ff25616-1e16-4c69-ab0a-0a61459104a6"",""app_version"":""1.3.3"",""timestamp"":""2026-04-24T05:33:46.7442287Z"",""app_launched_count"":88}",2026-04-24T05:33:46.764618+00:00,2ff25616-1e16-4c69-ab0a-0a61459104a6,,
5d24e589-643d-45fb-9c7d-8c0dc20b83ef,fdefefe4-9ec0-4d23-90de-6100d2fc937c,app_close,2026-04-24 06:15:35.149601,"{""type"":""app_close"",""run_id"":""2ff25616-1e16-4c69-ab0a-0a61459104a6"",""reason"":""window_closed"",""app_version"":""1.3.3"",""timestamp"":""2026-04-24T06:15:35.1263094Z""}",2026-04-24T06:15:35.15493+00:00,2ff25616-1e16-4c69-ab0a-0a61459104a6,,
e4928227-0a1b-4a44-b31a-cdb5dbe9d8b4,fdefefe4-9ec0-4d23-90de-6100d2fc937c,app_launch,2026-04-24 06:17:01.219346,"{""type"":""app_launch"",""install_id"":""fdefefe4-9ec0-4d23-90de-6100d2fc937c"",""run_id"":""5ab490d3-8459-4ee3-bdb5-d16d721b43f7"",""app_version"":""1.3.3"",""timestamp"":""2026-04-24T06:17:01.2193462Z"",""app_launched_count"":89}",2026-04-24T06:17:01.245497+00:00,5ab490d3-8459-4ee3-bdb5-d16d721b43f7,,
ff74e311-c347-4ba2-b968-7f5ed6dc53bc,fdefefe4-9ec0-4d23-90de-6100d2fc937c,app_close,2026-04-24 06:18:31.961061,"{""type"":""app_close"",""run_id"":""5ab490d3-8459-4ee3-bdb5-d16d721b43f7"",""reason"":""window_closed"",""app_version"":""1.3.3"",""timestamp"":""2026-04-24T06:18:31.9571860Z""}",2026-04-24T06:18:31.964378+00:00,5ab490d3-8459-4ee3-bdb5-d16d721b43f7,,
67f6a53d-2431-4ca2-8b44-93e8bcfab3c8,fdefefe4-9ec0-4d23-90de-6100d2fc937c,app_launch,2026-04-24 09:52:24.846076,"{""type"":""app_launch"",""install_id"":""fdefefe4-9ec0-4d23-90de-6100d2fc937c"",""run_id"":""2575d9a1-7cb5-43c2-a417-82a83016212d"",""app_version"":""1.3.3"",""timestamp"":""2026-04-24T09:52:24.8460762Z"",""app_launched_count"":90}",2026-04-24T09:52:24.880226+00:00,2575d9a1-7cb5-43c2-a417-82a83016212d,,
6798ea9e-d2ae-4d51-8e54-cfe46f8715cd,fdefefe4-9ec0-4d23-90de-6100d2fc937c,unclean_exit,2026-04-24 10:03:53.767280,"{""type"":""unclean_exit"",""run_id"":""2575d9a1-7cb5-43c2-a417-82a83016212d"",""app_version"":""1.3.3"",""timestamp"":""2026-04-24T10:03:53.7671270Z"",""started_at"":""2026-04-24T11:52:24.8460762\u002B02:00"",""last_activity_at"":null,""last_activity_source"":null}",2026-04-24T10:03:53.796348+00:00,2575d9a1-7cb5-43c2-a417-82a83016212d,,
3ba59972-3bd9-44f8-8231-f36eef510977,fdefefe4-9ec0-4d23-90de-6100d2fc937c,app_launch,2026-04-24 10:03:53.796217,"{""type"":""app_launch"",""install_id"":""fdefefe4-9ec0-4d23-90de-6100d2fc937c"",""run_id"":""40e27263-5c36-4e07-aac8-fdf4b66cfbe0"",""app_version"":""1.3.3"",""timestamp"":""2026-04-24T10:03:53.7962167Z"",""app_launched_count"":91}",2026-04-24T10:03:53.963335+00:00,40e27263-5c36-4e07-aac8-fdf4b66cfbe0,,
ca950213-5c5b-4007-a623-017dc02f0eb5,fdefefe4-9ec0-4d23-90de-6100d2fc937c,app_close,2026-04-24 10:04:05.610331,"{""type"":""app_close"",""run_id"":""40e27263-5c36-4e07-aac8-fdf4b66cfbe0"",""reason"":""window_closed"",""app_version"":""1.3.3"",""timestamp"":""2026-04-24T10:04:05.6056419Z""}",2026-04-24T10:04:05.612858+00:00,40e27263-5c36-4e07-aac8-fdf4b66cfbe0,,
a0efa5a5-298c-4631-aefb-9bfb97020094,fdefefe4-9ec0-4d23-90de-6100d2fc937c,app_launch,2026-04-24 10:05:00.297934,"{""type"":""app_launch"",""install_id"":""fdefefe4-9ec0-4d23-90de-6100d2fc937c"",""run_id"":""e771add2-07da-46ea-a302-1c70821b0272"",""app_version"":""1.3.3"",""timestamp"":""2026-04-24T10:05:00.2979340Z"",""app_launched_count"":92}",2026-04-24T10:05:00.317638+00:00,e771add2-07da-46ea-a302-1c70821b0272,,
ee672335-fb26-4ce4-a58a-c1134e4a65c5,027b9fdb-467d-44ac-934f-34fe10e8660e,app_launch,2026-04-24 10:21:50.847835,"{""type"":""app_launch"",""install_id"":""027b9fdb-467d-44ac-934f-34fe10e8660e"",""app_version"":""1.3.2"",""timestamp"":""2026-04-24T10:21:50.5533022Z"",""windows_version"":""Microsoft Windows 10.0.26100"",""os_architecture"":""X64"",""dotnet_runtime_version"":"".NET 8.0.26"",""ram_bucket"":""16-32GB"",""cpu_core_bucket"":""5-8 Cores"",""screen_resolution_bucket"":""1366x768"",""build_number"":""1200"",""release_channel"":""production"",""first_run_at"":""2026-04-24T10:21:48.4713157Z"",""last_seen_at"":""2026-04-24T10:21:50.5541483Z"",""days_since_install"":""0"",""days_since_last_seen"":""0"",""country_setting"":""EG"",""currency_setting"":""USD"",""startup_time_bucket_ms"":""1000-2000"",""feature_flags"":[""new_checkout"",""tax_inclusive""],""last_update_prompt_at"":null,""last_update_installed_at"":null,""crash_count"":0,""internet_status"":true,""app_launched_count"":1}",2026-04-24T10:21:50.868478+00:00,,,
9dd41e10-aaed-4a31-b613-11356b19e85a,42ed0d28-6f4d-4944-a0ed-7183616cfa47,app_launch,2026-04-24 10:58:22.975770,"{""type"":""app_launch"",""install_id"":""42ed0d28-6f4d-4944-a0ed-7183616cfa47"",""app_version"":""1.3.2"",""timestamp"":""2026-04-24T10:58:22.8208345Z"",""windows_version"":""Microsoft Windows 10.0.22000"",""os_architecture"":""X64"",""dotnet_runtime_version"":"".NET 8.0.26"",""ram_bucket"":""4-8GB"",""cpu_core_bucket"":""3-4 Cores"",""screen_resolution_bucket"":""1920x1080"",""build_number"":""1200"",""release_channel"":""production"",""first_run_at"":""2026-04-24T10:58:21.1905985Z"",""last_seen_at"":""2026-04-24T10:58:22.8220704Z"",""days_since_install"":""0"",""days_since_last_seen"":""0"",""country_setting"":""BE"",""currency_setting"":""EUR"",""startup_time_bucket_ms"":""1000-2000"",""feature_flags"":[""new_checkout"",""tax_inclusive""],""last_update_prompt_at"":null,""last_update_installed_at"":null,""crash_count"":0,""internet_status"":true,""app_launched_count"":1}",2026-04-24T10:58:22.980683+00:00,,,
54c6422a-ccd3-40b3-8944-737e0b85f5dc,f6f42705-1953-4bec-a294-e4a8668a1868,app_launch,2026-04-22 19:40:15.359689,"{""type"":""app_launch"",""install_id"":""f6f42705-1953-4bec-a294-e4a8668a1868"",""app_version"":""1.3.2"",""timestamp"":""2026-04-22T19:40:15.1233320Z"",""windows_version"":""Microsoft Windows 10.0.19045"",""os_architecture"":""X64"",""dotnet_runtime_version"":"".NET 8.0.26"",""ram_bucket"":""4-8GB"",""cpu_core_bucket"":""1-2 Cores"",""screen_resolution_bucket"":""1920x1080"",""build_number"":""1200"",""release_channel"":""production"",""first_run_at"":""2026-04-11T17:19:07.8760136Z"",""last_seen_at"":""2026-04-22T19:40:15.1249880Z"",""days_since_install"":""11"",""days_since_last_seen"":""0"",""country_setting"":""NG"",""currency_setting"":""NGN"",""startup_time_bucket_ms"":""1000-2000"",""feature_flags"":[""new_checkout"",""tax_inclusive""],""last_update_prompt_at"":null,""last_update_installed_at"":null,""crash_count"":1,""internet_status"":true,""app_launched_count"":5}",2026-04-22T19:40:15.400272+00:00,,,
097d28d2-0bba-480e-b785-6c724a5814d2,fdefefe4-9ec0-4d23-90de-6100d2fc937c,app_close,2026-04-24 10:24:02.150041,"{""type"":""app_close"",""run_id"":""e771add2-07da-46ea-a302-1c70821b0272"",""reason"":""window_closed"",""app_version"":""1.3.3"",""timestamp"":""2026-04-24T10:24:02.1315638Z""}",2026-04-24T10:24:02.153002+00:00,e771add2-07da-46ea-a302-1c70821b0272,,
27f5eba2-2052-4797-9338-505e492b17b8,fdefefe4-9ec0-4d23-90de-6100d2fc937c,app_launch,2026-04-24 15:05:49.076178,"{""type"":""app_launch"",""install_id"":""fdefefe4-9ec0-4d23-90de-6100d2fc937c"",""run_id"":""ed9440a7-7daf-4343-9298-8542a2154c05"",""app_version"":""1.3.3"",""timestamp"":""2026-04-24T15:05:49.0761781Z"",""app_launched_count"":93}",2026-04-24T15:05:49.092713+00:00,ed9440a7-7daf-4343-9298-8542a2154c05,,
69eb221e-a1ec-458c-872a-9ad5287f91a9,fdefefe4-9ec0-4d23-90de-6100d2fc937c,unclean_exit,2026-04-24 15:09:18.749480,"{""type"":""unclean_exit"",""run_id"":""ed9440a7-7daf-4343-9298-8542a2154c05"",""app_version"":""1.3.3"",""timestamp"":""2026-04-24T15:09:18.7491547Z"",""started_at"":""2026-04-24T17:05:49.0761781\u002B02:00"",""last_activity_at"":null,""last_activity_source"":null}",2026-04-24T15:09:18.824507+00:00,ed9440a7-7daf-4343-9298-8542a2154c05,,
d0e79464-94e9-4c7e-a144-f383aed51dda,fdefefe4-9ec0-4d23-90de-6100d2fc937c,app_launch,2026-04-24 15:09:18.834526,"{""type"":""app_launch"",""install_id"":""fdefefe4-9ec0-4d23-90de-6100d2fc937c"",""run_id"":""24362069-0c47-4df6-b463-f94e0c737838"",""app_version"":""1.3.3"",""timestamp"":""2026-04-24T15:09:18.8345256Z"",""app_launched_count"":94}",2026-04-24T15:09:18.849475+00:00,24362069-0c47-4df6-b463-f94e0c737838,,
f3972568-67e1-4d2b-8f9b-b36153656cf0,fdefefe4-9ec0-4d23-90de-6100d2fc937c,unclean_exit,2026-04-24 15:12:13.419052,"{""type"":""unclean_exit"",""run_id"":""24362069-0c47-4df6-b463-f94e0c737838"",""app_version"":""1.3.3"",""timestamp"":""2026-04-24T15:12:13.4185905Z"",""started_at"":""2026-04-24T17:09:18.8345256\u002B02:00"",""last_activity_at"":null,""last_activity_source"":null}",2026-04-24T15:12:13.458492+00:00,24362069-0c47-4df6-b463-f94e0c737838,,
c089f085-ef27-4add-86b0-dd48cb5ade5b,fdefefe4-9ec0-4d23-90de-6100d2fc937c,app_launch,2026-04-24 15:12:13.456086,"{""type"":""app_launch"",""install_id"":""fdefefe4-9ec0-4d23-90de-6100d2fc937c"",""run_id"":""0085b1d3-616a-48fb-b193-e5b351b41811"",""app_version"":""1.3.3"",""timestamp"":""2026-04-24T15:12:13.4560862Z"",""app_launched_count"":95}",2026-04-24T15:12:13.624641+00:00,0085b1d3-616a-48fb-b193-e5b351b41811,,
17ee8cf7-730e-4e96-9159-4dbfe9820f75,fdefefe4-9ec0-4d23-90de-6100d2fc937c,unclean_exit,2026-04-24 15:13:49.647730,"{""type"":""unclean_exit"",""run_id"":""0085b1d3-616a-48fb-b193-e5b351b41811"",""app_version"":""1.3.3"",""timestamp"":""2026-04-24T15:13:49.6474565Z"",""started_at"":""2026-04-24T17:12:13.4560862\u002B02:00"",""last_activity_at"":null,""last_activity_source"":null}",2026-04-24T15:13:49.675363+00:00,0085b1d3-616a-48fb-b193-e5b351b41811,,
60138245-65e0-4798-bfe9-a82539b8f3c9,fdefefe4-9ec0-4d23-90de-6100d2fc937c,app_launch,2026-04-24 15:13:49.672841,"{""type"":""app_launch"",""install_id"":""fdefefe4-9ec0-4d23-90de-6100d2fc937c"",""run_id"":""54446d5c-a6c0-4fa3-b05d-d31941293e31"",""app_version"":""1.3.3"",""timestamp"":""2026-04-24T15:13:49.6728407Z"",""app_launched_count"":96}",2026-04-24T15:13:49.834562+00:00,54446d5c-a6c0-4fa3-b05d-d31941293e31,,
6333b8f5-29a8-4091-bcef-2414dd3bd877,fdefefe4-9ec0-4d23-90de-6100d2fc937c,unclean_exit,2026-04-24 15:24:22.295965,"{""type"":""unclean_exit"",""run_id"":""54446d5c-a6c0-4fa3-b05d-d31941293e31"",""app_version"":""1.3.3"",""timestamp"":""2026-04-24T15:24:22.2956233Z"",""started_at"":""2026-04-24T17:13:49.6728407\u002B02:00"",""last_activity_at"":null,""last_activity_source"":null}",2026-04-24T15:24:22.349469+00:00,54446d5c-a6c0-4fa3-b05d-d31941293e31,,
d1af7ac4-d6a7-45bc-ba22-656d4034a2df,fdefefe4-9ec0-4d23-90de-6100d2fc937c,app_launch,2026-04-24 15:24:22.350017,"{""type"":""app_launch"",""install_id"":""fdefefe4-9ec0-4d23-90de-6100d2fc937c"",""run_id"":""d0a2731b-2cd1-4dbc-bb86-cc7e9e474ea2"",""app_version"":""1.3.3"",""timestamp"":""2026-04-24T15:24:22.3500172Z"",""app_launched_count"":97}",2026-04-24T15:24:22.511926+00:00,d0a2731b-2cd1-4dbc-bb86-cc7e9e474ea2,,
9936e02c-6f6c-4e51-b3ce-66861217e99c,fdefefe4-9ec0-4d23-90de-6100d2fc937c,unclean_exit,2026-04-24 15:35:51.916214,"{""type"":""unclean_exit"",""run_id"":""d0a2731b-2cd1-4dbc-bb86-cc7e9e474ea2"",""app_version"":""1.3.3"",""timestamp"":""2026-04-24T15:35:51.9158719Z"",""started_at"":""2026-04-24T17:24:22.3500172\u002B02:00"",""last_activity_at"":null,""last_activity_source"":null}",2026-04-24T15:35:51.959194+00:00,d0a2731b-2cd1-4dbc-bb86-cc7e9e474ea2,,
7812b39a-95fe-413d-a0f3-eb9e0cf76e97,fdefefe4-9ec0-4d23-90de-6100d2fc937c,app_launch,2026-04-24 15:35:51.955139,"{""type"":""app_launch"",""install_id"":""fdefefe4-9ec0-4d23-90de-6100d2fc937c"",""run_id"":""af39b57c-713a-4739-8292-d8c69a67dde1"",""app_version"":""1.3.3"",""timestamp"":""2026-04-24T15:35:51.9551393Z"",""app_launched_count"":98}",2026-04-24T15:35:52.117832+00:00,af39b57c-713a-4739-8292-d8c69a67dde1,,
4f0b2464-bf16-45d0-be9f-d28c204f5a71,fdefefe4-9ec0-4d23-90de-6100d2fc937c,app_close,2026-04-24 15:37:19.718394,"{""type"":""app_close"",""run_id"":""af39b57c-713a-4739-8292-d8c69a67dde1"",""reason"":""window_closed"",""app_version"":""1.3.3"",""timestamp"":""2026-04-24T15:37:19.6683029Z""}",2026-04-24T15:37:19.723526+00:00,af39b57c-713a-4739-8292-d8c69a67dde1,,
8bd00c0d-84e0-44b1-8b61-91e900c5bcf6,fdefefe4-9ec0-4d23-90de-6100d2fc937c,app_launch,2026-04-24 15:44:07.329991,"{""type"":""app_launch"",""install_id"":""fdefefe4-9ec0-4d23-90de-6100d2fc937c"",""run_id"":""5928c38d-927d-43b1-a303-d13819b03908"",""app_version"":""1.3.3"",""timestamp"":""2026-04-24T15:44:07.3299908Z"",""app_launched_count"":99}",2026-04-24T15:44:07.363454+00:00,5928c38d-927d-43b1-a303-d13819b03908,,
8b03effb-6986-4040-8ecd-67deed78eee0,fdefefe4-9ec0-4d23-90de-6100d2fc937c,unclean_exit,2026-04-24 16:01:04.321583,"{""type"":""unclean_exit"",""run_id"":""5928c38d-927d-43b1-a303-d13819b03908"",""app_version"":""1.3.3"",""timestamp"":""2026-04-24T16:01:04.3211769Z"",""started_at"":""2026-04-24T17:44:07.3299908\u002B02:00"",""last_activity_at"":null,""last_activity_source"":null}",2026-04-24T16:01:04.367267+00:00,5928c38d-927d-43b1-a303-d13819b03908,,
698243a8-5ba9-4343-b3f2-fef7fb88d032,fdefefe4-9ec0-4d23-90de-6100d2fc937c,app_launch,2026-04-24 16:01:04.366740,"{""type"":""app_launch"",""install_id"":""fdefefe4-9ec0-4d23-90de-6100d2fc937c"",""run_id"":""77938e5d-4d15-46a6-8d80-eb2ed02845a0"",""app_version"":""1.3.3"",""timestamp"":""2026-04-24T16:01:04.3667399Z"",""app_launched_count"":100}",2026-04-24T16:01:04.528585+00:00,77938e5d-4d15-46a6-8d80-eb2ed02845a0,,
cbd195ea-a44e-4251-b9fc-7a0f731dfe47,fdefefe4-9ec0-4d23-90de-6100d2fc937c,app_close,2026-04-24 16:02:26.950727,"{""type"":""app_close"",""run_id"":""77938e5d-4d15-46a6-8d80-eb2ed02845a0"",""reason"":""window_closed"",""app_version"":""1.3.3"",""timestamp"":""2026-04-24T16:02:26.9458576Z""}",2026-04-24T16:02:26.957136+00:00,77938e5d-4d15-46a6-8d80-eb2ed02845a0,,
059d597a-8ed8-43c6-a15c-11a35d338c5b,fdefefe4-9ec0-4d23-90de-6100d2fc937c,app_launch,2026-04-24 16:10:12.098197,"{""type"":""app_launch"",""install_id"":""fdefefe4-9ec0-4d23-90de-6100d2fc937c"",""run_id"":""112f45c0-8d5a-47bc-97da-17efc1c6638d"",""app_version"":""1.3.3"",""timestamp"":""2026-04-24T16:10:12.0981972Z"",""app_launched_count"":101}",2026-04-24T16:10:12.125532+00:00,112f45c0-8d5a-47bc-97da-17efc1c6638d,,
6fafe7dd-5a40-42c8-b3e9-939b72301c95,fdefefe4-9ec0-4d23-90de-6100d2fc937c,app_close,2026-04-24 16:12:28.278889,"{""type"":""app_close"",""run_id"":""112f45c0-8d5a-47bc-97da-17efc1c6638d"",""reason"":""window_closed"",""app_version"":""1.3.3"",""timestamp"":""2026-04-24T16:12:28.2255129Z""}",2026-04-24T16:12:28.283406+00:00,112f45c0-8d5a-47bc-97da-17efc1c6638d,,
36ef90dc-1b11-4702-913b-87ce358b537c,fdefefe4-9ec0-4d23-90de-6100d2fc937c,app_launch,2026-04-24 16:14:43.889242,"{""type"":""app_launch"",""install_id"":""fdefefe4-9ec0-4d23-90de-6100d2fc937c"",""run_id"":""ed2ae398-525b-4743-b95c-bac0362f9327"",""app_version"":""1.3.3"",""timestamp"":""2026-04-24T16:14:43.8892419Z"",""app_launched_count"":102}",2026-04-24T16:14:43.909485+00:00,ed2ae398-525b-4743-b95c-bac0362f9327,,
1f71669a-0ca8-4831-8121-084a1718008d,d997415c-0789-4f98-9e68-7817626cf8a5,app_launch,2026-04-24 18:46:45.508585,"{""type"":""app_launch"",""install_id"":""d997415c-0789-4f98-9e68-7817626cf8a5"",""app_version"":""1.3.2"",""timestamp"":""2026-04-24T18:46:45.1615243Z"",""windows_version"":""Microsoft Windows 10.0.19045"",""os_architecture"":""X64"",""dotnet_runtime_version"":"".NET 8.0.26"",""ram_bucket"":""0-4GB"",""cpu_core_bucket"":""3-4 Cores"",""screen_resolution_bucket"":""1366x768"",""build_number"":""1200"",""release_channel"":""production"",""first_run_at"":""2026-04-24T18:46:41.0664349Z"",""last_seen_at"":""2026-04-24T18:46:45.2030821Z"",""days_since_install"":""0"",""days_since_last_seen"":""0"",""country_setting"":""LS"",""currency_setting"":""USD"",""startup_time_bucket_ms"":""1000-2000"",""feature_flags"":[""new_checkout"",""tax_inclusive""],""last_update_prompt_at"":null,""last_update_installed_at"":null,""crash_count"":0,""internet_status"":true,""app_launched_count"":1}",2026-04-24T18:46:45.91714+00:00,,,
69971837-40bc-404c-9ef8-ae84f5d7533d,e3596e49-01f3-40e2-ae97-667b835e2e22,app_launch,2026-04-24 18:46:45.503888,"{""type"":""app_launch"",""install_id"":""e3596e49-01f3-40e2-ae97-667b835e2e22"",""app_version"":""1.3.2"",""timestamp"":""2026-04-24T18:46:45.1511934Z"",""windows_version"":""Microsoft Windows 10.0.19045"",""os_architecture"":""X64"",""dotnet_runtime_version"":"".NET 8.0.26"",""ram_bucket"":""0-4GB"",""cpu_core_bucket"":""3-4 Cores"",""screen_resolution_bucket"":""1366x768"",""build_number"":""1200"",""release_channel"":""production"",""first_run_at"":""2026-04-24T18:46:41.0665363Z"",""last_seen_at"":""2026-04-24T18:46:45.1897876Z"",""days_since_install"":""0"",""days_since_last_seen"":""0"",""country_setting"":""LS"",""currency_setting"":""USD"",""startup_time_bucket_ms"":""1000-2000"",""feature_flags"":[""new_checkout"",""tax_inclusive""],""last_update_prompt_at"":null,""last_update_installed_at"":null,""crash_count"":0,""internet_status"":true,""app_launched_count"":1}",2026-04-24T18:46:45.817683+00:00,,,
d3b56462-ad46-4944-8f5d-e3d88aa21752,e3596e49-01f3-40e2-ae97-667b835e2e22,app_close,2026-04-24 19:08:38.005696,"{""type"":""app_close"",""reason"":""window_closed"",""app_version"":""1.3.2"",""timestamp"":""2026-04-24T19:08:37.7987776Z""}",2026-04-24T19:08:38.389188+00:00,,,
7ba5e247-8444-454c-985a-193a09493858,fdefefe4-9ec0-4d23-90de-6100d2fc937c,app_close,2026-04-24 16:22:12.879811,"{""type"":""app_close"",""run_id"":""ed2ae398-525b-4743-b95c-bac0362f9327"",""reason"":""window_closed"",""app_version"":""1.3.3"",""timestamp"":""2026-04-24T16:22:12.8759205Z""}",2026-04-24T16:22:12.883751+00:00,ed2ae398-525b-4743-b95c-bac0362f9327,,
412ba050-6263-4074-9b55-c79fedf97619,fdefefe4-9ec0-4d23-90de-6100d2fc937c,app_launch,2026-04-25 01:44:51.479550,"{""type"":""app_launch"",""install_id"":""fdefefe4-9ec0-4d23-90de-6100d2fc937c"",""run_id"":""3272b803-6dc8-4148-a68e-3b3f21828640"",""app_version"":""1.3.3"",""timestamp"":""2026-04-25T01:44:51.4795497Z"",""app_launched_count"":103}",2026-04-25T01:44:51.49858+00:00,3272b803-6dc8-4148-a68e-3b3f21828640,,
22b3d499-174e-4308-af58-e5a38cc68f7f,fdefefe4-9ec0-4d23-90de-6100d2fc937c,unclean_exit,2026-04-25 01:51:11.398398,"{""type"":""unclean_exit"",""run_id"":""3272b803-6dc8-4148-a68e-3b3f21828640"",""app_version"":""1.3.3"",""timestamp"":""2026-04-25T01:51:11.3981440Z"",""started_at"":""2026-04-25T03:44:51.4795497\u002B02:00"",""last_activity_at"":null,""last_activity_source"":null}",2026-04-25T01:51:11.426917+00:00,3272b803-6dc8-4148-a68e-3b3f21828640,,
f6ce296f-f11f-4458-92c6-1ec6be1f9a7b,fdefefe4-9ec0-4d23-90de-6100d2fc937c,app_launch,2026-04-25 01:51:11.423575,"{""type"":""app_launch"",""install_id"":""fdefefe4-9ec0-4d23-90de-6100d2fc937c"",""run_id"":""712e8dba-8512-40dc-acc6-e94ac152cfd3"",""app_version"":""1.3.3"",""timestamp"":""2026-04-25T01:51:11.4235749Z"",""app_launched_count"":104}",2026-04-25T01:51:11.604061+00:00,712e8dba-8512-40dc-acc6-e94ac152cfd3,,
bd36476a-8418-4b54-b52c-b1b98497666b,fdefefe4-9ec0-4d23-90de-6100d2fc937c,app_close,2026-04-25 03:34:17.795005,"{""type"":""app_close"",""run_id"":""712e8dba-8512-40dc-acc6-e94ac152cfd3"",""reason"":""window_closed"",""app_version"":""1.3.3"",""timestamp"":""2026-04-25T03:34:17.7757334Z""}",2026-04-25T03:34:17.80294+00:00,712e8dba-8512-40dc-acc6-e94ac152cfd3,,
706f5dc7-b6be-4758-ae44-5c00a53d946e,fdefefe4-9ec0-4d23-90de-6100d2fc937c,app_launch,2026-04-25 03:37:42.889990,"{""type"":""app_launch"",""install_id"":""fdefefe4-9ec0-4d23-90de-6100d2fc937c"",""run_id"":""43d48866-6a27-4506-a343-f6ff1e85a42e"",""app_version"":""1.3.3"",""timestamp"":""2026-04-25T03:37:42.8899901Z"",""app_launched_count"":105}",2026-04-25T03:37:42.905462+00:00,43d48866-6a27-4506-a343-f6ff1e85a42e,,
99daf0e2-af51-4af0-af80-1fed25a8cc89,fdefefe4-9ec0-4d23-90de-6100d2fc937c,unclean_exit,2026-04-25 03:38:00.734825,"{""type"":""unclean_exit"",""run_id"":""43d48866-6a27-4506-a343-f6ff1e85a42e"",""app_version"":""1.3.3"",""timestamp"":""2026-04-25T03:38:00.7346439Z"",""started_at"":""2026-04-25T05:37:42.8899901\u002B02:00"",""last_activity_at"":null,""last_activity_source"":null}",2026-04-25T03:38:00.763165+00:00,43d48866-6a27-4506-a343-f6ff1e85a42e,,
06156c82-8633-4065-bea6-0dfccd172173,fdefefe4-9ec0-4d23-90de-6100d2fc937c,app_launch,2026-04-25 03:38:00.763131,"{""type"":""app_launch"",""install_id"":""fdefefe4-9ec0-4d23-90de-6100d2fc937c"",""run_id"":""157c5dfe-672d-4d57-b3bf-019f81bb2171"",""app_version"":""1.3.3"",""timestamp"":""2026-04-25T03:38:00.7631307Z"",""app_launched_count"":106}",2026-04-25T03:38:00.930679+00:00,157c5dfe-672d-4d57-b3bf-019f81bb2171,,
d7dac432-7f93-4d42-8833-927ebbb67ab9,fdefefe4-9ec0-4d23-90de-6100d2fc937c,unclean_exit,2026-04-25 03:39:07.980158,"{""type"":""unclean_exit"",""run_id"":""157c5dfe-672d-4d57-b3bf-019f81bb2171"",""app_version"":""1.3.3"",""timestamp"":""2026-04-25T03:39:07.9797978Z"",""started_at"":""2026-04-25T05:38:00.7631307\u002B02:00"",""last_activity_at"":null,""last_activity_source"":null}",2026-04-25T03:39:08.009948+00:00,157c5dfe-672d-4d57-b3bf-019f81bb2171,,
f55cba3f-40b3-491a-b84d-05f3926e2703,fdefefe4-9ec0-4d23-90de-6100d2fc937c,app_launch,2026-04-25 03:39:08.008065,"{""type"":""app_launch"",""install_id"":""fdefefe4-9ec0-4d23-90de-6100d2fc937c"",""run_id"":""feaa8260-33f4-4a20-bccd-680ab89166ba"",""app_version"":""1.3.3"",""timestamp"":""2026-04-25T03:39:08.0080647Z"",""app_launched_count"":107}",2026-04-25T03:39:08.178221+00:00,feaa8260-33f4-4a20-bccd-680ab89166ba,,
98de1597-663e-4ff6-8154-0c6c143a40a6,fdefefe4-9ec0-4d23-90de-6100d2fc937c,unclean_exit,2026-04-25 03:45:15.044504,"{""type"":""unclean_exit"",""run_id"":""feaa8260-33f4-4a20-bccd-680ab89166ba"",""app_version"":""1.3.3"",""timestamp"":""2026-04-25T03:45:15.0443490Z"",""started_at"":""2026-04-25T05:39:08.0080647\u002B02:00"",""last_activity_at"":null,""last_activity_source"":null}",2026-04-25T03:45:15.070898+00:00,feaa8260-33f4-4a20-bccd-680ab89166ba,,
14f190b5-f329-4a32-8931-84baf99728e0,fdefefe4-9ec0-4d23-90de-6100d2fc937c,app_launch,2026-04-25 03:45:15.072004,"{""type"":""app_launch"",""install_id"":""fdefefe4-9ec0-4d23-90de-6100d2fc937c"",""run_id"":""a210b94f-fa79-48fc-8ad5-d1660d067b86"",""app_version"":""1.3.3"",""timestamp"":""2026-04-25T03:45:15.0720037Z"",""app_launched_count"":108}",2026-04-25T03:45:15.239628+00:00,a210b94f-fa79-48fc-8ad5-d1660d067b86,,
357cd973-eab4-4bda-a44e-8f666f61bcab,fdefefe4-9ec0-4d23-90de-6100d2fc937c,unclean_exit,2026-04-25 03:51:29.159918,"{""type"":""unclean_exit"",""run_id"":""a210b94f-fa79-48fc-8ad5-d1660d067b86"",""app_version"":""1.3.3"",""timestamp"":""2026-04-25T03:51:29.1597543Z"",""started_at"":""2026-04-25T05:45:15.0720037\u002B02:00"",""last_activity_at"":null,""last_activity_source"":null}",2026-04-25T03:51:29.188461+00:00,a210b94f-fa79-48fc-8ad5-d1660d067b86,,
b6837790-6cfb-4b91-b46b-5d6e14a4eafb,fdefefe4-9ec0-4d23-90de-6100d2fc937c,app_launch,2026-04-25 03:51:29.186202,"{""type"":""app_launch"",""install_id"":""fdefefe4-9ec0-4d23-90de-6100d2fc937c"",""run_id"":""1bff9eef-037e-4105-9dba-26a4fdc01ec0"",""app_version"":""1.3.3"",""timestamp"":""2026-04-25T03:51:29.1862022Z"",""app_launched_count"":109}",2026-04-25T03:51:30.45696+00:00,1bff9eef-037e-4105-9dba-26a4fdc01ec0,,
1675d809-ffcb-4308-853a-7547f07d2b80,fdefefe4-9ec0-4d23-90de-6100d2fc937c,unclean_exit,2026-04-25 03:52:51.828416,"{""type"":""unclean_exit"",""run_id"":""1bff9eef-037e-4105-9dba-26a4fdc01ec0"",""app_version"":""1.3.3"",""timestamp"":""2026-04-25T03:52:51.8282449Z"",""started_at"":""2026-04-25T05:51:29.1862022\u002B02:00"",""last_activity_at"":null,""last_activity_source"":null}",2026-04-25T03:52:51.841633+00:00,1bff9eef-037e-4105-9dba-26a4fdc01ec0,,
bd7929f7-3c68-4f17-aaa4-fa083a960d59,fdefefe4-9ec0-4d23-90de-6100d2fc937c,app_launch,2026-04-25 03:52:51.840897,"{""type"":""app_launch"",""install_id"":""fdefefe4-9ec0-4d23-90de-6100d2fc937c"",""run_id"":""84becd5d-e496-4cc5-8b3d-b092997120d5"",""app_version"":""1.3.3"",""timestamp"":""2026-04-25T03:52:51.8408970Z"",""app_launched_count"":110}",2026-04-25T03:52:51.995512+00:00,84becd5d-e496-4cc5-8b3d-b092997120d5,,
08aa281e-77cd-4b7a-935f-bdb9a1c85791,fdefefe4-9ec0-4d23-90de-6100d2fc937c,app_close,2026-04-25 03:54:49.498901,"{""type"":""app_close"",""run_id"":""84becd5d-e496-4cc5-8b3d-b092997120d5"",""reason"":""window_closed"",""app_version"":""1.3.3"",""timestamp"":""2026-04-25T03:54:49.4981006Z""}",2026-04-25T03:54:49.500973+00:00,84becd5d-e496-4cc5-8b3d-b092997120d5,,
d1b38c75-6f2e-4a01-9e78-c2a7f14225b6,fdefefe4-9ec0-4d23-90de-6100d2fc937c,app_launch,2026-04-25 04:33:45.938232,"{""type"":""app_launch"",""install_id"":""fdefefe4-9ec0-4d23-90de-6100d2fc937c"",""run_id"":""ef5a29c6-476d-49a9-a95f-fcf13eaddf38"",""app_version"":""1.3.3"",""timestamp"":""2026-04-25T04:33:45.9382315Z"",""app_launched_count"":111}",2026-04-25T04:33:45.96034+00:00,ef5a29c6-476d-49a9-a95f-fcf13eaddf38,,
2b0c2d5a-a1ed-4406-a3e5-082ddc7fff47,fdefefe4-9ec0-4d23-90de-6100d2fc937c,unclean_exit,2026-04-25 07:16:36.913793,"{""type"":""unclean_exit"",""run_id"":""ef5a29c6-476d-49a9-a95f-fcf13eaddf38"",""app_version"":""1.3.3"",""timestamp"":""2026-04-25T07:16:36.9136387Z"",""started_at"":""2026-04-25T06:33:45.9382315\u002B02:00"",""last_activity_at"":null,""last_activity_source"":null}",2026-04-25T07:16:36.941927+00:00,ef5a29c6-476d-49a9-a95f-fcf13eaddf38,,
f7df3a7c-3784-4d8c-8ce8-662a88c92043,fdefefe4-9ec0-4d23-90de-6100d2fc937c,app_launch,2026-04-25 07:16:36.940259,"{""type"":""app_launch"",""install_id"":""fdefefe4-9ec0-4d23-90de-6100d2fc937c"",""run_id"":""abedf21b-7356-4cba-9f38-d6fa8931de20"",""app_version"":""1.3.3"",""timestamp"":""2026-04-25T07:16:36.9402594Z"",""app_launched_count"":112}",2026-04-25T07:16:37.119484+00:00,abedf21b-7356-4cba-9f38-d6fa8931de20,,
a969b835-8539-4d0b-b02b-b59884dc5093,fdefefe4-9ec0-4d23-90de-6100d2fc937c,unclean_exit,2026-04-25 07:59:31.232141,"{""type"":""unclean_exit"",""run_id"":""abedf21b-7356-4cba-9f38-d6fa8931de20"",""app_version"":""1.3.3"",""timestamp"":""2026-04-25T07:59:31.2319365Z"",""started_at"":""2026-04-25T09:16:36.9402594\u002B02:00"",""last_activity_at"":""2026-04-25T09:47:32.5077668\u002B02:00"",""last_activity_source"":""sale_committed""}",2026-04-25T07:59:31.299251+00:00,abedf21b-7356-4cba-9f38-d6fa8931de20,2026-04-25T07:47:32.507767+00:00,sale_committed
5cbd5713-25ac-4570-952f-47c0b93f0ea8,fdeb7b71-5543-4755-926d-89ed20f4e78a,crash_feedback,2026-04-29 08:15:01.881266,"{""category"":""products"",""details"":""""}",2026-04-29T08:15:01.901072+00:00,,,
2ba9a722-afff-4c6b-8eda-9ba60cca96e4,fdefefe4-9ec0-4d23-90de-6100d2fc937c,app_launch,2026-04-25 07:59:31.300778,"{""type"":""app_launch"",""install_id"":""fdefefe4-9ec0-4d23-90de-6100d2fc937c"",""run_id"":""df91b460-990b-422e-b268-2e37beb4b358"",""app_version"":""1.3.3"",""timestamp"":""2026-04-25T07:59:31.3007775Z"",""app_launched_count"":113}",2026-04-25T07:59:31.468573+00:00,df91b460-990b-422e-b268-2e37beb4b358,,
8c0d738d-1da4-4e25-a1eb-2d79351995a9,fdefefe4-9ec0-4d23-90de-6100d2fc937c,unclean_exit,2026-04-25 08:13:49.570436,"{""type"":""unclean_exit"",""run_id"":""df91b460-990b-422e-b268-2e37beb4b358"",""app_version"":""1.3.3"",""timestamp"":""2026-04-25T08:13:49.5702272Z"",""started_at"":""2026-04-25T09:59:31.3007775\u002B02:00"",""last_activity_at"":null,""last_activity_source"":null}",2026-04-25T08:13:49.639011+00:00,df91b460-990b-422e-b268-2e37beb4b358,,
6a427dc2-a1c7-47d1-a92e-fa0da3093106,fdefefe4-9ec0-4d23-90de-6100d2fc937c,app_launch,2026-04-25 08:13:49.632553,"{""type"":""app_launch"",""install_id"":""fdefefe4-9ec0-4d23-90de-6100d2fc937c"",""run_id"":""c12451ba-1dd3-408b-89f7-7e851e80bdae"",""app_version"":""1.3.3"",""timestamp"":""2026-04-25T08:13:49.6325527Z"",""app_launched_count"":114}",2026-04-25T08:13:49.805977+00:00,c12451ba-1dd3-408b-89f7-7e851e80bdae,,
2e39b3a9-8c0a-4479-b4da-bf830a0a91bc,fdefefe4-9ec0-4d23-90de-6100d2fc937c,unclean_exit,2026-04-25 08:16:10.131875,"{""type"":""unclean_exit"",""run_id"":""c12451ba-1dd3-408b-89f7-7e851e80bdae"",""app_version"":""1.3.3"",""timestamp"":""2026-04-25T08:16:10.1315268Z"",""started_at"":""2026-04-25T10:13:49.6325527\u002B02:00"",""last_activity_at"":null,""last_activity_source"":null}",2026-04-25T08:16:10.160481+00:00,c12451ba-1dd3-408b-89f7-7e851e80bdae,,
b4afe7f8-28a2-4dfd-9c8c-fa70b7773c25,fdefefe4-9ec0-4d23-90de-6100d2fc937c,app_launch,2026-04-25 08:16:10.155697,"{""type"":""app_launch"",""install_id"":""fdefefe4-9ec0-4d23-90de-6100d2fc937c"",""run_id"":""6bf64bed-d98d-4319-8cb1-bd72ac2127cd"",""app_version"":""1.3.3"",""timestamp"":""2026-04-25T08:16:10.1556970Z"",""app_launched_count"":115}",2026-04-25T08:16:10.315472+00:00,6bf64bed-d98d-4319-8cb1-bd72ac2127cd,,
1c6c3912-82c5-4d64-b6f5-215d9fc43af9,fdefefe4-9ec0-4d23-90de-6100d2fc937c,unclean_exit,2026-04-25 09:01:12.569033,"{""type"":""unclean_exit"",""run_id"":""6bf64bed-d98d-4319-8cb1-bd72ac2127cd"",""app_version"":""1.3.3"",""timestamp"":""2026-04-25T09:01:12.5673162Z"",""started_at"":""2026-04-25T10:16:10.1556970\u002B02:00"",""last_activity_at"":null,""last_activity_source"":null}",2026-04-25T09:01:12.604612+00:00,6bf64bed-d98d-4319-8cb1-bd72ac2127cd,,
e7079067-5ecb-4137-9863-54a5149721ed,fdefefe4-9ec0-4d23-90de-6100d2fc937c,app_launch,2026-04-25 09:01:12.601946,"{""type"":""app_launch"",""install_id"":""fdefefe4-9ec0-4d23-90de-6100d2fc937c"",""run_id"":""93cb91ca-15c1-42a4-8ecc-12a74db5b541"",""app_version"":""1.3.3"",""timestamp"":""2026-04-25T09:01:12.6019461Z"",""app_launched_count"":116}",2026-04-25T09:01:12.768981+00:00,93cb91ca-15c1-42a4-8ecc-12a74db5b541,,
f9d16904-b5d9-4c3f-b8c7-0f1887b9a838,fdefefe4-9ec0-4d23-90de-6100d2fc937c,app_close,2026-04-25 09:02:03.779858,"{""type"":""app_close"",""run_id"":""93cb91ca-15c1-42a4-8ecc-12a74db5b541"",""reason"":""window_closed"",""app_version"":""1.3.3"",""timestamp"":""2026-04-25T09:02:03.7755604Z""}",2026-04-25T09:02:03.7868+00:00,93cb91ca-15c1-42a4-8ecc-12a74db5b541,,
0bd2fb30-8da8-42b7-a948-208caa325c6f,fdefefe4-9ec0-4d23-90de-6100d2fc937c,app_launch,2026-04-25 09:27:51.577192,"{""type"":""app_launch"",""install_id"":""fdefefe4-9ec0-4d23-90de-6100d2fc937c"",""run_id"":""faec0dc2-8f28-4844-9b67-de6814e1dddf"",""app_version"":""1.3.3"",""timestamp"":""2026-04-25T09:27:51.5771921Z"",""app_launched_count"":117}",2026-04-25T09:27:51.603347+00:00,faec0dc2-8f28-4844-9b67-de6814e1dddf,,
705dc01b-d0d0-4f64-8327-415b81d2863f,fdefefe4-9ec0-4d23-90de-6100d2fc937c,unclean_exit,2026-04-25 09:48:11.102425,"{""type"":""unclean_exit"",""run_id"":""faec0dc2-8f28-4844-9b67-de6814e1dddf"",""app_version"":""1.3.3"",""timestamp"":""2026-04-25T09:48:11.1022159Z"",""started_at"":""2026-04-25T11:27:51.5771921\u002B02:00"",""last_activity_at"":null,""last_activity_source"":null}",2026-04-25T09:48:11.147397+00:00,faec0dc2-8f28-4844-9b67-de6814e1dddf,,
6f458ea3-6779-47b2-af36-a719209dc110,fdefefe4-9ec0-4d23-90de-6100d2fc937c,app_launch,2026-04-25 09:48:11.140773,"{""type"":""app_launch"",""install_id"":""fdefefe4-9ec0-4d23-90de-6100d2fc937c"",""run_id"":""7d700b4b-7bff-442d-b5f9-cac22202a065"",""app_version"":""1.3.3"",""timestamp"":""2026-04-25T09:48:11.1407731Z"",""app_launched_count"":118}",2026-04-25T09:48:11.343594+00:00,7d700b4b-7bff-442d-b5f9-cac22202a065,,
bddc9fd6-9a90-4cdf-ac0d-1e09f3941281,fdefefe4-9ec0-4d23-90de-6100d2fc937c,unclean_exit,2026-04-25 09:49:25.720016,"{""type"":""unclean_exit"",""run_id"":""7d700b4b-7bff-442d-b5f9-cac22202a065"",""app_version"":""1.3.3"",""timestamp"":""2026-04-25T09:49:25.7196054Z"",""started_at"":""2026-04-25T11:48:11.1407731\u002B02:00"",""last_activity_at"":null,""last_activity_source"":null}",2026-04-25T09:49:25.758866+00:00,7d700b4b-7bff-442d-b5f9-cac22202a065,,
cd745d7c-2da2-40b0-a915-da1f63393e36,fdefefe4-9ec0-4d23-90de-6100d2fc937c,app_launch,2026-04-25 09:49:25.757616,"{""type"":""app_launch"",""install_id"":""fdefefe4-9ec0-4d23-90de-6100d2fc937c"",""run_id"":""aca07a75-d025-4fcb-85c5-4fe223a319d0"",""app_version"":""1.3.3"",""timestamp"":""2026-04-25T09:49:25.7576158Z"",""app_launched_count"":119}",2026-04-25T09:49:25.925206+00:00,aca07a75-d025-4fcb-85c5-4fe223a319d0,,
3a56af26-bca3-496a-999d-8a887d051377,fdefefe4-9ec0-4d23-90de-6100d2fc937c,app_close,2026-04-25 09:52:30.871072,"{""type"":""app_close"",""run_id"":""aca07a75-d025-4fcb-85c5-4fe223a319d0"",""reason"":""window_closed"",""app_version"":""1.3.3"",""timestamp"":""2026-04-25T09:52:30.8454406Z""}",2026-04-25T09:52:30.875446+00:00,aca07a75-d025-4fcb-85c5-4fe223a319d0,,
9142c3f6-edd2-420a-aca9-d854921027a0,fdefefe4-9ec0-4d23-90de-6100d2fc937c,app_launch,2026-04-25 10:01:51.592596,"{""type"":""app_launch"",""install_id"":""fdefefe4-9ec0-4d23-90de-6100d2fc937c"",""run_id"":""936e0914-6dd1-43c6-ad4d-66dbcab77a90"",""app_version"":""1.3.3"",""timestamp"":""2026-04-25T10:01:51.5925962Z"",""app_launched_count"":120}",2026-04-25T10:01:51.623304+00:00,936e0914-6dd1-43c6-ad4d-66dbcab77a90,,
725dc596-f71f-4bd8-a77f-5df6324e05de,fdefefe4-9ec0-4d23-90de-6100d2fc937c,unclean_exit,2026-04-25 10:08:00.822844,"{""type"":""unclean_exit"",""run_id"":""936e0914-6dd1-43c6-ad4d-66dbcab77a90"",""app_version"":""1.3.3"",""timestamp"":""2026-04-25T10:08:00.8225467Z"",""started_at"":""2026-04-25T12:01:51.5925962\u002B02:00"",""last_activity_at"":null,""last_activity_source"":null}",2026-04-25T10:08:00.85366+00:00,936e0914-6dd1-43c6-ad4d-66dbcab77a90,,
c21d1f69-cd3f-4720-a122-1b5a896450f8,fdefefe4-9ec0-4d23-90de-6100d2fc937c,app_launch,2026-04-25 10:08:00.852508,"{""type"":""app_launch"",""install_id"":""fdefefe4-9ec0-4d23-90de-6100d2fc937c"",""run_id"":""a6e62b45-cedd-43c0-9144-7d958f512e9b"",""app_version"":""1.3.3"",""timestamp"":""2026-04-25T10:08:00.8525083Z"",""app_launched_count"":121}",2026-04-25T10:08:01.020253+00:00,a6e62b45-cedd-43c0-9144-7d958f512e9b,,
75a7fd6b-ad98-4a13-a8c8-30da21e56fa3,fdefefe4-9ec0-4d23-90de-6100d2fc937c,app_close,2026-04-25 10:08:30.539734,"{""type"":""app_close"",""run_id"":""a6e62b45-cedd-43c0-9144-7d958f512e9b"",""reason"":""window_closed"",""app_version"":""1.3.3"",""timestamp"":""2026-04-25T10:08:30.5350417Z""}",2026-04-25T10:08:30.544816+00:00,a6e62b45-cedd-43c0-9144-7d958f512e9b,,
baa7ee1c-7471-4404-a52b-117cc48337a0,fdefefe4-9ec0-4d23-90de-6100d2fc937c,app_launch,2026-04-25 10:08:37.274197,"{""type"":""app_launch"",""install_id"":""fdefefe4-9ec0-4d23-90de-6100d2fc937c"",""run_id"":""ad3faa08-13fb-4d17-b88b-cc57bd399513"",""app_version"":""1.3.3"",""timestamp"":""2026-04-25T10:08:37.2741973Z"",""app_launched_count"":122}",2026-04-25T10:08:37.290456+00:00,ad3faa08-13fb-4d17-b88b-cc57bd399513,,
89d0042f-a1f9-448c-800c-250446dd8e14,fdefefe4-9ec0-4d23-90de-6100d2fc937c,app_close,2026-04-25 10:09:14.939759,"{""type"":""app_close"",""run_id"":""ad3faa08-13fb-4d17-b88b-cc57bd399513"",""reason"":""window_closed"",""app_version"":""1.3.3"",""timestamp"":""2026-04-25T10:09:14.9383722Z""}",2026-04-25T10:09:14.942742+00:00,ad3faa08-13fb-4d17-b88b-cc57bd399513,,
58c37a6a-4267-4fd3-b4ef-8a1044bf1132,fdefefe4-9ec0-4d23-90de-6100d2fc937c,app_launch,2026-04-25 11:04:52.148972,"{""type"":""app_launch"",""install_id"":""fdefefe4-9ec0-4d23-90de-6100d2fc937c"",""run_id"":""d28e2d3b-66b8-40ea-b257-1e825a390d02"",""app_version"":""1.3.3"",""timestamp"":""2026-04-25T11:04:52.1489725Z"",""app_launched_count"":123}",2026-04-25T11:04:52.167197+00:00,d28e2d3b-66b8-40ea-b257-1e825a390d02,,
dccce9de-d7f2-4b92-9f78-b9117fe71404,fdefefe4-9ec0-4d23-90de-6100d2fc937c,app_close,2026-04-25 11:12:44.285466,"{""type"":""app_close"",""run_id"":""d28e2d3b-66b8-40ea-b257-1e825a390d02"",""reason"":""window_closed"",""app_version"":""1.3.3"",""timestamp"":""2026-04-25T11:12:44.2818415Z""}",2026-04-25T11:12:44.290416+00:00,d28e2d3b-66b8-40ea-b257-1e825a390d02,,
cfc7243e-0659-4ee8-89ef-df69b2220d55,fdefefe4-9ec0-4d23-90de-6100d2fc937c,app_launch,2026-04-25 11:16:57.904015,"{""type"":""app_launch"",""install_id"":""fdefefe4-9ec0-4d23-90de-6100d2fc937c"",""run_id"":""c9bd79df-0a4b-4d22-9cc7-82deed14f658"",""app_version"":""1.3.3"",""timestamp"":""2026-04-25T11:16:57.9040146Z"",""app_launched_count"":124}",2026-04-25T11:16:57.928777+00:00,c9bd79df-0a4b-4d22-9cc7-82deed14f658,,
9c6999dd-35e0-4936-a6b6-6b22f07be427,fdefefe4-9ec0-4d23-90de-6100d2fc937c,unclean_exit,2026-04-25 11:22:14.229774,"{""type"":""unclean_exit"",""run_id"":""c9bd79df-0a4b-4d22-9cc7-82deed14f658"",""app_version"":""1.3.3"",""timestamp"":""2026-04-25T11:22:14.2295565Z"",""started_at"":""2026-04-25T13:16:57.9040146\u002B02:00"",""last_activity_at"":null,""last_activity_source"":null}",2026-04-25T11:22:14.272512+00:00,c9bd79df-0a4b-4d22-9cc7-82deed14f658,,
87dd49b7-5009-40a2-a37c-e06a7158feb0,fdefefe4-9ec0-4d23-90de-6100d2fc937c,app_launch,2026-04-25 11:22:14.267002,"{""type"":""app_launch"",""install_id"":""fdefefe4-9ec0-4d23-90de-6100d2fc937c"",""run_id"":""bd24d53b-f798-40c0-9835-e16ce78d7da7"",""app_version"":""1.3.3"",""timestamp"":""2026-04-25T11:22:14.2670021Z"",""app_launched_count"":125}",2026-04-25T11:22:14.425795+00:00,bd24d53b-f798-40c0-9835-e16ce78d7da7,,
de1e77c7-d831-4596-9aff-6d2874ae65fb,027b9fdb-467d-44ac-934f-34fe10e8660e,app_launch,2026-04-25 11:47:11.198130,"{""type"":""app_launch"",""install_id"":""027b9fdb-467d-44ac-934f-34fe10e8660e"",""run_id"":""33e1fc09-a78f-4314-b42a-5edf207424b7"",""app_version"":""1.3.3"",""timestamp"":""2026-04-25T11:47:11.1981295Z"",""app_launched_count"":2}",2026-04-25T11:47:11.211704+00:00,33e1fc09-a78f-4314-b42a-5edf207424b7,,
d928088b-2472-4a74-9c4d-d584030b2118,027b9fdb-467d-44ac-934f-34fe10e8660e,app_close,2026-04-25 11:48:01.088552,"{""type"":""app_close"",""run_id"":""33e1fc09-a78f-4314-b42a-5edf207424b7"",""reason"":""window_closed"",""app_version"":""1.3.3"",""timestamp"":""2026-04-25T11:48:01.0871025Z""}",2026-04-25T11:48:01.095238+00:00,33e1fc09-a78f-4314-b42a-5edf207424b7,,
6f67a806-3c8f-4c7e-8f9a-21cae144a6a8,027b9fdb-467d-44ac-934f-34fe10e8660e,app_launch,2026-04-25 11:49:17.528154,"{""type"":""app_launch"",""install_id"":""027b9fdb-467d-44ac-934f-34fe10e8660e"",""run_id"":""02f6cf77-ae60-4b2d-a49c-d8a42f7bcbfb"",""app_version"":""1.3.3"",""timestamp"":""2026-04-25T11:49:17.5281539Z"",""app_launched_count"":3}",2026-04-25T11:49:17.550134+00:00,02f6cf77-ae60-4b2d-a49c-d8a42f7bcbfb,,
d005650b-24dd-46f7-bc40-c9fe512560e5,027b9fdb-467d-44ac-934f-34fe10e8660e,unclean_exit,2026-04-25 12:03:09.951177,"{""type"":""unclean_exit"",""run_id"":""02f6cf77-ae60-4b2d-a49c-d8a42f7bcbfb"",""app_version"":""1.3.3"",""timestamp"":""2026-04-25T12:03:09.9508555Z"",""started_at"":""2026-04-25T13:49:17.5281539\u002B02:00"",""last_activity_at"":null,""last_activity_source"":null}",2026-04-25T12:03:09.975196+00:00,02f6cf77-ae60-4b2d-a49c-d8a42f7bcbfb,,
64595d2a-d0d0-4e61-a0c7-f8dd4b38074c,027b9fdb-467d-44ac-934f-34fe10e8660e,app_launch,2026-04-25 12:03:10.021381,"{""type"":""app_launch"",""install_id"":""027b9fdb-467d-44ac-934f-34fe10e8660e"",""run_id"":""6fc7a6d3-2871-484e-ab24-166c23617c66"",""app_version"":""1.3.3"",""timestamp"":""2026-04-25T12:03:10.0213806Z"",""app_launched_count"":4}",2026-04-25T12:03:10.027073+00:00,6fc7a6d3-2871-484e-ab24-166c23617c66,,
f1fdc388-433b-481d-8a14-658e360cc323,027b9fdb-467d-44ac-934f-34fe10e8660e,unclean_exit,2026-04-25 12:09:45.231416,"{""type"":""unclean_exit"",""run_id"":""6fc7a6d3-2871-484e-ab24-166c23617c66"",""app_version"":""1.3.3"",""timestamp"":""2026-04-25T12:09:45.2312078Z"",""started_at"":""2026-04-25T14:03:10.0213806\u002B02:00"",""last_activity_at"":null,""last_activity_source"":null}",2026-04-25T12:09:45.26302+00:00,6fc7a6d3-2871-484e-ab24-166c23617c66,,
ead5ba28-87c5-430a-9edc-4cc1ecb6883a,027b9fdb-467d-44ac-934f-34fe10e8660e,app_launch,2026-04-25 12:09:45.266930,"{""type"":""app_launch"",""install_id"":""027b9fdb-467d-44ac-934f-34fe10e8660e"",""run_id"":""19394748-1425-4f42-a10c-c0cffe32ff7c"",""app_version"":""1.3.3"",""timestamp"":""2026-04-25T12:09:45.2669299Z"",""app_launched_count"":5}",2026-04-25T12:09:45.434683+00:00,19394748-1425-4f42-a10c-c0cffe32ff7c,,
15f19980-cca6-4346-85c3-66ed44ece557,fdeb7b71-5543-4755-926d-89ed20f4e78a,app_launch,2026-04-25 12:10:40.439248,"{""type"":""app_launch"",""install_id"":""fdeb7b71-5543-4755-926d-89ed20f4e78a"",""run_id"":""6cfaa8bd-e978-4710-b7c4-7395550f6966"",""app_version"":""1.3.3"",""timestamp"":""2026-04-25T12:10:40.4392477Z"",""app_launched_count"":1}",2026-04-25T12:10:40.453417+00:00,6cfaa8bd-e978-4710-b7c4-7395550f6966,,
136f7d72-ff0c-4026-8055-0323ee6b3811,fdeb7b71-5543-4755-926d-89ed20f4e78a,app_close,2026-04-25 12:13:20.208430,"{""type"":""app_close"",""run_id"":""6cfaa8bd-e978-4710-b7c4-7395550f6966"",""reason"":""window_closed"",""app_version"":""1.3.3"",""timestamp"":""2026-04-25T12:13:20.2066860Z""}",2026-04-25T12:13:20.211818+00:00,6cfaa8bd-e978-4710-b7c4-7395550f6966,,
47766656-e942-48b1-a3bf-57f67e12488c,fdeb7b71-5543-4755-926d-89ed20f4e78a,app_launch,2026-04-25 12:14:34.479053,"{""type"":""app_launch"",""install_id"":""fdeb7b71-5543-4755-926d-89ed20f4e78a"",""run_id"":""ceb29bfd-dac8-4b75-b583-5b0ee7d7f5b1"",""app_version"":""1.3.3"",""timestamp"":""2026-04-25T12:14:34.4790532Z"",""app_launched_count"":2}",2026-04-25T12:14:34.500208+00:00,ceb29bfd-dac8-4b75-b583-5b0ee7d7f5b1,,
f446ecad-923b-4f55-af4c-f4baf1da2ea8,fdeb7b71-5543-4755-926d-89ed20f4e78a,app_close,2026-04-25 12:18:31.518698,"{""type"":""app_close"",""run_id"":""ceb29bfd-dac8-4b75-b583-5b0ee7d7f5b1"",""reason"":""window_closed"",""app_version"":""1.3.3"",""timestamp"":""2026-04-25T12:18:31.5148781Z""}",2026-04-25T12:18:31.522284+00:00,ceb29bfd-dac8-4b75-b583-5b0ee7d7f5b1,,
886372ec-edf7-4b27-bd58-010bff83b855,fdeb7b71-5543-4755-926d-89ed20f4e78a,app_launch,2026-04-25 12:58:14.765421,"{""type"":""app_launch"",""install_id"":""fdeb7b71-5543-4755-926d-89ed20f4e78a"",""run_id"":""f0827a5b-ca38-49ca-aedb-642c4d322ea0"",""app_version"":""1.4.0"",""timestamp"":""2026-04-25T12:58:14.7654210Z"",""app_launched_count"":3}",2026-04-25T12:58:14.786132+00:00,f0827a5b-ca38-49ca-aedb-642c4d322ea0,,
440281a1-1346-48c3-964a-a97dc038143f,fdeb7b71-5543-4755-926d-89ed20f4e78a,app_close,2026-04-25 12:58:35.492797,"{""type"":""app_close"",""run_id"":""f0827a5b-ca38-49ca-aedb-642c4d322ea0"",""reason"":""window_closed"",""app_version"":""1.4.0"",""timestamp"":""2026-04-25T12:58:35.4879147Z""}",2026-04-25T12:58:35.496019+00:00,f0827a5b-ca38-49ca-aedb-642c4d322ea0,,
7445a088-8f02-401d-8dcb-6cce39cf958b,fdeb7b71-5543-4755-926d-89ed20f4e78a,app_launch,2026-04-25 14:43:46.851753,"{""type"":""app_launch"",""install_id"":""fdeb7b71-5543-4755-926d-89ed20f4e78a"",""run_id"":""31e3ea91-0081-4ddd-8b7b-30be19d19df5"",""app_version"":""1.4.0"",""timestamp"":""2026-04-25T14:43:46.8517531Z"",""app_launched_count"":4}",2026-04-25T14:43:46.8707+00:00,31e3ea91-0081-4ddd-8b7b-30be19d19df5,,
38fea14c-1da7-4d0f-947a-1aebbe25f18f,fdeb7b71-5543-4755-926d-89ed20f4e78a,app_close,2026-04-25 15:26:35.195225,"{""type"":""app_close"",""run_id"":""31e3ea91-0081-4ddd-8b7b-30be19d19df5"",""reason"":""window_closed"",""app_version"":""1.4.0"",""timestamp"":""2026-04-25T15:26:35.1931039Z""}",2026-04-25T15:26:35.198854+00:00,31e3ea91-0081-4ddd-8b7b-30be19d19df5,,
6ef194b4-f8b3-4696-b120-9a113fb9cbbb,fdeb7b71-5543-4755-926d-89ed20f4e78a,app_launch,2026-04-25 15:44:39.960961,"{""type"":""app_launch"",""install_id"":""fdeb7b71-5543-4755-926d-89ed20f4e78a"",""run_id"":""c881dbf5-b9d6-468b-a4fb-ef282e6c6be1"",""app_version"":""1.4.0"",""timestamp"":""2026-04-25T15:44:39.9609610Z"",""app_launched_count"":5}",2026-04-25T15:44:39.987374+00:00,c881dbf5-b9d6-468b-a4fb-ef282e6c6be1,,
da98a2ef-9fe3-4605-a874-4cf791df187e,fdeb7b71-5543-4755-926d-89ed20f4e78a,app_close,2026-04-25 15:46:16.708928,"{""type"":""app_close"",""run_id"":""c881dbf5-b9d6-468b-a4fb-ef282e6c6be1"",""reason"":""window_closed"",""app_version"":""1.4.0"",""timestamp"":""2026-04-25T15:46:16.6867774Z""}",2026-04-25T15:46:16.712934+00:00,c881dbf5-b9d6-468b-a4fb-ef282e6c6be1,,
ef100805-0690-46e8-b511-1b824833137d,fdeb7b71-5543-4755-926d-89ed20f4e78a,app_launch,2026-04-25 15:50:42.831252,"{""type"":""app_launch"",""install_id"":""fdeb7b71-5543-4755-926d-89ed20f4e78a"",""run_id"":""31426530-b332-485f-9f0b-42fc8dcb899b"",""app_version"":""1.4.0"",""timestamp"":""2026-04-25T15:50:42.8312522Z"",""app_launched_count"":6}",2026-04-25T15:50:42.86157+00:00,31426530-b332-485f-9f0b-42fc8dcb899b,,
d03f1e68-8964-4f0f-823a-5b8427c3c51c,fdeb7b71-5543-4755-926d-89ed20f4e78a,unclean_exit,2026-04-25 17:04:04.501950,"{""type"":""unclean_exit"",""run_id"":""31426530-b332-485f-9f0b-42fc8dcb899b"",""app_version"":""1.4.0"",""timestamp"":""2026-04-25T17:04:04.5017407Z"",""started_at"":""2026-04-25T17:50:42.8312522\u002B02:00"",""last_activity_at"":null,""last_activity_source"":null}",2026-04-25T17:04:04.955758+00:00,31426530-b332-485f-9f0b-42fc8dcb899b,,
88cc7f63-396f-4f44-8461-99f68da03303,fdeb7b71-5543-4755-926d-89ed20f4e78a,app_launch,2026-04-25 17:04:04.534385,"{""type"":""app_launch"",""install_id"":""fdeb7b71-5543-4755-926d-89ed20f4e78a"",""run_id"":""f9ef5d1a-5ac1-49e3-b3a3-dd33bfaaa2d5"",""app_version"":""1.4.0"",""timestamp"":""2026-04-25T17:04:04.5343854Z"",""app_launched_count"":7}",2026-04-25T17:04:05.120616+00:00,f9ef5d1a-5ac1-49e3-b3a3-dd33bfaaa2d5,,
f863d250-4ab5-4d08-ae1e-023b9fbea519,fdeb7b71-5543-4755-926d-89ed20f4e78a,unclean_exit,2026-04-25 17:13:58.466233,"{""type"":""unclean_exit"",""run_id"":""f9ef5d1a-5ac1-49e3-b3a3-dd33bfaaa2d5"",""app_version"":""1.4.0"",""timestamp"":""2026-04-25T17:13:58.4658699Z"",""started_at"":""2026-04-25T19:04:04.5343854\u002B02:00"",""last_activity_at"":null,""last_activity_source"":null}",2026-04-25T17:13:58.529194+00:00,f9ef5d1a-5ac1-49e3-b3a3-dd33bfaaa2d5,,
f4b1a436-b040-4d69-adf5-31cd5f1f1f20,fdeb7b71-5543-4755-926d-89ed20f4e78a,app_launch,2026-04-25 17:13:58.522224,"{""type"":""app_launch"",""install_id"":""fdeb7b71-5543-4755-926d-89ed20f4e78a"",""run_id"":""4950febd-c26b-4413-9e93-1f656bd641d9"",""app_version"":""1.4.0"",""timestamp"":""2026-04-25T17:13:58.5222238Z"",""app_launched_count"":8}",2026-04-25T17:13:58.689763+00:00,4950febd-c26b-4413-9e93-1f656bd641d9,,
4af9fbfa-27fb-4547-ac59-fa4d61a40578,fdeb7b71-5543-4755-926d-89ed20f4e78a,app_launch,2026-04-26 17:45:38.201989,"{""type"":""app_launch"",""install_id"":""fdeb7b71-5543-4755-926d-89ed20f4e78a"",""run_id"":""25f423b4-3331-4c3e-8b1a-864a2d9ffe5c"",""app_version"":""1.4.0"",""timestamp"":""2026-04-26T17:45:38.2019894Z"",""app_launched_count"":9}",2026-04-26T17:45:38.218956+00:00,25f423b4-3331-4c3e-8b1a-864a2d9ffe5c,,
c2f0d5f7-9069-4435-a3f8-5490c37b6119,fdeb7b71-5543-4755-926d-89ed20f4e78a,app_close,2026-04-26 17:46:49.620105,"{""type"":""app_close"",""run_id"":""25f423b4-3331-4c3e-8b1a-864a2d9ffe5c"",""reason"":""window_closed"",""app_version"":""1.4.0"",""timestamp"":""2026-04-26T17:46:49.6081135Z""}",2026-04-26T17:46:49.623794+00:00,25f423b4-3331-4c3e-8b1a-864a2d9ffe5c,,
c373296d-f7b2-4017-880c-6ed2b28f485f,fdeb7b71-5543-4755-926d-89ed20f4e78a,app_launch,2026-04-26 17:50:53.769959,"{""type"":""app_launch"",""install_id"":""fdeb7b71-5543-4755-926d-89ed20f4e78a"",""run_id"":""a8186046-c8a1-442e-b6b8-8328ce85eccb"",""app_version"":""1.4.0"",""timestamp"":""2026-04-26T17:50:53.7699586Z"",""app_launched_count"":10}",2026-04-26T17:50:53.790074+00:00,a8186046-c8a1-442e-b6b8-8328ce85eccb,,
d1009548-9f51-45a0-8b27-77a0c29ccac2,fdeb7b71-5543-4755-926d-89ed20f4e78a,app_close,2026-04-26 17:54:38.682657,"{""type"":""app_close"",""run_id"":""a8186046-c8a1-442e-b6b8-8328ce85eccb"",""reason"":""window_closed"",""app_version"":""1.4.0"",""timestamp"":""2026-04-26T17:54:38.6703926Z""}",2026-04-26T17:54:38.685372+00:00,a8186046-c8a1-442e-b6b8-8328ce85eccb,,
a07b20cc-28fe-4316-bd0e-bbf9248be980,fdeb7b71-5543-4755-926d-89ed20f4e78a,app_launch,2026-04-26 17:55:48.175445,"{""type"":""app_launch"",""install_id"":""fdeb7b71-5543-4755-926d-89ed20f4e78a"",""run_id"":""4be24fbc-bf31-4eee-b39c-5dd42907db61"",""app_version"":""1.4.0"",""timestamp"":""2026-04-26T17:55:48.1754447Z"",""app_launched_count"":11}",2026-04-26T17:55:48.193085+00:00,4be24fbc-bf31-4eee-b39c-5dd42907db61,,
33f5bc09-b254-45d1-81af-b6bb2724d72d,fdeb7b71-5543-4755-926d-89ed20f4e78a,app_close,2026-04-26 17:56:05.141206,"{""type"":""app_close"",""run_id"":""4be24fbc-bf31-4eee-b39c-5dd42907db61"",""reason"":""window_closed"",""app_version"":""1.4.0"",""timestamp"":""2026-04-26T17:56:05.1366948Z""}",2026-04-26T17:56:05.145202+00:00,4be24fbc-bf31-4eee-b39c-5dd42907db61,,
952e53e9-17b4-4fbe-9493-e01a2450c8f0,fdeb7b71-5543-4755-926d-89ed20f4e78a,app_launch,2026-04-26 18:07:36.976934,"{""type"":""app_launch"",""install_id"":""fdeb7b71-5543-4755-926d-89ed20f4e78a"",""run_id"":""fb70c0d9-5c2b-4400-8542-42ffb15264f0"",""app_version"":""1.4.0"",""timestamp"":""2026-04-26T18:07:36.9769335Z"",""app_launched_count"":12}",2026-04-26T18:07:36.991885+00:00,fb70c0d9-5c2b-4400-8542-42ffb15264f0,,
63e9c340-9867-4676-aafe-1223f223a760,fdeb7b71-5543-4755-926d-89ed20f4e78a,unclean_exit,2026-04-26 18:11:04.363493,"{""type"":""unclean_exit"",""run_id"":""fb70c0d9-5c2b-4400-8542-42ffb15264f0"",""app_version"":""1.4.0"",""timestamp"":""2026-04-26T18:11:04.3632693Z"",""started_at"":""2026-04-26T20:07:36.9769335\u002B02:00"",""last_activity_at"":null,""last_activity_source"":null}",2026-04-26T18:11:04.421345+00:00,fb70c0d9-5c2b-4400-8542-42ffb15264f0,,
ced2758b-ecd6-4732-9a64-cda3e7c8bd31,fdeb7b71-5543-4755-926d-89ed20f4e78a,app_launch,2026-04-26 18:11:04.419804,"{""type"":""app_launch"",""install_id"":""fdeb7b71-5543-4755-926d-89ed20f4e78a"",""run_id"":""e3a1b6d4-8295-4d54-a6ca-f94baf64728d"",""app_version"":""1.4.0"",""timestamp"":""2026-04-26T18:11:04.4198044Z"",""app_launched_count"":13}",2026-04-26T18:11:04.583357+00:00,e3a1b6d4-8295-4d54-a6ca-f94baf64728d,,
8f1e602c-e1db-4468-87eb-81da962c934e,fdeb7b71-5543-4755-926d-89ed20f4e78a,app_close,2026-04-26 18:15:26.562737,"{""type"":""app_close"",""run_id"":""e3a1b6d4-8295-4d54-a6ca-f94baf64728d"",""reason"":""window_closed"",""app_version"":""1.4.0"",""timestamp"":""2026-04-26T18:15:26.5513901Z""}",2026-04-26T18:15:26.565219+00:00,e3a1b6d4-8295-4d54-a6ca-f94baf64728d,,
a7631a47-8ca3-413c-a086-7b8b6ac522a6,fdeb7b71-5543-4755-926d-89ed20f4e78a,app_launch,2026-04-26 18:53:00.479530,"{""type"":""app_launch"",""install_id"":""fdeb7b71-5543-4755-926d-89ed20f4e78a"",""run_id"":""53b2084e-5d97-405a-ac3d-ec92c4118ac9"",""app_version"":""1.4.0"",""timestamp"":""2026-04-26T18:53:00.4795302Z"",""app_launched_count"":14}",2026-04-26T18:53:00.498273+00:00,53b2084e-5d97-405a-ac3d-ec92c4118ac9,,
df467c07-5ca7-4ea8-a5cc-f8c586419fdd,fdeb7b71-5543-4755-926d-89ed20f4e78a,app_close,2026-04-26 18:55:32.566166,"{""type"":""app_close"",""run_id"":""53b2084e-5d97-405a-ac3d-ec92c4118ac9"",""reason"":""window_closed"",""app_version"":""1.4.0"",""timestamp"":""2026-04-26T18:55:32.5557922Z""}",2026-04-26T18:55:32.568794+00:00,53b2084e-5d97-405a-ac3d-ec92c4118ac9,,
9e006d6a-d9cd-4d7a-b6a9-128e54c00c4e,fdeb7b71-5543-4755-926d-89ed20f4e78a,app_launch,2026-04-27 08:22:48.063566,"{""type"":""app_launch"",""install_id"":""fdeb7b71-5543-4755-926d-89ed20f4e78a"",""run_id"":""21dae86a-f6ff-4559-8216-0a542bb273e6"",""app_version"":""1.4.0"",""timestamp"":""2026-04-27T08:22:48.0635657Z"",""app_launched_count"":15}",2026-04-27T08:22:48.090398+00:00,21dae86a-f6ff-4559-8216-0a542bb273e6,,
45e70168-e769-4fd8-98d4-126359ad0b14,fdeb7b71-5543-4755-926d-89ed20f4e78a,unclean_exit,2026-04-27 08:45:28.499701,"{""type"":""unclean_exit"",""run_id"":""21dae86a-f6ff-4559-8216-0a542bb273e6"",""app_version"":""1.4.0"",""timestamp"":""2026-04-27T08:45:28.4993951Z"",""started_at"":""2026-04-27T10:22:48.0635657\u002B02:00"",""last_activity_at"":null,""last_activity_source"":null}",2026-04-27T08:45:28.528407+00:00,21dae86a-f6ff-4559-8216-0a542bb273e6,,
f0e1b185-e3b2-4498-aee4-5abe4e5adb23,fdeb7b71-5543-4755-926d-89ed20f4e78a,app_launch,2026-04-27 08:45:28.603796,"{""type"":""app_launch"",""install_id"":""fdeb7b71-5543-4755-926d-89ed20f4e78a"",""run_id"":""61c12ab8-5cd4-4378-b147-54bec6ba1865"",""app_version"":""1.4.0"",""timestamp"":""2026-04-27T08:45:28.6037964Z"",""app_launched_count"":16}",2026-04-27T08:45:28.609012+00:00,61c12ab8-5cd4-4378-b147-54bec6ba1865,,
8d934a3c-ed4a-4035-a056-149adad277fb,fdeb7b71-5543-4755-926d-89ed20f4e78a,unclean_exit,2026-04-27 09:00:31.413516,"{""type"":""unclean_exit"",""run_id"":""61c12ab8-5cd4-4378-b147-54bec6ba1865"",""app_version"":""1.4.0"",""timestamp"":""2026-04-27T09:00:31.4129722Z"",""started_at"":""2026-04-27T10:45:28.6037964\u002B02:00"",""last_activity_at"":null,""last_activity_source"":null}",2026-04-27T09:00:31.456325+00:00,61c12ab8-5cd4-4378-b147-54bec6ba1865,,
2917003b-1fea-4f1e-9899-68dbdbb286be,fdeb7b71-5543-4755-926d-89ed20f4e78a,app_launch,2026-04-27 09:00:31.541776,"{""type"":""app_launch"",""install_id"":""fdeb7b71-5543-4755-926d-89ed20f4e78a"",""run_id"":""13d63ec8-3720-49d1-82c6-cbca39ac5391"",""app_version"":""1.4.0"",""timestamp"":""2026-04-27T09:00:31.5417761Z"",""app_launched_count"":17}",2026-04-27T09:00:31.548249+00:00,13d63ec8-3720-49d1-82c6-cbca39ac5391,,
979a558b-1272-4a80-bbbc-3f0285fb9b8e,fdeb7b71-5543-4755-926d-89ed20f4e78a,unclean_exit,2026-04-27 09:09:20.289561,"{""type"":""unclean_exit"",""run_id"":""13d63ec8-3720-49d1-82c6-cbca39ac5391"",""app_version"":""1.4.0"",""timestamp"":""2026-04-27T09:09:20.2890581Z"",""started_at"":""2026-04-27T11:00:31.5417761\u002B02:00"",""last_activity_at"":null,""last_activity_source"":null}",2026-04-27T09:09:20.33037+00:00,13d63ec8-3720-49d1-82c6-cbca39ac5391,,
c8713bc5-a385-40a7-ad21-21cd64bdd770,fdeb7b71-5543-4755-926d-89ed20f4e78a,app_launch,2026-04-27 09:09:20.425527,"{""type"":""app_launch"",""install_id"":""fdeb7b71-5543-4755-926d-89ed20f4e78a"",""run_id"":""47cf12ae-da61-4c0f-b113-fd121e430e5d"",""app_version"":""1.4.0"",""timestamp"":""2026-04-27T09:09:20.4255273Z"",""app_launched_count"":18}",2026-04-27T09:09:20.431821+00:00,47cf12ae-da61-4c0f-b113-fd121e430e5d,,
e2bcf178-4823-467f-8989-14e5e214c47f,fdeb7b71-5543-4755-926d-89ed20f4e78a,app_close,2026-04-27 09:09:41.731707,"{""type"":""app_close"",""run_id"":""47cf12ae-da61-4c0f-b113-fd121e430e5d"",""reason"":""window_closed"",""app_version"":""1.4.0"",""timestamp"":""2026-04-27T09:09:41.7277111Z""}",2026-04-27T09:09:41.736417+00:00,47cf12ae-da61-4c0f-b113-fd121e430e5d,,
6ec75a88-e548-4c00-829e-e34862c6eb88,fdeb7b71-5543-4755-926d-89ed20f4e78a,app_launch,2026-04-27 09:14:16.094826,"{""type"":""app_launch"",""install_id"":""fdeb7b71-5543-4755-926d-89ed20f4e78a"",""run_id"":""3e1e9e91-9278-437d-9616-dadfba55290e"",""app_version"":""1.4.0"",""timestamp"":""2026-04-27T09:14:16.0948258Z"",""app_launched_count"":19}",2026-04-27T09:14:16.119746+00:00,3e1e9e91-9278-437d-9616-dadfba55290e,,
54a253bd-c64d-47f3-bf27-b9eee577faad,fdeb7b71-5543-4755-926d-89ed20f4e78a,unclean_exit,2026-04-27 09:20:14.845462,"{""type"":""unclean_exit"",""run_id"":""3e1e9e91-9278-437d-9616-dadfba55290e"",""app_version"":""1.4.0"",""timestamp"":""2026-04-27T09:20:14.8447938Z"",""started_at"":""2026-04-27T11:14:16.0948258\u002B02:00"",""last_activity_at"":null,""last_activity_source"":null}",2026-04-27T09:20:14.886873+00:00,3e1e9e91-9278-437d-9616-dadfba55290e,,
1228da6e-cef7-4685-bf59-989c2f8bbbca,fdeb7b71-5543-4755-926d-89ed20f4e78a,app_launch,2026-04-27 09:20:14.875639,"{""type"":""app_launch"",""install_id"":""fdeb7b71-5543-4755-926d-89ed20f4e78a"",""run_id"":""aae07c2e-0770-4e1b-879f-164a399988ef"",""app_version"":""1.4.0"",""timestamp"":""2026-04-27T09:20:14.8756387Z"",""app_launched_count"":20}",2026-04-27T09:20:15.043951+00:00,aae07c2e-0770-4e1b-879f-164a399988ef,,
fce48350-708c-4a33-ba6c-5d9be8601567,fdeb7b71-5543-4755-926d-89ed20f4e78a,unclean_exit,2026-04-27 09:50:14.369411,"{""type"":""unclean_exit"",""run_id"":""aae07c2e-0770-4e1b-879f-164a399988ef"",""app_version"":""1.4.0"",""timestamp"":""2026-04-27T09:50:14.3691447Z"",""started_at"":""2026-04-27T11:20:14.8756387\u002B02:00"",""last_activity_at"":null,""last_activity_source"":null}",2026-04-27T09:50:14.409022+00:00,aae07c2e-0770-4e1b-879f-164a399988ef,,
39afec74-5d9a-4166-9db5-582fdf253ec6,fdeb7b71-5543-4755-926d-89ed20f4e78a,app_launch,2026-04-27 09:50:14.403165,"{""type"":""app_launch"",""install_id"":""fdeb7b71-5543-4755-926d-89ed20f4e78a"",""run_id"":""3f273614-decb-463c-87b4-a8e71a6a5db7"",""app_version"":""1.4.0"",""timestamp"":""2026-04-27T09:50:14.4031652Z"",""app_launched_count"":21}",2026-04-27T09:50:14.567439+00:00,3f273614-decb-463c-87b4-a8e71a6a5db7,,
f98d3e52-1a66-4be6-b0fd-95c0a369c64b,fdeb7b71-5543-4755-926d-89ed20f4e78a,unclean_exit,2026-04-27 10:02:04.513106,"{""type"":""unclean_exit"",""run_id"":""3f273614-decb-463c-87b4-a8e71a6a5db7"",""app_version"":""1.4.0"",""timestamp"":""2026-04-27T10:02:04.5124916Z"",""started_at"":""2026-04-27T11:50:14.4031652\u002B02:00"",""last_activity_at"":null,""last_activity_source"":null}",2026-04-27T10:02:04.571401+00:00,3f273614-decb-463c-87b4-a8e71a6a5db7,,
47042f54-7169-4918-a1ab-263b11305c33,fdeb7b71-5543-4755-926d-89ed20f4e78a,app_launch,2026-04-27 10:02:04.563480,"{""type"":""app_launch"",""install_id"":""fdeb7b71-5543-4755-926d-89ed20f4e78a"",""run_id"":""da7640b5-0fa9-403a-a01c-f88d527fac7d"",""app_version"":""1.4.0"",""timestamp"":""2026-04-27T10:02:04.5634797Z"",""app_launched_count"":22}",2026-04-27T10:02:04.723423+00:00,da7640b5-0fa9-403a-a01c-f88d527fac7d,,
b40a42b9-f8a9-465e-aab0-ec0a41073ca7,fdeb7b71-5543-4755-926d-89ed20f4e78a,unclean_exit,2026-04-27 11:32:27.969636,"{""type"":""unclean_exit"",""run_id"":""da7640b5-0fa9-403a-a01c-f88d527fac7d"",""app_version"":""1.4.0"",""timestamp"":""2026-04-27T11:32:27.9693546Z"",""started_at"":""2026-04-27T12:02:04.5634797\u002B02:00"",""last_activity_at"":null,""last_activity_source"":null}",2026-04-27T11:32:28.00295+00:00,da7640b5-0fa9-403a-a01c-f88d527fac7d,,
32b98113-5ca7-4ad6-bffb-c34c3325fc95,fdeb7b71-5543-4755-926d-89ed20f4e78a,app_launch,2026-04-27 11:32:27.996486,"{""type"":""app_launch"",""install_id"":""fdeb7b71-5543-4755-926d-89ed20f4e78a"",""run_id"":""dfa30a0a-ddb6-48ec-8b20-56faef924b00"",""app_version"":""1.4.0"",""timestamp"":""2026-04-27T11:32:27.9964857Z"",""app_launched_count"":23}",2026-04-27T11:32:28.158288+00:00,dfa30a0a-ddb6-48ec-8b20-56faef924b00,,
99b8309f-ce1a-4dfe-b4fe-06b5fb26baa9,fdeb7b71-5543-4755-926d-89ed20f4e78a,unclean_exit,2026-04-27 11:34:18.457766,"{""type"":""unclean_exit"",""run_id"":""dfa30a0a-ddb6-48ec-8b20-56faef924b00"",""app_version"":""1.4.0"",""timestamp"":""2026-04-27T11:34:18.4573087Z"",""started_at"":""2026-04-27T13:32:27.9964857\u002B02:00"",""last_activity_at"":null,""last_activity_source"":null}",2026-04-27T11:34:18.501671+00:00,dfa30a0a-ddb6-48ec-8b20-56faef924b00,,
35ace398-a7cc-4bcd-8789-5d84d26f2893,fdeb7b71-5543-4755-926d-89ed20f4e78a,app_launch,2026-04-27 11:34:18.493567,"{""type"":""app_launch"",""install_id"":""fdeb7b71-5543-4755-926d-89ed20f4e78a"",""run_id"":""a2a6dedf-1ad9-4bc2-95a8-01c313b4aac1"",""app_version"":""1.4.0"",""timestamp"":""2026-04-27T11:34:18.4935669Z"",""app_launched_count"":24}",2026-04-27T11:34:18.659265+00:00,a2a6dedf-1ad9-4bc2-95a8-01c313b4aac1,,
d92cf07a-a1ff-43f0-9578-cdbdcfc5b58e,fdeb7b71-5543-4755-926d-89ed20f4e78a,app_close,2026-04-27 11:34:56.784193,"{""type"":""app_close"",""run_id"":""a2a6dedf-1ad9-4bc2-95a8-01c313b4aac1"",""reason"":""window_closed"",""app_version"":""1.4.0"",""timestamp"":""2026-04-27T11:34:56.7804109Z""}",2026-04-27T11:34:56.792164+00:00,a2a6dedf-1ad9-4bc2-95a8-01c313b4aac1,,
e17db42a-7327-4a32-b44d-12815a8aa8eb,fdeb7b71-5543-4755-926d-89ed20f4e78a,app_launch,2026-04-27 11:37:31.686579,"{""type"":""app_launch"",""install_id"":""fdeb7b71-5543-4755-926d-89ed20f4e78a"",""run_id"":""c94662f5-0ce7-4c81-b9f1-4a7b64e4b74e"",""app_version"":""1.4.0"",""timestamp"":""2026-04-27T11:37:31.6865786Z"",""app_launched_count"":25}",2026-04-27T11:37:31.70764+00:00,c94662f5-0ce7-4c81-b9f1-4a7b64e4b74e,,
66f8dd84-a5ec-4dd4-931e-17fd6c75aa3c,fdeb7b71-5543-4755-926d-89ed20f4e78a,unclean_exit,2026-04-27 12:02:26.541456,"{""type"":""unclean_exit"",""run_id"":""c94662f5-0ce7-4c81-b9f1-4a7b64e4b74e"",""app_version"":""1.4.0"",""timestamp"":""2026-04-27T12:02:26.5410963Z"",""started_at"":""2026-04-27T13:37:31.6865786\u002B02:00"",""last_activity_at"":""2026-04-27T13:46:34.1823646\u002B02:00"",""last_activity_source"":""sale_committed""}",2026-04-27T12:02:26.581483+00:00,c94662f5-0ce7-4c81-b9f1-4a7b64e4b74e,2026-04-27T11:46:34.182365+00:00,sale_committed
c47d8f5d-908d-437f-8b13-49558e1e51c3,fdeb7b71-5543-4755-926d-89ed20f4e78a,app_launch,2026-04-27 12:02:26.575404,"{""type"":""app_launch"",""install_id"":""fdeb7b71-5543-4755-926d-89ed20f4e78a"",""run_id"":""c148d162-8c46-4e6d-a3a6-11fd102a9f32"",""app_version"":""1.4.0"",""timestamp"":""2026-04-27T12:02:26.5754044Z"",""app_launched_count"":26}",2026-04-27T12:02:26.734314+00:00,c148d162-8c46-4e6d-a3a6-11fd102a9f32,,
79792ddd-37dd-4cb7-81fe-ab5655d7e300,fdeb7b71-5543-4755-926d-89ed20f4e78a,unclean_exit,2026-04-27 12:29:27.642458,"{""type"":""unclean_exit"",""run_id"":""c148d162-8c46-4e6d-a3a6-11fd102a9f32"",""app_version"":""1.4.0"",""timestamp"":""2026-04-27T12:29:27.6420752Z"",""started_at"":""2026-04-27T14:02:26.5754044\u002B02:00"",""last_activity_at"":""2026-04-27T14:19:56.5389629\u002B02:00"",""last_activity_source"":""sale_committed""}",2026-04-27T12:29:27.682868+00:00,c148d162-8c46-4e6d-a3a6-11fd102a9f32,2026-04-27T12:19:56.538963+00:00,sale_committed
0ec6e316-5fce-4e56-bf8a-55aac9abf3f1,fdeb7b71-5543-4755-926d-89ed20f4e78a,app_launch,2026-04-27 12:29:27.673256,"{""type"":""app_launch"",""install_id"":""fdeb7b71-5543-4755-926d-89ed20f4e78a"",""run_id"":""39213934-af99-4196-88ca-de612aa0f2bb"",""app_version"":""1.4.0"",""timestamp"":""2026-04-27T12:29:27.6732562Z"",""app_launched_count"":27}",2026-04-27T12:29:27.837539+00:00,39213934-af99-4196-88ca-de612aa0f2bb,,
4c9ec4b0-0285-4759-8793-1dd800d9bccc,fdeb7b71-5543-4755-926d-89ed20f4e78a,unclean_exit,2026-04-27 12:34:40.490009,"{""type"":""unclean_exit"",""run_id"":""39213934-af99-4196-88ca-de612aa0f2bb"",""app_version"":""1.4.0"",""timestamp"":""2026-04-27T12:34:40.4895825Z"",""started_at"":""2026-04-27T14:29:27.6732562\u002B02:00"",""last_activity_at"":null,""last_activity_source"":null}",2026-04-27T12:34:40.523702+00:00,39213934-af99-4196-88ca-de612aa0f2bb,,
ef4a4e25-85cb-487e-8191-1ab12561cb9a,fdeb7b71-5543-4755-926d-89ed20f4e78a,app_launch,2026-04-27 12:34:40.517183,"{""type"":""app_launch"",""install_id"":""fdeb7b71-5543-4755-926d-89ed20f4e78a"",""run_id"":""36626947-559d-4209-b8dd-257be6483233"",""app_version"":""1.4.0"",""timestamp"":""2026-04-27T12:34:40.5171829Z"",""app_launched_count"":28}",2026-04-27T12:34:40.67356+00:00,36626947-559d-4209-b8dd-257be6483233,,
0dc0c4b5-a3b0-4946-8abc-04b4e3a29a06,fdeb7b71-5543-4755-926d-89ed20f4e78a,unclean_exit,2026-04-27 12:42:02.524642,"{""type"":""unclean_exit"",""run_id"":""36626947-559d-4209-b8dd-257be6483233"",""app_version"":""1.4.0"",""timestamp"":""2026-04-27T12:42:02.5241431Z"",""started_at"":""2026-04-27T14:34:40.5171829\u002B02:00"",""last_activity_at"":null,""last_activity_source"":null}",2026-04-27T12:42:02.560622+00:00,36626947-559d-4209-b8dd-257be6483233,,
4f3cee52-f6cc-4273-adb1-b256038534f4,fdeb7b71-5543-4755-926d-89ed20f4e78a,app_launch,2026-04-27 12:42:02.555408,"{""type"":""app_launch"",""install_id"":""fdeb7b71-5543-4755-926d-89ed20f4e78a"",""run_id"":""bff4c618-563b-45db-b95a-2f8848b30e5b"",""app_version"":""1.4.0"",""timestamp"":""2026-04-27T12:42:02.5554077Z"",""app_launched_count"":29}",2026-04-27T12:42:02.723038+00:00,bff4c618-563b-45db-b95a-2f8848b30e5b,,
c46d8253-b949-434b-a964-3bbbd082ad82,fdeb7b71-5543-4755-926d-89ed20f4e78a,app_launch,2026-04-27 18:42:56.664571,"{""type"":""app_launch"",""install_id"":""fdeb7b71-5543-4755-926d-89ed20f4e78a"",""run_id"":""dc7a8b20-98d6-4607-bab3-d918b3fea7cb"",""app_version"":""1.4.0"",""timestamp"":""2026-04-27T18:42:56.6645708Z"",""app_launched_count"":38}",2026-04-27T18:42:56.828599+00:00,dc7a8b20-98d6-4607-bab3-d918b3fea7cb,,
52bd61cb-9e2c-4e5f-83a9-f07795cfb724,a94ac8eb-0e17-4d9a-a195-0b5c5082c7db,app_close,2026-04-28 15:20:55.947870,"{""type"":""app_close"",""run_id"":""825e52a0-32cb-4e0d-8256-fca8dcec2f8b"",""reason"":""window_closed"",""app_version"":""1.4.0"",""timestamp"":""2026-04-28T15:20:55.9452871Z""}",2026-04-28T15:20:55.984187+00:00,825e52a0-32cb-4e0d-8256-fca8dcec2f8b,,
21e1caa6-4daa-484d-bf33-2de67f1a1820,6b4ead83-a53d-4603-9c2f-bca325692a8e,app_launch,2026-04-27 13:16:48.711778,"{""type"":""app_launch"",""install_id"":""6b4ead83-a53d-4603-9c2f-bca325692a8e"",""app_version"":""1.3.2"",""timestamp"":""2026-04-27T13:16:48.2595323Z"",""windows_version"":""Microsoft Windows 10.0.22621"",""os_architecture"":""X64"",""dotnet_runtime_version"":"".NET 8.0.16"",""ram_bucket"":""4-8GB"",""cpu_core_bucket"":""1-2 Cores"",""screen_resolution_bucket"":""1920x1080"",""build_number"":""1200"",""release_channel"":""production"",""first_run_at"":""2026-04-27T13:16:45.3694369Z"",""last_seen_at"":""2026-04-27T13:16:48.2604792Z"",""days_since_install"":""0"",""days_since_last_seen"":""0"",""country_setting"":""MY"",""currency_setting"":""MYR"",""startup_time_bucket_ms"":""1000-2000"",""feature_flags"":[""new_checkout"",""tax_inclusive""],""last_update_prompt_at"":null,""last_update_installed_at"":null,""crash_count"":0,""internet_status"":true,""app_launched_count"":1}",2026-04-27T13:16:48.72704+00:00,,,
77221291-be01-47b9-8d56-3cb39eb4f2b1,f6f42705-1953-4bec-a294-e4a8668a1868,app_launch,2026-04-27 13:20:35.304666,"{""type"":""app_launch"",""install_id"":""f6f42705-1953-4bec-a294-e4a8668a1868"",""app_version"":""1.3.2"",""timestamp"":""2026-04-27T13:20:34.9466643Z"",""windows_version"":""Microsoft Windows 10.0.19045"",""os_architecture"":""X64"",""dotnet_runtime_version"":"".NET 8.0.26"",""ram_bucket"":""4-8GB"",""cpu_core_bucket"":""1-2 Cores"",""screen_resolution_bucket"":""1920x1080"",""build_number"":""1200"",""release_channel"":""production"",""first_run_at"":""2026-04-11T17:19:07.8760136Z"",""last_seen_at"":""2026-04-27T13:20:34.9484242Z"",""days_since_install"":""16"",""days_since_last_seen"":""0"",""country_setting"":""NG"",""currency_setting"":""NGN"",""startup_time_bucket_ms"":""1000-2000"",""feature_flags"":[""new_checkout"",""tax_inclusive""],""last_update_prompt_at"":null,""last_update_installed_at"":null,""crash_count"":1,""internet_status"":true,""app_launched_count"":6}",2026-04-27T13:20:35.44711+00:00,,,
53c5ed13-3dcb-47da-8179-91a9019d1961,6b4ead83-a53d-4603-9c2f-bca325692a8e,app_close,2026-04-27 13:27:23.849585,"{""type"":""app_close"",""reason"":""window_closed"",""app_version"":""1.3.2"",""timestamp"":""2026-04-27T13:27:23.8470732Z""}",2026-04-27T13:27:23.884578+00:00,,,
21cf61be-8168-47f5-b4ae-f1c2f9389379,fdeb7b71-5543-4755-926d-89ed20f4e78a,unclean_exit,2026-04-27 13:53:29.010020,"{""type"":""unclean_exit"",""run_id"":""bff4c618-563b-45db-b95a-2f8848b30e5b"",""app_version"":""1.4.0"",""timestamp"":""2026-04-27T13:53:29.0095927Z"",""started_at"":""2026-04-27T14:42:02.5554077\u002B02:00"",""last_activity_at"":null,""last_activity_source"":null}",2026-04-27T13:53:29.049806+00:00,bff4c618-563b-45db-b95a-2f8848b30e5b,,
20812c3c-d15b-4e57-bc8e-5e0fdb602319,fdeb7b71-5543-4755-926d-89ed20f4e78a,app_launch,2026-04-27 13:53:29.131874,"{""type"":""app_launch"",""install_id"":""fdeb7b71-5543-4755-926d-89ed20f4e78a"",""run_id"":""23a0d06c-8546-4730-a72c-f0ab3084273a"",""app_version"":""1.4.0"",""timestamp"":""2026-04-27T13:53:29.1318740Z"",""app_launched_count"":30}",2026-04-27T13:53:29.140665+00:00,23a0d06c-8546-4730-a72c-f0ab3084273a,,
e501d878-3bed-44ca-bc4d-f97d26d9b71b,fdeb7b71-5543-4755-926d-89ed20f4e78a,unclean_exit,2026-04-27 14:07:51.874728,"{""type"":""unclean_exit"",""run_id"":""23a0d06c-8546-4730-a72c-f0ab3084273a"",""app_version"":""1.4.0"",""timestamp"":""2026-04-27T14:07:51.8743122Z"",""started_at"":""2026-04-27T15:53:29.1318740\u002B02:00"",""last_activity_at"":null,""last_activity_source"":null}",2026-04-27T14:07:51.909151+00:00,23a0d06c-8546-4730-a72c-f0ab3084273a,,
d5439082-264d-4193-91f8-8365b543a522,fdeb7b71-5543-4755-926d-89ed20f4e78a,app_launch,2026-04-27 14:07:51.903758,"{""type"":""app_launch"",""install_id"":""fdeb7b71-5543-4755-926d-89ed20f4e78a"",""run_id"":""7ee141d5-7d3b-4ec5-911f-5ab38cf1b909"",""app_version"":""1.4.0"",""timestamp"":""2026-04-27T14:07:51.9037579Z"",""app_launched_count"":31}",2026-04-27T14:07:52.077031+00:00,7ee141d5-7d3b-4ec5-911f-5ab38cf1b909,,
e919c08a-49b9-4fc4-8bb7-7a64137c9522,fdeb7b71-5543-4755-926d-89ed20f4e78a,unclean_exit,2026-04-27 14:43:41.347078,"{""type"":""unclean_exit"",""run_id"":""7ee141d5-7d3b-4ec5-911f-5ab38cf1b909"",""app_version"":""1.4.0"",""timestamp"":""2026-04-27T14:43:41.3466412Z"",""started_at"":""2026-04-27T16:07:51.9037579\u002B02:00"",""last_activity_at"":null,""last_activity_source"":null}",2026-04-27T14:43:41.393325+00:00,7ee141d5-7d3b-4ec5-911f-5ab38cf1b909,,
763092ec-4f57-4324-b065-10d5ad1f5b80,fdeb7b71-5543-4755-926d-89ed20f4e78a,app_launch,2026-04-27 14:43:41.384620,"{""type"":""app_launch"",""install_id"":""fdeb7b71-5543-4755-926d-89ed20f4e78a"",""run_id"":""8109b762-5918-46bc-86a4-d9c790693a16"",""app_version"":""1.4.0"",""timestamp"":""2026-04-27T14:43:41.3846200Z"",""app_launched_count"":32}",2026-04-27T14:43:41.553127+00:00,8109b762-5918-46bc-86a4-d9c790693a16,,
ddd36174-d91e-4d38-a9d5-5e1c7a960d7f,fdeb7b71-5543-4755-926d-89ed20f4e78a,app_close,2026-04-27 14:43:53.184396,"{""type"":""app_close"",""run_id"":""8109b762-5918-46bc-86a4-d9c790693a16"",""reason"":""window_closed"",""app_version"":""1.4.0"",""timestamp"":""2026-04-27T14:43:53.1784243Z""}",2026-04-27T14:43:53.196144+00:00,8109b762-5918-46bc-86a4-d9c790693a16,,
3f5e9f6d-77c0-4fa0-9080-075788c9129e,fdeb7b71-5543-4755-926d-89ed20f4e78a,app_launch,2026-04-27 14:49:10.959020,"{""type"":""app_launch"",""install_id"":""fdeb7b71-5543-4755-926d-89ed20f4e78a"",""run_id"":""e9f09d03-8905-4a6e-a9be-62a764b65a80"",""app_version"":""1.4.0"",""timestamp"":""2026-04-27T14:49:10.9590198Z"",""app_launched_count"":33}",2026-04-27T14:49:10.984831+00:00,e9f09d03-8905-4a6e-a9be-62a764b65a80,,
06f2e8b5-8755-4305-bff5-23a7d2848d40,fdeb7b71-5543-4755-926d-89ed20f4e78a,app_close,2026-04-27 14:51:49.400593,"{""type"":""app_close"",""run_id"":""e9f09d03-8905-4a6e-a9be-62a764b65a80"",""reason"":""window_closed"",""app_version"":""1.4.0"",""timestamp"":""2026-04-27T14:51:49.3905699Z""}",2026-04-27T14:51:49.405228+00:00,e9f09d03-8905-4a6e-a9be-62a764b65a80,,
e09d9830-7dfd-4d7c-bd71-bd135d5a4e4f,fdeb7b71-5543-4755-926d-89ed20f4e78a,app_launch,2026-04-27 15:51:49.960071,"{""type"":""app_launch"",""install_id"":""fdeb7b71-5543-4755-926d-89ed20f4e78a"",""run_id"":""9c1a6699-55e8-40d2-b505-83c51b71c23f"",""app_version"":""1.4.0"",""timestamp"":""2026-04-27T15:51:49.9600712Z"",""app_launched_count"":34}",2026-04-27T15:51:49.992375+00:00,9c1a6699-55e8-40d2-b505-83c51b71c23f,,
cb194e75-2851-4cd9-98db-b0e4a84254c7,fdeb7b71-5543-4755-926d-89ed20f4e78a,unclean_exit,2026-04-27 17:16:32.073405,"{""type"":""unclean_exit"",""run_id"":""9c1a6699-55e8-40d2-b505-83c51b71c23f"",""app_version"":""1.4.0"",""timestamp"":""2026-04-27T17:16:32.0730721Z"",""started_at"":""2026-04-27T17:51:49.9600712\u002B02:00"",""last_activity_at"":""2026-04-27T17:59:15.6196280\u002B02:00"",""last_activity_source"":""sale_committed""}",2026-04-27T17:16:32.097036+00:00,9c1a6699-55e8-40d2-b505-83c51b71c23f,2026-04-27T15:59:15.619628+00:00,sale_committed
f5040c76-2ab3-44f5-9257-8a2e394abfb3,fdeb7b71-5543-4755-926d-89ed20f4e78a,app_launch,2026-04-27 17:16:32.091795,"{""type"":""app_launch"",""install_id"":""fdeb7b71-5543-4755-926d-89ed20f4e78a"",""run_id"":""a75e718d-4b69-4435-834c-9786a2d1c04a"",""app_version"":""1.4.0"",""timestamp"":""2026-04-27T17:16:32.0917947Z"",""app_launched_count"":35}",2026-04-27T17:16:32.264431+00:00,a75e718d-4b69-4435-834c-9786a2d1c04a,,
5141f6f5-f6ed-40d7-b9b6-1c7664f0d1b7,fdeb7b71-5543-4755-926d-89ed20f4e78a,app_close,2026-04-27 18:41:14.648112,"{""type"":""app_close"",""run_id"":""a75e718d-4b69-4435-834c-9786a2d1c04a"",""reason"":""window_closed"",""app_version"":""1.4.0"",""timestamp"":""2026-04-27T18:41:14.6463782Z""}",2026-04-27T18:41:14.653214+00:00,a75e718d-4b69-4435-834c-9786a2d1c04a,,
50715ae4-c8ad-4cfd-9026-9cae0030d43c,fdeb7b71-5543-4755-926d-89ed20f4e78a,app_launch,2026-04-27 18:41:22.776648,"{""type"":""app_launch"",""install_id"":""fdeb7b71-5543-4755-926d-89ed20f4e78a"",""run_id"":""c5665d10-45a9-4762-a7f0-75f0ba1e9f0c"",""app_version"":""1.4.0"",""timestamp"":""2026-04-27T18:41:22.7766477Z"",""app_launched_count"":36}",2026-04-27T18:41:22.809308+00:00,c5665d10-45a9-4762-a7f0-75f0ba1e9f0c,,
b79dd9b9-671a-4282-b211-f1ac24c01bd2,fdeb7b71-5543-4755-926d-89ed20f4e78a,app_close,2026-04-27 18:41:31.986116,"{""type"":""app_close"",""run_id"":""c5665d10-45a9-4762-a7f0-75f0ba1e9f0c"",""reason"":""window_closed"",""app_version"":""1.4.0"",""timestamp"":""2026-04-27T18:41:31.9815667Z""}",2026-04-27T18:41:31.992342+00:00,c5665d10-45a9-4762-a7f0-75f0ba1e9f0c,,
066193df-4daa-422e-a364-2750e37e7273,fdeb7b71-5543-4755-926d-89ed20f4e78a,app_launch,2026-04-27 18:42:40.434365,"{""type"":""app_launch"",""install_id"":""fdeb7b71-5543-4755-926d-89ed20f4e78a"",""run_id"":""13861410-1f35-40bd-8790-694599849279"",""app_version"":""1.4.0"",""timestamp"":""2026-04-27T18:42:40.4343646Z"",""app_launched_count"":37}",2026-04-27T18:42:40.457585+00:00,13861410-1f35-40bd-8790-694599849279,,
fbe4511a-f357-46f1-9b8e-dab4ddefa053,fdeb7b71-5543-4755-926d-89ed20f4e78a,unclean_exit,2026-04-27 18:42:56.628873,"{""type"":""unclean_exit"",""run_id"":""13861410-1f35-40bd-8790-694599849279"",""app_version"":""1.4.0"",""timestamp"":""2026-04-27T18:42:56.6284559Z"",""started_at"":""2026-04-27T20:42:40.4343646\u002B02:00"",""last_activity_at"":null,""last_activity_source"":null}",2026-04-27T18:42:56.67095+00:00,13861410-1f35-40bd-8790-694599849279,,
1a292f32-458f-43dd-9ae4-3f94ba3b969b,fdeb7b71-5543-4755-926d-89ed20f4e78a,unclean_exit,2026-04-27 18:43:17.816835,"{""type"":""unclean_exit"",""run_id"":""dc7a8b20-98d6-4607-bab3-d918b3fea7cb"",""app_version"":""1.4.0"",""timestamp"":""2026-04-27T18:43:17.8165564Z"",""started_at"":""2026-04-27T20:42:56.6645708\u002B02:00"",""last_activity_at"":null,""last_activity_source"":null}",2026-04-27T18:43:17.85154+00:00,dc7a8b20-98d6-4607-bab3-d918b3fea7cb,,
7389e80c-28e6-41ce-a38b-fc995177fc96,fdeb7b71-5543-4755-926d-89ed20f4e78a,app_launch,2026-04-27 18:43:17.845655,"{""type"":""app_launch"",""install_id"":""fdeb7b71-5543-4755-926d-89ed20f4e78a"",""run_id"":""8b6e75cf-ad02-4e13-afbf-8abd332d62fa"",""app_version"":""1.4.0"",""timestamp"":""2026-04-27T18:43:17.8456552Z"",""app_launched_count"":39}",2026-04-27T18:43:18.005126+00:00,8b6e75cf-ad02-4e13-afbf-8abd332d62fa,,
cde2627b-6170-420d-a26e-ace9a6b1e583,fdeb7b71-5543-4755-926d-89ed20f4e78a,unclean_exit,2026-04-27 18:50:34.133084,"{""type"":""unclean_exit"",""run_id"":""8b6e75cf-ad02-4e13-afbf-8abd332d62fa"",""app_version"":""1.4.0"",""timestamp"":""2026-04-27T18:50:34.1327522Z"",""started_at"":""2026-04-27T20:43:17.8456552\u002B02:00"",""last_activity_at"":""2026-04-27T20:44:34.9888282\u002B02:00"",""last_activity_source"":""sale_committed""}",2026-04-27T18:50:34.159411+00:00,8b6e75cf-ad02-4e13-afbf-8abd332d62fa,2026-04-27T18:44:34.988828+00:00,sale_committed
b0a43fd9-45b4-43e0-80a9-5dbb953c659f,fdeb7b71-5543-4755-926d-89ed20f4e78a,app_launch,2026-04-27 18:50:34.151788,"{""type"":""app_launch"",""install_id"":""fdeb7b71-5543-4755-926d-89ed20f4e78a"",""run_id"":""e57a334d-a488-424d-bf30-42f0d4194700"",""app_version"":""1.4.0"",""timestamp"":""2026-04-27T18:50:34.1517878Z"",""app_launched_count"":40}",2026-04-27T18:50:34.318812+00:00,e57a334d-a488-424d-bf30-42f0d4194700,,
32588e6c-3063-46bb-b919-6c5a5e050f62,fdeb7b71-5543-4755-926d-89ed20f4e78a,app_close,2026-04-27 18:53:14.820644,"{""type"":""app_close"",""run_id"":""e57a334d-a488-424d-bf30-42f0d4194700"",""reason"":""window_closed"",""app_version"":""1.4.0"",""timestamp"":""2026-04-27T18:53:14.8195719Z""}",2026-04-27T18:53:14.824404+00:00,e57a334d-a488-424d-bf30-42f0d4194700,,
130a32f8-f159-49c8-9843-d846bd2da5c8,fdeb7b71-5543-4755-926d-89ed20f4e78a,app_launch,2026-04-27 18:58:22.158833,"{""type"":""app_launch"",""install_id"":""fdeb7b71-5543-4755-926d-89ed20f4e78a"",""run_id"":""1e36e5f7-f65f-4691-9742-ebc43da66843"",""app_version"":""1.4.0"",""timestamp"":""2026-04-27T18:58:22.1588334Z"",""app_launched_count"":41}",2026-04-27T18:58:22.18309+00:00,1e36e5f7-f65f-4691-9742-ebc43da66843,,
0d9b7e06-2b4c-42af-9200-360c64a2358f,fdeb7b71-5543-4755-926d-89ed20f4e78a,unclean_exit,2026-04-27 19:01:08.040744,"{""type"":""unclean_exit"",""run_id"":""1e36e5f7-f65f-4691-9742-ebc43da66843"",""app_version"":""1.4.0"",""timestamp"":""2026-04-27T19:01:08.0405387Z"",""started_at"":""2026-04-27T20:58:22.1588334\u002B02:00"",""last_activity_at"":null,""last_activity_source"":null}",2026-04-27T19:01:08.067763+00:00,1e36e5f7-f65f-4691-9742-ebc43da66843,,
90216506-b131-445b-b2bb-4c2dff1f240c,fdeb7b71-5543-4755-926d-89ed20f4e78a,app_launch,2026-04-27 19:01:08.059923,"{""type"":""app_launch"",""install_id"":""fdeb7b71-5543-4755-926d-89ed20f4e78a"",""run_id"":""13c9dfd3-8499-4d07-9723-382a26c7ec70"",""app_version"":""1.4.0"",""timestamp"":""2026-04-27T19:01:08.0599226Z"",""app_launched_count"":42}",2026-04-27T19:01:08.22813+00:00,13c9dfd3-8499-4d07-9723-382a26c7ec70,,
505a46b0-44fd-4ae3-bae7-f09ba9e280c2,fd13a141-0e42-4e11-9b3c-1c943a4702a2,app_launch,2026-04-28 01:32:27.478022,"{""type"":""app_launch"",""install_id"":""fd13a141-0e42-4e11-9b3c-1c943a4702a2"",""run_id"":""7bbffc88-96e8-4585-b0ad-b5375cdf8db1"",""app_version"":""1.4.0"",""timestamp"":""2026-04-28T01:32:27.4780218Z"",""app_launched_count"":1}",2026-04-28T01:32:27.48781+00:00,7bbffc88-96e8-4585-b0ad-b5375cdf8db1,,
6799b884-8302-4c86-b54e-f86f582de827,19b105d2-968a-41af-b7c2-d160dcce7d42,app_launch,2026-04-28 05:28:12.891782,"{""type"":""app_launch"",""install_id"":""19b105d2-968a-41af-b7c2-d160dcce7d42"",""run_id"":""1300900c-119d-49c3-bb3a-277f7de0e03a"",""app_version"":""1.4.0"",""timestamp"":""2026-04-28T05:28:12.8917821Z"",""app_launched_count"":1}",2026-04-28T05:28:12.906738+00:00,1300900c-119d-49c3-bb3a-277f7de0e03a,,
b3e43f29-4694-4d12-a56e-b559a27c3411,19b105d2-968a-41af-b7c2-d160dcce7d42,unclean_exit,2026-04-28 05:43:49.563245,"{""type"":""unclean_exit"",""run_id"":""1300900c-119d-49c3-bb3a-277f7de0e03a"",""app_version"":""1.4.0"",""timestamp"":""2026-04-28T05:43:49.5630669Z"",""started_at"":""2026-04-27T22:28:12.8917821-07:00"",""last_activity_at"":null,""last_activity_source"":null}",2026-04-28T05:43:49.588059+00:00,1300900c-119d-49c3-bb3a-277f7de0e03a,,
e40ad923-9d36-494c-8700-4d1040e5f538,19b105d2-968a-41af-b7c2-d160dcce7d42,app_launch,2026-04-28 05:43:49.581492,"{""type"":""app_launch"",""install_id"":""19b105d2-968a-41af-b7c2-d160dcce7d42"",""run_id"":""cfa12f0c-9e05-44c1-8b1e-e0f389ef9f26"",""app_version"":""1.4.0"",""timestamp"":""2026-04-28T05:43:49.5814921Z"",""app_launched_count"":2}",2026-04-28T05:43:49.751315+00:00,cfa12f0c-9e05-44c1-8b1e-e0f389ef9f26,,
cc5ce93e-6608-4f4f-a720-53da84ea59c7,19b105d2-968a-41af-b7c2-d160dcce7d42,unclean_exit,2026-04-28 05:45:36.142791,"{""type"":""unclean_exit"",""run_id"":""cfa12f0c-9e05-44c1-8b1e-e0f389ef9f26"",""app_version"":""1.4.0"",""timestamp"":""2026-04-28T05:45:36.1426306Z"",""started_at"":""2026-04-27T22:43:49.5814921-07:00"",""last_activity_at"":null,""last_activity_source"":null}",2026-04-28T05:45:36.175772+00:00,cfa12f0c-9e05-44c1-8b1e-e0f389ef9f26,,
04220ca0-bf1d-4a2a-8fa7-63f31179099b,19b105d2-968a-41af-b7c2-d160dcce7d42,app_launch,2026-04-28 05:45:36.155380,"{""type"":""app_launch"",""install_id"":""19b105d2-968a-41af-b7c2-d160dcce7d42"",""run_id"":""05af2ad3-c197-464a-be29-bfdcaa5511cb"",""app_version"":""1.4.0"",""timestamp"":""2026-04-28T05:45:36.1553800Z"",""app_launched_count"":3}",2026-04-28T05:45:36.321932+00:00,05af2ad3-c197-464a-be29-bfdcaa5511cb,,
d2661131-4998-4d7f-957c-577062abc5e5,19b105d2-968a-41af-b7c2-d160dcce7d42,unclean_exit,2026-04-28 05:46:04.437317,"{""type"":""unclean_exit"",""run_id"":""05af2ad3-c197-464a-be29-bfdcaa5511cb"",""app_version"":""1.4.0"",""timestamp"":""2026-04-28T05:46:04.4371577Z"",""started_at"":""2026-04-27T22:45:36.1553800-07:00"",""last_activity_at"":null,""last_activity_source"":null}",2026-04-28T05:46:04.475354+00:00,05af2ad3-c197-464a-be29-bfdcaa5511cb,,
f5845c9b-103e-4d40-9142-4eea33a29794,19b105d2-968a-41af-b7c2-d160dcce7d42,app_launch,2026-04-28 05:46:04.454060,"{""type"":""app_launch"",""install_id"":""19b105d2-968a-41af-b7c2-d160dcce7d42"",""run_id"":""d4c21930-6086-4483-a6c0-0a1723ba7528"",""app_version"":""1.4.0"",""timestamp"":""2026-04-28T05:46:04.4540600Z"",""app_launched_count"":4}",2026-04-28T05:46:04.612115+00:00,d4c21930-6086-4483-a6c0-0a1723ba7528,,
2c8560b3-d9e2-4b2e-9ed9-3491a84dcf49,19b105d2-968a-41af-b7c2-d160dcce7d42,unclean_exit,2026-04-28 05:46:25.253534,"{""type"":""unclean_exit"",""run_id"":""d4c21930-6086-4483-a6c0-0a1723ba7528"",""app_version"":""1.4.0"",""timestamp"":""2026-04-28T05:46:25.2533602Z"",""started_at"":""2026-04-27T22:46:04.4540600-07:00"",""last_activity_at"":null,""last_activity_source"":null}",2026-04-28T05:46:25.288341+00:00,d4c21930-6086-4483-a6c0-0a1723ba7528,,
62e76c1d-7556-4c0d-9509-a1b8a8e75360,19b105d2-968a-41af-b7c2-d160dcce7d42,app_launch,2026-04-28 05:46:25.268236,"{""type"":""app_launch"",""install_id"":""19b105d2-968a-41af-b7c2-d160dcce7d42"",""run_id"":""c79bd62f-0c61-4b2f-92e7-12c291f49050"",""app_version"":""1.4.0"",""timestamp"":""2026-04-28T05:46:25.2682360Z"",""app_launched_count"":5}",2026-04-28T05:46:25.451086+00:00,c79bd62f-0c61-4b2f-92e7-12c291f49050,,
3399c493-1264-4973-a7b3-3157d115f5b1,fdeb7b71-5543-4755-926d-89ed20f4e78a,app_close,2026-04-27 19:10:03.067560,"{""type"":""app_close"",""run_id"":""13c9dfd3-8499-4d07-9723-382a26c7ec70"",""reason"":""window_closed"",""app_version"":""1.4.0"",""timestamp"":""2026-04-27T19:10:03.0657193Z""}",2026-04-27T19:10:03.071615+00:00,13c9dfd3-8499-4d07-9723-382a26c7ec70,,
a9fb1aa8-0d0a-4158-a6bb-6131452340f0,fdeb7b71-5543-4755-926d-89ed20f4e78a,app_launch,2026-04-28 06:31:48.552342,"{""type"":""app_launch"",""install_id"":""fdeb7b71-5543-4755-926d-89ed20f4e78a"",""run_id"":""12771030-55e7-4deb-8412-c658d3a5e9d3"",""app_version"":""1.4.0"",""timestamp"":""2026-04-28T06:31:48.5523419Z"",""app_launched_count"":43}",2026-04-28T06:31:48.579123+00:00,12771030-55e7-4deb-8412-c658d3a5e9d3,,
ebaa6782-e62f-4a6a-aee2-3b7732f98bec,fdeb7b71-5543-4755-926d-89ed20f4e78a,unclean_exit,2026-04-28 06:45:41.691470,"{""type"":""unclean_exit"",""run_id"":""12771030-55e7-4deb-8412-c658d3a5e9d3"",""app_version"":""1.4.0"",""timestamp"":""2026-04-28T06:45:41.6910351Z"",""started_at"":""2026-04-28T08:31:48.5523419\u002B02:00"",""last_activity_at"":""2026-04-28T08:36:18.5443667\u002B02:00"",""last_activity_source"":""sale_committed""}",2026-04-28T06:45:41.736946+00:00,12771030-55e7-4deb-8412-c658d3a5e9d3,2026-04-28T06:36:18.544367+00:00,sale_committed
20de58f1-71d1-4612-8129-24b43b7ae5c3,fdeb7b71-5543-4755-926d-89ed20f4e78a,app_launch,2026-04-28 06:45:41.728175,"{""type"":""app_launch"",""install_id"":""fdeb7b71-5543-4755-926d-89ed20f4e78a"",""run_id"":""63f51d9e-1f65-49f7-a4a6-1af2e22a2d76"",""app_version"":""1.4.0"",""timestamp"":""2026-04-28T06:45:41.7281752Z"",""app_launched_count"":44}",2026-04-28T06:45:41.888672+00:00,63f51d9e-1f65-49f7-a4a6-1af2e22a2d76,,
3676ca17-70af-4fdb-84a8-17938e180e45,fdeb7b71-5543-4755-926d-89ed20f4e78a,app_close,2026-04-28 06:50:12.855621,"{""type"":""app_close"",""run_id"":""63f51d9e-1f65-49f7-a4a6-1af2e22a2d76"",""reason"":""window_closed"",""app_version"":""1.4.0"",""timestamp"":""2026-04-28T06:50:12.8455861Z""}",2026-04-28T06:50:12.860372+00:00,63f51d9e-1f65-49f7-a4a6-1af2e22a2d76,,
419076e7-d33f-49a6-a791-8a2ab1f29023,fdeb7b71-5543-4755-926d-89ed20f4e78a,app_launch,2026-04-28 06:52:51.033959,"{""type"":""app_launch"",""install_id"":""fdeb7b71-5543-4755-926d-89ed20f4e78a"",""run_id"":""be6e844d-8003-42d6-ab68-629c6b7f9091"",""app_version"":""1.4.0"",""timestamp"":""2026-04-28T06:52:51.0339586Z"",""app_launched_count"":45}",2026-04-28T06:52:51.0684+00:00,be6e844d-8003-42d6-ab68-629c6b7f9091,,
be8b7207-d09e-4a94-8e04-bcbef988e5eb,fdeb7b71-5543-4755-926d-89ed20f4e78a,unclean_exit,2026-04-28 08:53:42.020340,"{""type"":""unclean_exit"",""run_id"":""be6e844d-8003-42d6-ab68-629c6b7f9091"",""app_version"":""1.4.0"",""timestamp"":""2026-04-28T08:53:42.0199613Z"",""started_at"":""2026-04-28T08:52:51.0339586\u002B02:00"",""last_activity_at"":null,""last_activity_source"":null}",2026-04-28T08:53:42.054655+00:00,be6e844d-8003-42d6-ab68-629c6b7f9091,,
649ab259-1859-4d76-8cf5-c706313388be,fdeb7b71-5543-4755-926d-89ed20f4e78a,app_launch,2026-04-28 08:53:42.108346,"{""type"":""app_launch"",""install_id"":""fdeb7b71-5543-4755-926d-89ed20f4e78a"",""run_id"":""651cb923-9929-4a43-ad6f-10c339afd1d4"",""app_version"":""1.4.0"",""timestamp"":""2026-04-28T08:53:42.1083462Z"",""app_launched_count"":46}",2026-04-28T08:53:42.113128+00:00,651cb923-9929-4a43-ad6f-10c339afd1d4,,
84009d0e-5c53-462c-a2ab-63c61d356e65,fdeb7b71-5543-4755-926d-89ed20f4e78a,app_close,2026-04-28 08:54:16.887201,"{""type"":""app_close"",""run_id"":""651cb923-9929-4a43-ad6f-10c339afd1d4"",""reason"":""window_closed"",""app_version"":""1.4.0"",""timestamp"":""2026-04-28T08:54:16.8861086Z""}",2026-04-28T08:54:16.892564+00:00,651cb923-9929-4a43-ad6f-10c339afd1d4,,
740648ae-01f6-4f56-aaa4-728acdb2775e,fdeb7b71-5543-4755-926d-89ed20f4e78a,app_launch,2026-04-28 08:54:22.676017,"{""type"":""app_launch"",""install_id"":""fdeb7b71-5543-4755-926d-89ed20f4e78a"",""run_id"":""694871cf-3316-4e2a-9bf6-fa7a6cd0b944"",""app_version"":""1.4.0"",""timestamp"":""2026-04-28T08:54:22.6760173Z"",""app_launched_count"":47}",2026-04-28T08:54:22.695836+00:00,694871cf-3316-4e2a-9bf6-fa7a6cd0b944,,
19ea4f3e-cbb9-4148-a645-61a68bd220f3,1a6d9a19-35ce-4515-9a53-8857658a377b,app_launch,2026-04-28 09:16:01.129387,"{""type"":""app_launch"",""install_id"":""1a6d9a19-35ce-4515-9a53-8857658a377b"",""run_id"":""885f991c-94e3-48e6-8496-f95e7b49c489"",""app_version"":""1.4.0"",""timestamp"":""2026-04-28T09:16:01.1293872Z"",""app_launched_count"":1}",2026-04-28T09:16:01.136474+00:00,885f991c-94e3-48e6-8496-f95e7b49c489,,
620b3500-ce43-4491-9944-c3e24b388450,1a6d9a19-35ce-4515-9a53-8857658a377b,app_close,2026-04-28 09:19:17.593120,"{""type"":""app_close"",""run_id"":""885f991c-94e3-48e6-8496-f95e7b49c489"",""reason"":""window_closed"",""app_version"":""1.4.0"",""timestamp"":""2026-04-28T09:19:17.5910280Z""}",2026-04-28T09:19:17.595231+00:00,885f991c-94e3-48e6-8496-f95e7b49c489,,
3b5e1900-139e-447d-8d0f-9d743f2aaa99,1a6d9a19-35ce-4515-9a53-8857658a377b,app_launch,2026-04-28 09:19:20.096894,"{""type"":""app_launch"",""install_id"":""1a6d9a19-35ce-4515-9a53-8857658a377b"",""run_id"":""ac932c88-783c-4043-b19e-104c7f2ee53d"",""app_version"":""1.4.0"",""timestamp"":""2026-04-28T09:19:20.0968939Z"",""app_launched_count"":2}",2026-04-28T09:19:20.111252+00:00,ac932c88-783c-4043-b19e-104c7f2ee53d,,
32d0f843-d6d5-4f60-93ca-a1ae4945db36,fdeb7b71-5543-4755-926d-89ed20f4e78a,app_close,2026-04-28 09:03:12.969816,"{""type"":""app_close"",""run_id"":""694871cf-3316-4e2a-9bf6-fa7a6cd0b944"",""reason"":""window_closed"",""app_version"":""1.4.0"",""timestamp"":""2026-04-28T09:03:12.9679292Z""}",2026-04-28T09:03:12.973648+00:00,694871cf-3316-4e2a-9bf6-fa7a6cd0b944,,
39522fe2-28f0-4990-b4b0-fffbcf9f4941,fdeb7b71-5543-4755-926d-89ed20f4e78a,app_launch,2026-04-28 09:33:26.702023,"{""type"":""app_launch"",""install_id"":""fdeb7b71-5543-4755-926d-89ed20f4e78a"",""run_id"":""e71129a9-dcbf-4cb2-be8a-49fb863606be"",""app_version"":""1.4.0"",""timestamp"":""2026-04-28T09:33:26.7020228Z"",""app_launched_count"":48}",2026-04-28T09:33:26.735175+00:00,e71129a9-dcbf-4cb2-be8a-49fb863606be,,
5c40bf35-7bcf-4142-ae23-8211b995bb60,fdeb7b71-5543-4755-926d-89ed20f4e78a,unclean_exit,2026-04-28 09:38:58.181277,"{""type"":""unclean_exit"",""run_id"":""e71129a9-dcbf-4cb2-be8a-49fb863606be"",""app_version"":""1.4.0"",""timestamp"":""2026-04-28T09:38:58.1809901Z"",""started_at"":""2026-04-28T11:33:26.7020228\u002B02:00"",""last_activity_at"":null,""last_activity_source"":null}",2026-04-28T09:38:58.213313+00:00,e71129a9-dcbf-4cb2-be8a-49fb863606be,,
3bf65e46-3ec7-4e3f-bd71-98b029dd6f1b,fdeb7b71-5543-4755-926d-89ed20f4e78a,app_launch,2026-04-28 09:38:58.208442,"{""type"":""app_launch"",""install_id"":""fdeb7b71-5543-4755-926d-89ed20f4e78a"",""run_id"":""52153323-ab67-4b48-9adb-54f4b982f6ae"",""app_version"":""1.4.0"",""timestamp"":""2026-04-28T09:38:58.2084415Z"",""app_launched_count"":49}",2026-04-28T09:38:58.369184+00:00,52153323-ab67-4b48-9adb-54f4b982f6ae,,
e4e89691-8c4f-4589-bbc6-1104dfb3d51a,fdeb7b71-5543-4755-926d-89ed20f4e78a,unclean_exit,2026-04-28 09:46:19.269008,"{""type"":""unclean_exit"",""run_id"":""52153323-ab67-4b48-9adb-54f4b982f6ae"",""app_version"":""1.4.0"",""timestamp"":""2026-04-28T09:46:19.2685993Z"",""started_at"":""2026-04-28T11:38:58.2084415\u002B02:00"",""last_activity_at"":null,""last_activity_source"":null}",2026-04-28T09:46:19.331827+00:00,52153323-ab67-4b48-9adb-54f4b982f6ae,,
bb436e99-269b-4c95-80b9-c02efb07b81c,fdeb7b71-5543-4755-926d-89ed20f4e78a,app_launch,2026-04-28 09:46:19.323819,"{""type"":""app_launch"",""install_id"":""fdeb7b71-5543-4755-926d-89ed20f4e78a"",""run_id"":""ed7c7094-f9de-4212-b9c4-c05a58da5bcd"",""app_version"":""1.4.0"",""timestamp"":""2026-04-28T09:46:19.3238192Z"",""app_launched_count"":50}",2026-04-28T09:46:19.494159+00:00,ed7c7094-f9de-4212-b9c4-c05a58da5bcd,,
bc7a1f08-4199-4bf0-97f2-b1b49750db59,fdeb7b71-5543-4755-926d-89ed20f4e78a,app_close,2026-04-28 09:47:00.775838,"{""type"":""app_close"",""run_id"":""ed7c7094-f9de-4212-b9c4-c05a58da5bcd"",""reason"":""window_closed"",""app_version"":""1.4.0"",""timestamp"":""2026-04-28T09:47:00.7651431Z""}",2026-04-28T09:47:00.784131+00:00,ed7c7094-f9de-4212-b9c4-c05a58da5bcd,,
3c395105-d803-4e47-8ea5-256cf35868f8,fdeb7b71-5543-4755-926d-89ed20f4e78a,app_launch,2026-04-28 10:02:41.774580,"{""type"":""app_launch"",""install_id"":""fdeb7b71-5543-4755-926d-89ed20f4e78a"",""run_id"":""9a21193b-3aee-404e-a155-a6e5fb05234d"",""app_version"":""1.4.0"",""timestamp"":""2026-04-28T10:02:41.7745798Z"",""app_launched_count"":51}",2026-04-28T10:02:41.808246+00:00,9a21193b-3aee-404e-a155-a6e5fb05234d,,
95ef6a0a-e93a-471c-a924-a7afc7ce1c4d,e3596e49-01f3-40e2-ae97-667b835e2e22,app_launch,2026-04-28 10:19:22.295266,"{""type"":""app_launch"",""install_id"":""e3596e49-01f3-40e2-ae97-667b835e2e22"",""app_version"":""1.3.2"",""timestamp"":""2026-04-28T10:19:12.1163734Z"",""windows_version"":""Microsoft Windows 10.0.19045"",""os_architecture"":""X64"",""dotnet_runtime_version"":"".NET 8.0.26"",""ram_bucket"":""0-4GB"",""cpu_core_bucket"":""3-4 Cores"",""screen_resolution_bucket"":""1366x768"",""build_number"":""1200"",""release_channel"":""production"",""first_run_at"":""2026-04-24T18:46:41.0665363Z"",""last_seen_at"":""2026-04-28T10:19:12.1176460Z"",""days_since_install"":""4"",""days_since_last_seen"":""0"",""country_setting"":null,""currency_setting"":""USD"",""startup_time_bucket_ms"":""1000-2000"",""feature_flags"":[""new_checkout"",""tax_inclusive""],""last_update_prompt_at"":null,""last_update_installed_at"":null,""crash_count"":0,""internet_status"":true,""app_launched_count"":4}",2026-04-28T10:19:22.431726+00:00,,,
a5b6cb1e-d726-496b-8260-793f1cf17e0c,03647ad5-77fb-46f2-ad2f-6902982bdf66,app_launch,2026-04-28 12:18:39.157795,"{""type"":""app_launch"",""install_id"":""03647ad5-77fb-46f2-ad2f-6902982bdf66"",""app_version"":""1.3.2"",""timestamp"":""2026-04-28T12:18:38.9747980Z"",""windows_version"":""Microsoft Windows 10.0.26100"",""os_architecture"":""X64"",""dotnet_runtime_version"":"".NET 8.0.26"",""ram_bucket"":""4-8GB"",""cpu_core_bucket"":""3-4 Cores"",""screen_resolution_bucket"":""1024x768"",""build_number"":""1200"",""release_channel"":""production"",""first_run_at"":""2026-04-15T16:02:06.5313419Z"",""last_seen_at"":""2026-04-28T12:18:38.9802211Z"",""days_since_install"":""13"",""days_since_last_seen"":""0"",""country_setting"":""GB"",""currency_setting"":""GBP"",""startup_time_bucket_ms"":""1000-2000"",""feature_flags"":[""new_checkout"",""tax_inclusive""],""last_update_prompt_at"":null,""last_update_installed_at"":null,""crash_count"":0,""internet_status"":true,""app_launched_count"":2}",2026-04-28T12:18:39.178739+00:00,,,
0225dddb-8f05-4e66-bec8-7bdec62aa600,1a6d9a19-35ce-4515-9a53-8857658a377b,app_launch,2026-04-28 14:30:21.327038,"{""type"":""app_launch"",""install_id"":""1a6d9a19-35ce-4515-9a53-8857658a377b"",""run_id"":""56f315f4-29b8-4c1d-8155-4603e290a239"",""app_version"":""1.4.0"",""timestamp"":""2026-04-28T14:30:21.3270384Z"",""app_launched_count"":5}",2026-04-28T14:30:21.488864+00:00,56f315f4-29b8-4c1d-8155-4603e290a239,,
31a7c95a-b9ba-48b1-900d-25d9025279ba,03647ad5-77fb-46f2-ad2f-6902982bdf66,app_launch,2026-04-28 12:21:20.838922,"{""type"":""app_launch"",""install_id"":""03647ad5-77fb-46f2-ad2f-6902982bdf66"",""app_version"":""1.3.2"",""timestamp"":""2026-04-28T12:21:20.7407946Z"",""windows_version"":""Microsoft Windows 10.0.26100"",""os_architecture"":""X64"",""dotnet_runtime_version"":"".NET 8.0.26"",""ram_bucket"":""4-8GB"",""cpu_core_bucket"":""3-4 Cores"",""screen_resolution_bucket"":""1024x768"",""build_number"":""1200"",""release_channel"":""production"",""first_run_at"":""2026-04-15T16:02:06.5313419Z"",""last_seen_at"":""2026-04-28T12:21:20.7439503Z"",""days_since_install"":""13"",""days_since_last_seen"":""0"",""country_setting"":""GB"",""currency_setting"":""GBP"",""startup_time_bucket_ms"":""1000-2000"",""feature_flags"":[""new_checkout"",""tax_inclusive""],""last_update_prompt_at"":null,""last_update_installed_at"":null,""crash_count"":0,""internet_status"":true,""app_launched_count"":3}",2026-04-28T12:21:20.858003+00:00,,,
9e15c357-8fbb-4f4c-929c-5a0a67bf82a2,03647ad5-77fb-46f2-ad2f-6902982bdf66,app_launch,2026-04-28 12:25:07.625170,"{""type"":""app_launch"",""install_id"":""03647ad5-77fb-46f2-ad2f-6902982bdf66"",""app_version"":""1.3.2"",""timestamp"":""2026-04-28T12:25:06.5178374Z"",""windows_version"":""Microsoft Windows 10.0.26100"",""os_architecture"":""X64"",""dotnet_runtime_version"":"".NET 8.0.26"",""ram_bucket"":""4-8GB"",""cpu_core_bucket"":""3-4 Cores"",""screen_resolution_bucket"":""1024x768"",""build_number"":""1200"",""release_channel"":""production"",""first_run_at"":""2026-04-15T16:02:06.5313419Z"",""last_seen_at"":""2026-04-28T12:25:06.5218942Z"",""days_since_install"":""13"",""days_since_last_seen"":""0"",""country_setting"":""GB"",""currency_setting"":""GBP"",""startup_time_bucket_ms"":""1000-2000"",""feature_flags"":[""new_checkout"",""tax_inclusive""],""last_update_prompt_at"":null,""last_update_installed_at"":null,""crash_count"":0,""internet_status"":true,""app_launched_count"":3}",2026-04-28T12:25:07.818663+00:00,,,
a110212b-aa6c-406f-972b-3e0ed8d63e59,03647ad5-77fb-46f2-ad2f-6902982bdf66,app_launch,2026-04-28 12:25:08.889773,"{""type"":""app_launch"",""install_id"":""03647ad5-77fb-46f2-ad2f-6902982bdf66"",""app_version"":""1.3.2"",""timestamp"":""2026-04-28T12:25:08.4427246Z"",""windows_version"":""Microsoft Windows 10.0.26100"",""os_architecture"":""X64"",""dotnet_runtime_version"":"".NET 8.0.26"",""ram_bucket"":""4-8GB"",""cpu_core_bucket"":""3-4 Cores"",""screen_resolution_bucket"":""1024x768"",""build_number"":""1200"",""release_channel"":""production"",""first_run_at"":""2026-04-15T16:02:06.5313419Z"",""last_seen_at"":""2026-04-28T12:25:08.4541664Z"",""days_since_install"":""13"",""days_since_last_seen"":""0"",""country_setting"":""GB"",""currency_setting"":""GBP"",""startup_time_bucket_ms"":""1000-2000"",""feature_flags"":[""new_checkout"",""tax_inclusive""],""last_update_prompt_at"":null,""last_update_installed_at"":null,""crash_count"":0,""internet_status"":true,""app_launched_count"":3}",2026-04-28T12:25:08.918476+00:00,,,
6af87127-0eef-4ed5-84e3-ef74cc1ecd1e,03647ad5-77fb-46f2-ad2f-6902982bdf66,app_close,2026-04-28 12:25:09.071099,"{""type"":""app_close"",""reason"":""window_closed"",""app_version"":""1.3.2"",""timestamp"":""2026-04-28T12:25:09.0654731Z""}",2026-04-28T12:25:09.091082+00:00,,,
57fc4587-2508-42f5-bb58-dbffd9444c84,03647ad5-77fb-46f2-ad2f-6902982bdf66,app_launch,2026-04-28 12:25:09.637107,"{""type"":""app_launch"",""install_id"":""03647ad5-77fb-46f2-ad2f-6902982bdf66"",""app_version"":""1.3.2"",""timestamp"":""2026-04-28T12:25:09.3939494Z"",""windows_version"":""Microsoft Windows 10.0.26100"",""os_architecture"":""X64"",""dotnet_runtime_version"":"".NET 8.0.26"",""ram_bucket"":""4-8GB"",""cpu_core_bucket"":""3-4 Cores"",""screen_resolution_bucket"":""1024x768"",""build_number"":""1200"",""release_channel"":""production"",""first_run_at"":""2026-04-15T16:02:06.5313419Z"",""last_seen_at"":""2026-04-28T12:25:09.4041795Z"",""days_since_install"":""13"",""days_since_last_seen"":""0"",""country_setting"":""GB"",""currency_setting"":""GBP"",""startup_time_bucket_ms"":""1000-2000"",""feature_flags"":[""new_checkout"",""tax_inclusive""],""last_update_prompt_at"":null,""last_update_installed_at"":null,""crash_count"":0,""internet_status"":true,""app_launched_count"":5}",2026-04-28T12:25:09.663018+00:00,,,
622146a5-5d48-4be5-b912-a6701fa4a262,03647ad5-77fb-46f2-ad2f-6902982bdf66,app_close,2026-04-28 12:25:09.755417,"{""type"":""app_close"",""reason"":""window_closed"",""app_version"":""1.3.2"",""timestamp"":""2026-04-28T12:25:09.7487559Z""}",2026-04-28T12:25:09.779411+00:00,,,
79184e7d-b23f-4747-81bd-0dd039d4d322,03647ad5-77fb-46f2-ad2f-6902982bdf66,app_launch,2026-04-28 12:25:10.432050,"{""type"":""app_launch"",""install_id"":""03647ad5-77fb-46f2-ad2f-6902982bdf66"",""app_version"":""1.3.2"",""timestamp"":""2026-04-28T12:25:10.2083468Z"",""windows_version"":""Microsoft Windows 10.0.26100"",""os_architecture"":""X64"",""dotnet_runtime_version"":"".NET 8.0.26"",""ram_bucket"":""4-8GB"",""cpu_core_bucket"":""3-4 Cores"",""screen_resolution_bucket"":""1024x768"",""build_number"":""1200"",""release_channel"":""production"",""first_run_at"":""2026-04-15T16:02:06.5313419Z"",""last_seen_at"":""2026-04-28T12:25:10.2155679Z"",""days_since_install"":""13"",""days_since_last_seen"":""0"",""country_setting"":null,""currency_setting"":""GBP"",""startup_time_bucket_ms"":""1000-2000"",""feature_flags"":[""new_checkout"",""tax_inclusive""],""last_update_prompt_at"":null,""last_update_installed_at"":null,""crash_count"":0,""internet_status"":true,""app_launched_count"":5}",2026-04-28T12:25:10.68171+00:00,,,
97667606-e456-4057-83c0-ce67ca697135,03647ad5-77fb-46f2-ad2f-6902982bdf66,app_close,2026-04-28 12:25:24.205597,"{""type"":""app_close"",""reason"":""window_closed"",""app_version"":""1.3.2"",""timestamp"":""2026-04-28T12:25:24.1942069Z""}",2026-04-28T12:25:24.230114+00:00,,,
55c0705d-6bf8-4184-9b6b-2916ec961825,03647ad5-77fb-46f2-ad2f-6902982bdf66,app_close,2026-04-28 12:31:57.723965,"{""type"":""app_close"",""reason"":""window_closed"",""app_version"":""1.3.2"",""timestamp"":""2026-04-28T12:31:57.6787844Z""}",2026-04-28T12:31:57.742164+00:00,,,
a4987c4b-7a49-4851-9817-38481e9b1593,03647ad5-77fb-46f2-ad2f-6902982bdf66,app_launch,2026-04-28 12:38:51.412666,"{""type"":""app_launch"",""install_id"":""03647ad5-77fb-46f2-ad2f-6902982bdf66"",""app_version"":""1.3.2"",""timestamp"":""2026-04-28T12:38:51.2060988Z"",""windows_version"":""Microsoft Windows 10.0.26100"",""os_architecture"":""X64"",""dotnet_runtime_version"":"".NET 8.0.26"",""ram_bucket"":""4-8GB"",""cpu_core_bucket"":""3-4 Cores"",""screen_resolution_bucket"":""1024x768"",""build_number"":""1200"",""release_channel"":""production"",""first_run_at"":""2026-04-15T16:02:06.5313419Z"",""last_seen_at"":""2026-04-28T12:38:51.2102229Z"",""days_since_install"":""13"",""days_since_last_seen"":""0"",""country_setting"":""GB"",""currency_setting"":""GBP"",""startup_time_bucket_ms"":""1000-2000"",""feature_flags"":[""new_checkout"",""tax_inclusive""],""last_update_prompt_at"":null,""last_update_installed_at"":null,""crash_count"":0,""internet_status"":true,""app_launched_count"":6}",2026-04-28T12:38:51.445424+00:00,,,
b97e8946-7e00-4829-86e0-d3124a338fc7,1a6d9a19-35ce-4515-9a53-8857658a377b,unclean_exit,2026-04-28 14:20:37.837054,"{""type"":""unclean_exit"",""run_id"":""ac932c88-783c-4043-b19e-104c7f2ee53d"",""app_version"":""1.4.0"",""timestamp"":""2026-04-28T14:20:37.8369285Z"",""started_at"":""2026-04-28T17:19:20.0968939\u002B08:00"",""last_activity_at"":null,""last_activity_source"":null}",2026-04-28T14:20:37.849743+00:00,ac932c88-783c-4043-b19e-104c7f2ee53d,,
c49951cb-3e89-4742-b476-1938a9d9e3b4,1a6d9a19-35ce-4515-9a53-8857658a377b,app_launch,2026-04-28 14:20:37.846942,"{""type"":""app_launch"",""install_id"":""1a6d9a19-35ce-4515-9a53-8857658a377b"",""run_id"":""d705e5e6-c581-45dd-9d47-7404ac8f85a7"",""app_version"":""1.4.0"",""timestamp"":""2026-04-28T14:20:37.8469419Z"",""app_launched_count"":3}",2026-04-28T14:20:38.009501+00:00,d705e5e6-c581-45dd-9d47-7404ac8f85a7,,
83227ccf-c448-41a0-8edd-7c375f8282e1,1a6d9a19-35ce-4515-9a53-8857658a377b,unclean_exit,2026-04-28 14:21:14.216426,"{""type"":""unclean_exit"",""run_id"":""d705e5e6-c581-45dd-9d47-7404ac8f85a7"",""app_version"":""1.4.0"",""timestamp"":""2026-04-28T14:21:14.2163318Z"",""started_at"":""2026-04-28T22:20:37.8469419\u002B08:00"",""last_activity_at"":null,""last_activity_source"":null}",2026-04-28T14:21:14.227133+00:00,d705e5e6-c581-45dd-9d47-7404ac8f85a7,,
5abdb5db-8cb8-422c-9da7-f1e51584a8a2,1a6d9a19-35ce-4515-9a53-8857658a377b,app_launch,2026-04-28 14:21:14.225328,"{""type"":""app_launch"",""install_id"":""1a6d9a19-35ce-4515-9a53-8857658a377b"",""run_id"":""a3fc43b1-5e2c-4a91-92df-82959055f0c2"",""app_version"":""1.4.0"",""timestamp"":""2026-04-28T14:21:14.2253284Z"",""app_launched_count"":4}",2026-04-28T14:21:14.380145+00:00,a3fc43b1-5e2c-4a91-92df-82959055f0c2,,
91f09dfb-5a6b-4d0d-8e32-740c7506a8a8,1a6d9a19-35ce-4515-9a53-8857658a377b,unclean_exit,2026-04-28 14:30:21.317492,"{""type"":""unclean_exit"",""run_id"":""a3fc43b1-5e2c-4a91-92df-82959055f0c2"",""app_version"":""1.4.0"",""timestamp"":""2026-04-28T14:30:21.3174114Z"",""started_at"":""2026-04-28T22:21:14.2253284\u002B08:00"",""last_activity_at"":null,""last_activity_source"":null}",2026-04-28T14:30:21.325961+00:00,a3fc43b1-5e2c-4a91-92df-82959055f0c2,,
09a4e8c2-5be3-406a-8e13-b7a5f48397c7,1a6d9a19-35ce-4515-9a53-8857658a377b,unclean_exit,2026-04-28 14:32:12.628649,"{""type"":""unclean_exit"",""run_id"":""56f315f4-29b8-4c1d-8155-4603e290a239"",""app_version"":""1.4.0"",""timestamp"":""2026-04-28T14:32:12.6285570Z"",""started_at"":""2026-04-28T22:30:21.3270384\u002B08:00"",""last_activity_at"":null,""last_activity_source"":null}",2026-04-28T14:32:12.63771+00:00,56f315f4-29b8-4c1d-8155-4603e290a239,,
8b5ed08e-0c67-46a8-b7ee-1ca827e3bc09,1a6d9a19-35ce-4515-9a53-8857658a377b,app_launch,2026-04-28 14:32:12.637697,"{""type"":""app_launch"",""install_id"":""1a6d9a19-35ce-4515-9a53-8857658a377b"",""run_id"":""57748422-7183-4c46-8d96-4a95cec2c760"",""app_version"":""1.4.0"",""timestamp"":""2026-04-28T14:32:12.6376967Z"",""app_launched_count"":6}",2026-04-28T14:32:12.79963+00:00,57748422-7183-4c46-8d96-4a95cec2c760,,
46013619-df11-4513-b5b5-ad7176d7784f,1a6d9a19-35ce-4515-9a53-8857658a377b,unclean_exit,2026-04-28 14:32:47.541444,"{""type"":""unclean_exit"",""run_id"":""57748422-7183-4c46-8d96-4a95cec2c760"",""app_version"":""1.4.0"",""timestamp"":""2026-04-28T14:32:47.5413351Z"",""started_at"":""2026-04-28T22:32:12.6376967\u002B08:00"",""last_activity_at"":null,""last_activity_source"":null}",2026-04-28T14:32:47.551164+00:00,57748422-7183-4c46-8d96-4a95cec2c760,,
d9cdbc5d-fe04-41b4-b7d2-7fb7bf6267fa,1a6d9a19-35ce-4515-9a53-8857658a377b,app_launch,2026-04-28 14:32:47.549941,"{""type"":""app_launch"",""install_id"":""1a6d9a19-35ce-4515-9a53-8857658a377b"",""run_id"":""f26b81a9-ca5f-4bce-925f-3b0c3393b3a3"",""app_version"":""1.4.0"",""timestamp"":""2026-04-28T14:32:47.5499408Z"",""app_launched_count"":7}",2026-04-28T14:32:47.703877+00:00,f26b81a9-ca5f-4bce-925f-3b0c3393b3a3,,
e9b3d045-102c-4955-8a37-e2d543c2bfc6,1a6d9a19-35ce-4515-9a53-8857658a377b,unclean_exit,2026-04-28 14:34:11.028538,"{""type"":""unclean_exit"",""run_id"":""f26b81a9-ca5f-4bce-925f-3b0c3393b3a3"",""app_version"":""1.4.0"",""timestamp"":""2026-04-28T14:34:11.0284064Z"",""started_at"":""2026-04-28T22:32:47.5499408\u002B08:00"",""last_activity_at"":null,""last_activity_source"":null}",2026-04-28T14:34:11.039693+00:00,f26b81a9-ca5f-4bce-925f-3b0c3393b3a3,,
548afaad-f309-4080-9283-9ce679aec523,1a6d9a19-35ce-4515-9a53-8857658a377b,app_launch,2026-04-28 14:34:11.038635,"{""type"":""app_launch"",""install_id"":""1a6d9a19-35ce-4515-9a53-8857658a377b"",""run_id"":""6ed6247a-24f9-40bc-9662-63927941f10e"",""app_version"":""1.4.0"",""timestamp"":""2026-04-28T14:34:11.0386347Z"",""app_launched_count"":8}",2026-04-28T14:34:11.198466+00:00,6ed6247a-24f9-40bc-9662-63927941f10e,,
3df27b2e-ca94-4eec-b7b4-eeb6042ed0a6,1a6d9a19-35ce-4515-9a53-8857658a377b,unclean_exit,2026-04-28 14:34:48.624777,"{""type"":""unclean_exit"",""run_id"":""6ed6247a-24f9-40bc-9662-63927941f10e"",""app_version"":""1.4.0"",""timestamp"":""2026-04-28T14:34:48.6245927Z"",""started_at"":""2026-04-28T22:34:11.0386347\u002B08:00"",""last_activity_at"":null,""last_activity_source"":null}",2026-04-28T14:34:48.638491+00:00,6ed6247a-24f9-40bc-9662-63927941f10e,,
f5c0ed59-d26b-4929-ae3a-2ead9f79d1c0,1a6d9a19-35ce-4515-9a53-8857658a377b,app_launch,2026-04-28 14:34:48.636272,"{""type"":""app_launch"",""install_id"":""1a6d9a19-35ce-4515-9a53-8857658a377b"",""run_id"":""4d2e2ff3-dcde-49e1-b24d-6641a89638e8"",""app_version"":""1.4.0"",""timestamp"":""2026-04-28T14:34:48.6362716Z"",""app_launched_count"":9}",2026-04-28T14:34:48.797995+00:00,4d2e2ff3-dcde-49e1-b24d-6641a89638e8,,
bbc6429a-50cb-4811-a5a4-9bef8495c308,1a6d9a19-35ce-4515-9a53-8857658a377b,unclean_exit,2026-04-28 14:35:33.145601,"{""type"":""unclean_exit"",""run_id"":""4d2e2ff3-dcde-49e1-b24d-6641a89638e8"",""app_version"":""1.4.0"",""timestamp"":""2026-04-28T14:35:33.1454729Z"",""started_at"":""2026-04-28T22:34:48.6362716\u002B08:00"",""last_activity_at"":null,""last_activity_source"":null}",2026-04-28T14:35:33.15655+00:00,4d2e2ff3-dcde-49e1-b24d-6641a89638e8,,
7fb37fdf-f914-4116-a40f-3a8c53d75e3c,1a6d9a19-35ce-4515-9a53-8857658a377b,app_launch,2026-04-28 14:35:33.154934,"{""type"":""app_launch"",""install_id"":""1a6d9a19-35ce-4515-9a53-8857658a377b"",""run_id"":""577eb718-7d29-4525-ab86-27cadcfe0b40"",""app_version"":""1.4.0"",""timestamp"":""2026-04-28T14:35:33.1549339Z"",""app_launched_count"":10}",2026-04-28T14:35:33.312764+00:00,577eb718-7d29-4525-ab86-27cadcfe0b40,,
ebe96f2b-8a95-4c0d-b930-69d84ea62825,8eab01b1-2315-4dfb-98ce-b72d34f6139d,app_launch,2026-04-28 14:39:25.109362,"{""type"":""app_launch"",""install_id"":""8eab01b1-2315-4dfb-98ce-b72d34f6139d"",""run_id"":""8c167d03-faf1-4b8d-874f-c6157af79956"",""app_version"":""1.4.0"",""timestamp"":""2026-04-28T14:39:25.1093621Z"",""app_launched_count"":1}",2026-04-28T14:39:25.120228+00:00,8c167d03-faf1-4b8d-874f-c6157af79956,,
994b855b-ac45-4305-80fd-28b93e7862dc,8eab01b1-2315-4dfb-98ce-b72d34f6139d,unclean_exit,2026-04-28 15:00:43.629458,"{""type"":""unclean_exit"",""run_id"":""8c167d03-faf1-4b8d-874f-c6157af79956"",""app_version"":""1.4.0"",""timestamp"":""2026-04-28T15:00:43.6293024Z"",""started_at"":""2026-04-28T22:39:25.1093621\u002B08:00"",""last_activity_at"":null,""last_activity_source"":null}",2026-04-28T15:00:43.643002+00:00,8c167d03-faf1-4b8d-874f-c6157af79956,,
fa5cd0ff-29e3-4e6b-8690-3d0ac536b6e8,8eab01b1-2315-4dfb-98ce-b72d34f6139d,app_launch,2026-04-28 15:00:43.640312,"{""type"":""app_launch"",""install_id"":""8eab01b1-2315-4dfb-98ce-b72d34f6139d"",""run_id"":""8a7b1938-0b7d-4456-8905-f390063327e4"",""app_version"":""1.4.0"",""timestamp"":""2026-04-28T15:00:43.6403120Z"",""app_launched_count"":2}",2026-04-28T15:00:43.808758+00:00,8a7b1938-0b7d-4456-8905-f390063327e4,,
bf956170-bd8f-43c2-9c7d-6c7139dd3745,8eab01b1-2315-4dfb-98ce-b72d34f6139d,unclean_exit,2026-04-28 15:01:12.136183,"{""type"":""unclean_exit"",""run_id"":""8a7b1938-0b7d-4456-8905-f390063327e4"",""app_version"":""1.4.0"",""timestamp"":""2026-04-28T15:01:12.1360227Z"",""started_at"":""2026-04-28T23:00:43.6403120\u002B08:00"",""last_activity_at"":null,""last_activity_source"":null}",2026-04-28T15:01:12.147833+00:00,8a7b1938-0b7d-4456-8905-f390063327e4,,
d7800b2a-3a33-425b-995e-1c6767cb7ad2,8eab01b1-2315-4dfb-98ce-b72d34f6139d,app_launch,2026-04-28 15:01:12.145342,"{""type"":""app_launch"",""install_id"":""8eab01b1-2315-4dfb-98ce-b72d34f6139d"",""run_id"":""5028e4da-411a-4ba9-a1ed-94c5af912115"",""app_version"":""1.4.0"",""timestamp"":""2026-04-28T15:01:12.1453420Z"",""app_launched_count"":3}",2026-04-28T15:01:12.313252+00:00,5028e4da-411a-4ba9-a1ed-94c5af912115,,
6397d51a-063c-4442-ab71-bbe8de7a9db3,a94ac8eb-0e17-4d9a-a195-0b5c5082c7db,app_close,2026-04-28 15:15:23.828294,"{""type"":""app_close"",""run_id"":""b9c4ba02-2751-451c-a719-45e746cfc4ba"",""reason"":""window_closed"",""app_version"":""1.4.0"",""timestamp"":""2026-04-28T15:15:23.8263684Z""}",2026-04-28T15:15:23.835323+00:00,b9c4ba02-2751-451c-a719-45e746cfc4ba,,
b706aef7-b95f-42a0-aec1-44b0a6a9a67b,a94ac8eb-0e17-4d9a-a195-0b5c5082c7db,app_launch,2026-04-28 15:16:57.439934,"{""type"":""app_launch"",""install_id"":""a94ac8eb-0e17-4d9a-a195-0b5c5082c7db"",""run_id"":""9468646b-ed19-4efb-98e6-bcc59958fd4e"",""app_version"":""1.4.0"",""timestamp"":""2026-04-28T15:16:57.4399337Z"",""app_launched_count"":2}",2026-04-28T15:16:57.455427+00:00,9468646b-ed19-4efb-98e6-bcc59958fd4e,,
6f6b459b-1525-44bc-a301-f93f81d8ff12,a94ac8eb-0e17-4d9a-a195-0b5c5082c7db,app_launch,2026-04-28 15:15:19.287858,"{""type"":""app_launch"",""install_id"":""a94ac8eb-0e17-4d9a-a195-0b5c5082c7db"",""run_id"":""b9c4ba02-2751-451c-a719-45e746cfc4ba"",""app_version"":""1.4.0"",""timestamp"":""2026-04-28T15:15:19.2878580Z"",""app_launched_count"":1}",2026-04-28T15:15:19.296156+00:00,b9c4ba02-2751-451c-a719-45e746cfc4ba,,
055ca7bb-7861-47b3-9dee-c201c4ef7ad0,a94ac8eb-0e17-4d9a-a195-0b5c5082c7db,app_close,2026-04-28 15:18:58.481748,"{""type"":""app_close"",""run_id"":""9468646b-ed19-4efb-98e6-bcc59958fd4e"",""reason"":""window_closed"",""app_version"":""1.4.0"",""timestamp"":""2026-04-28T15:18:58.4797357Z""}",2026-04-28T15:18:58.486701+00:00,9468646b-ed19-4efb-98e6-bcc59958fd4e,,
49571474-6830-45e3-bf96-b675118fe418,a94ac8eb-0e17-4d9a-a195-0b5c5082c7db,app_launch,2026-04-28 15:19:07.641952,"{""type"":""app_launch"",""install_id"":""a94ac8eb-0e17-4d9a-a195-0b5c5082c7db"",""run_id"":""825e52a0-32cb-4e0d-8256-fca8dcec2f8b"",""app_version"":""1.4.0"",""timestamp"":""2026-04-28T15:19:07.6419523Z"",""app_launched_count"":3}",2026-04-28T15:19:07.663844+00:00,825e52a0-32cb-4e0d-8256-fca8dcec2f8b,,
0889e7be-0054-4f1f-90ff-9cb58a453880,fdeb7b71-5543-4755-926d-89ed20f4e78a,crash_feedback,2026-04-29 02:38:03.334111,"{""category"":""other"",""details"":""testing the application""}",2026-04-29T02:38:03.34892+00:00,,,
7997dc14-2afe-425f-b8e5-8810dfb9416e,a94ac8eb-0e17-4d9a-a195-0b5c5082c7db,app_launch,2026-04-28 15:21:03.933319,"{""type"":""app_launch"",""install_id"":""a94ac8eb-0e17-4d9a-a195-0b5c5082c7db"",""run_id"":""58e3b54f-d4a0-4a87-95e8-8ae6f1ec98a8"",""app_version"":""1.4.0"",""timestamp"":""2026-04-28T15:21:03.9333193Z"",""app_launched_count"":4}",2026-04-28T15:21:03.980947+00:00,58e3b54f-d4a0-4a87-95e8-8ae6f1ec98a8,,
143872fb-228a-4a75-a15a-0fcbafc7cf99,a94ac8eb-0e17-4d9a-a195-0b5c5082c7db,app_close,2026-04-28 15:21:31.542598,"{""type"":""app_close"",""run_id"":""58e3b54f-d4a0-4a87-95e8-8ae6f1ec98a8"",""reason"":""window_closed"",""app_version"":""1.4.0"",""timestamp"":""2026-04-28T15:21:31.5406691Z""}",2026-04-28T15:21:31.580183+00:00,58e3b54f-d4a0-4a87-95e8-8ae6f1ec98a8,,
862916cb-ff92-40ef-989f-83cbfc990b37,a94ac8eb-0e17-4d9a-a195-0b5c5082c7db,app_launch,2026-04-28 15:38:13.275538,"{""type"":""app_launch"",""install_id"":""a94ac8eb-0e17-4d9a-a195-0b5c5082c7db"",""run_id"":""60221f6a-6c08-4ab2-82ed-2e99a280c65b"",""app_version"":""1.4.0"",""timestamp"":""2026-04-28T15:38:13.2755377Z"",""app_launched_count"":5}",2026-04-28T15:38:13.286667+00:00,60221f6a-6c08-4ab2-82ed-2e99a280c65b,,
cfc78957-cace-474f-a59e-d6274a85490c,03647ad5-77fb-46f2-ad2f-6902982bdf66,app_close,2026-04-28 15:53:18.811868,"{""type"":""app_close"",""reason"":""window_closed"",""app_version"":""1.3.2"",""timestamp"":""2026-04-28T15:53:18.8020629Z""}",2026-04-28T15:53:18.831898+00:00,,,
c368cb13-88b9-49d2-91c9-1a83042fdac3,fdeb7b71-5543-4755-926d-89ed20f4e78a,unclean_exit,2026-04-28 16:52:57.450781,"{""type"":""unclean_exit"",""run_id"":""9a21193b-3aee-404e-a155-a6e5fb05234d"",""app_version"":""1.4.0"",""timestamp"":""2026-04-28T16:52:57.4503594Z"",""started_at"":""2026-04-28T12:02:41.7745798\u002B02:00"",""last_activity_at"":null,""last_activity_source"":null}",2026-04-28T16:52:57.485252+00:00,9a21193b-3aee-404e-a155-a6e5fb05234d,,
0757256a-7090-4d2c-a715-af85c7d98a13,fdeb7b71-5543-4755-926d-89ed20f4e78a,app_launch,2026-04-28 16:52:57.479470,"{""type"":""app_launch"",""install_id"":""fdeb7b71-5543-4755-926d-89ed20f4e78a"",""run_id"":""291ca8ea-1ece-4724-807d-1e010dbc4154"",""app_version"":""1.4.0"",""timestamp"":""2026-04-28T16:52:57.4794699Z"",""app_launched_count"":52}",2026-04-28T16:52:57.64128+00:00,291ca8ea-1ece-4724-807d-1e010dbc4154,,
4ca8d765-5abe-4ca9-b0c1-e86b380307f5,fdeb7b71-5543-4755-926d-89ed20f4e78a,app_close,2026-04-28 16:54:49.629266,"{""type"":""app_close"",""run_id"":""291ca8ea-1ece-4724-807d-1e010dbc4154"",""reason"":""window_closed"",""app_version"":""1.4.0"",""timestamp"":""2026-04-28T16:54:49.6198988Z""}",2026-04-28T16:54:49.635402+00:00,291ca8ea-1ece-4724-807d-1e010dbc4154,,
a52d2c4d-a425-4f16-9d12-8e99d013f1e0,fdeb7b71-5543-4755-926d-89ed20f4e78a,app_launch,2026-04-28 16:54:56.912881,"{""type"":""app_launch"",""install_id"":""fdeb7b71-5543-4755-926d-89ed20f4e78a"",""run_id"":""7670e170-8ed2-4b33-ab73-6ef7f1d3a70f"",""app_version"":""1.4.0"",""timestamp"":""2026-04-28T16:54:56.9128809Z"",""app_launched_count"":53}",2026-04-28T16:54:56.951195+00:00,7670e170-8ed2-4b33-ab73-6ef7f1d3a70f,,
7e9132f9-05c6-4ea3-8579-998622bedefc,fdeb7b71-5543-4755-926d-89ed20f4e78a,app_close,2026-04-28 16:55:00.461432,"{""type"":""app_close"",""run_id"":""7670e170-8ed2-4b33-ab73-6ef7f1d3a70f"",""reason"":""window_closed"",""app_version"":""1.4.0"",""timestamp"":""2026-04-28T16:55:00.4562700Z""}",2026-04-28T16:55:00.46711+00:00,7670e170-8ed2-4b33-ab73-6ef7f1d3a70f,,
d771a414-9fa2-454c-8c49-a1baf5c06e6e,fdeb7b71-5543-4755-926d-89ed20f4e78a,app_launch,2026-04-28 16:55:07.222432,"{""type"":""app_launch"",""install_id"":""fdeb7b71-5543-4755-926d-89ed20f4e78a"",""run_id"":""e49557e5-efc2-4ecb-adb0-77ead720f6bf"",""app_version"":""1.4.0"",""timestamp"":""2026-04-28T16:55:07.2224316Z"",""app_launched_count"":54}",2026-04-28T16:55:07.270821+00:00,e49557e5-efc2-4ecb-adb0-77ead720f6bf,,
39e9b117-de04-49eb-ad74-a8eb1af31a08,fdeb7b71-5543-4755-926d-89ed20f4e78a,unclean_exit,2026-04-28 16:55:17.567510,"{""type"":""unclean_exit"",""run_id"":""e49557e5-efc2-4ecb-adb0-77ead720f6bf"",""app_version"":""1.4.0"",""timestamp"":""2026-04-28T16:55:17.5671018Z"",""started_at"":""2026-04-28T18:55:07.2224316\u002B02:00"",""last_activity_at"":null,""last_activity_source"":null}",2026-04-28T16:55:17.611676+00:00,e49557e5-efc2-4ecb-adb0-77ead720f6bf,,
9be1cc09-b1ab-4ff3-a1dd-c302909aefef,fdeb7b71-5543-4755-926d-89ed20f4e78a,app_launch,2026-04-28 16:55:17.603739,"{""type"":""app_launch"",""install_id"":""fdeb7b71-5543-4755-926d-89ed20f4e78a"",""run_id"":""daa72165-dc22-4f8c-be49-c0c0a0e7cd9d"",""app_version"":""1.4.0"",""timestamp"":""2026-04-28T16:55:17.6037388Z"",""app_launched_count"":55}",2026-04-28T16:55:17.766684+00:00,daa72165-dc22-4f8c-be49-c0c0a0e7cd9d,,
a0498089-fc75-4db1-8f63-2d4bbcbcb421,fdeb7b71-5543-4755-926d-89ed20f4e78a,unclean_exit,2026-04-28 16:55:31.612550,"{""type"":""unclean_exit"",""run_id"":""daa72165-dc22-4f8c-be49-c0c0a0e7cd9d"",""app_version"":""1.4.0"",""timestamp"":""2026-04-28T16:55:31.6122293Z"",""started_at"":""2026-04-28T18:55:17.6037388\u002B02:00"",""last_activity_at"":null,""last_activity_source"":null}",2026-04-28T16:55:31.649373+00:00,daa72165-dc22-4f8c-be49-c0c0a0e7cd9d,,
f6f09f47-cf31-45f4-a209-bc5b358a4ad9,fdeb7b71-5543-4755-926d-89ed20f4e78a,app_launch,2026-04-28 16:55:31.735222,"{""type"":""app_launch"",""install_id"":""fdeb7b71-5543-4755-926d-89ed20f4e78a"",""run_id"":""9fccc251-204f-497e-b40a-ffb75952f6d6"",""app_version"":""1.4.0"",""timestamp"":""2026-04-28T16:55:31.7352220Z"",""app_launched_count"":56}",2026-04-28T16:55:31.741679+00:00,9fccc251-204f-497e-b40a-ffb75952f6d6,,
a5d43b6e-d698-4c57-a64d-7dcbb58328e3,fdeb7b71-5543-4755-926d-89ed20f4e78a,app_close,2026-04-28 16:55:51.790351,"{""type"":""app_close"",""run_id"":""9fccc251-204f-497e-b40a-ffb75952f6d6"",""reason"":""window_closed"",""app_version"":""1.4.0"",""timestamp"":""2026-04-28T16:55:51.7854540Z""}",2026-04-28T16:55:51.797322+00:00,9fccc251-204f-497e-b40a-ffb75952f6d6,,
d3c0a743-fa55-446a-8987-5c64215ede98,fdeb7b71-5543-4755-926d-89ed20f4e78a,app_launch,2026-04-28 16:55:59.381594,"{""type"":""app_launch"",""install_id"":""fdeb7b71-5543-4755-926d-89ed20f4e78a"",""run_id"":""6722e6de-52a5-4409-a1e9-0d24585e1e03"",""app_version"":""1.4.0"",""timestamp"":""2026-04-28T16:55:59.3815937Z"",""app_launched_count"":57}",2026-04-28T16:55:59.418186+00:00,6722e6de-52a5-4409-a1e9-0d24585e1e03,,
2846488a-670a-4a45-8a58-33b5c7cbaa6a,fdeb7b71-5543-4755-926d-89ed20f4e78a,unclean_exit,2026-04-28 16:56:14.249543,"{""type"":""unclean_exit"",""run_id"":""6722e6de-52a5-4409-a1e9-0d24585e1e03"",""app_version"":""1.4.0"",""timestamp"":""2026-04-28T16:56:14.2490709Z"",""started_at"":""2026-04-28T18:55:59.3815937\u002B02:00"",""last_activity_at"":null,""last_activity_source"":null}",2026-04-28T16:56:14.292225+00:00,6722e6de-52a5-4409-a1e9-0d24585e1e03,,
ea4cc15f-882d-4527-beb5-9715e2f3cdab,fdeb7b71-5543-4755-926d-89ed20f4e78a,app_launch,2026-04-28 16:56:14.389322,"{""type"":""app_launch"",""install_id"":""fdeb7b71-5543-4755-926d-89ed20f4e78a"",""run_id"":""347749c1-aa93-4e04-a28a-76a3682e4c3b"",""app_version"":""1.4.0"",""timestamp"":""2026-04-28T16:56:14.3893216Z"",""app_launched_count"":58}",2026-04-28T16:56:14.394014+00:00,347749c1-aa93-4e04-a28a-76a3682e4c3b,,
0dc44b0a-690e-4382-953f-2465d7c3fdad,fdeb7b71-5543-4755-926d-89ed20f4e78a,unclean_exit,2026-04-28 16:56:28.503848,"{""type"":""unclean_exit"",""run_id"":""347749c1-aa93-4e04-a28a-76a3682e4c3b"",""app_version"":""1.4.0"",""timestamp"":""2026-04-28T16:56:28.5034202Z"",""started_at"":""2026-04-28T18:56:14.3893216\u002B02:00"",""last_activity_at"":null,""last_activity_source"":null}",2026-04-28T16:56:28.547082+00:00,347749c1-aa93-4e04-a28a-76a3682e4c3b,,
275ae545-9f05-4647-a17e-3711de1ccc9d,fdeb7b71-5543-4755-926d-89ed20f4e78a,app_launch,2026-04-28 16:56:28.540367,"{""type"":""app_launch"",""install_id"":""fdeb7b71-5543-4755-926d-89ed20f4e78a"",""run_id"":""203362a4-2b5f-4607-8454-79f41889423b"",""app_version"":""1.4.0"",""timestamp"":""2026-04-28T16:56:28.5403673Z"",""app_launched_count"":59}",2026-04-28T16:56:28.706344+00:00,203362a4-2b5f-4607-8454-79f41889423b,,
fcf1f1e9-633b-44cb-827a-477b9b98fdb5,fdeb7b71-5543-4755-926d-89ed20f4e78a,unclean_exit,2026-04-28 16:56:44.195046,"{""type"":""unclean_exit"",""run_id"":""203362a4-2b5f-4607-8454-79f41889423b"",""app_version"":""1.4.0"",""timestamp"":""2026-04-28T16:56:44.1946218Z"",""started_at"":""2026-04-28T18:56:28.5403673\u002B02:00"",""last_activity_at"":null,""last_activity_source"":null}",2026-04-28T16:56:44.235528+00:00,203362a4-2b5f-4607-8454-79f41889423b,,
627dcfb9-8b57-44d8-90f9-588fa1e99e69,fdeb7b71-5543-4755-926d-89ed20f4e78a,app_launch,2026-04-28 16:56:44.227579,"{""type"":""app_launch"",""install_id"":""fdeb7b71-5543-4755-926d-89ed20f4e78a"",""run_id"":""8dc62017-0994-4bc3-8458-9cbf781a9142"",""app_version"":""1.4.0"",""timestamp"":""2026-04-28T16:56:44.2275787Z"",""app_launched_count"":60}",2026-04-28T16:56:44.391519+00:00,8dc62017-0994-4bc3-8458-9cbf781a9142,,
1ac18e08-9ebc-45e1-88d0-24eed4d501ea,fdeb7b71-5543-4755-926d-89ed20f4e78a,app_close,2026-04-28 16:58:24.009553,"{""type"":""app_close"",""run_id"":""8dc62017-0994-4bc3-8458-9cbf781a9142"",""reason"":""window_closed"",""app_version"":""1.4.0"",""timestamp"":""2026-04-28T16:58:24.0052217Z""}",2026-04-28T16:58:24.015114+00:00,8dc62017-0994-4bc3-8458-9cbf781a9142,,
742527f4-50ff-4d20-a555-dc4c72081a89,fdeb7b71-5543-4755-926d-89ed20f4e78a,crash_feedback,2026-04-29 03:24:27.333106,"{""category"":""settings"",""details"":""testing the application""}",2026-04-29T03:24:27.344751+00:00,,,
fbef510f-eacd-41f6-97af-3f945822e078,fdeb7b71-5543-4755-926d-89ed20f4e78a,app_launch,2026-04-28 18:13:23.295656,"{""type"":""app_launch"",""install_id"":""fdeb7b71-5543-4755-926d-89ed20f4e78a"",""run_id"":""09802d9c-2ee7-4afb-821e-ab4becc61202"",""app_version"":""1.4.0"",""timestamp"":""2026-04-28T18:13:23.2956564Z"",""app_launched_count"":61}",2026-04-28T18:13:23.319627+00:00,09802d9c-2ee7-4afb-821e-ab4becc61202,,
4a11d1e7-a458-469b-b573-500d29290e25,fdeb7b71-5543-4755-926d-89ed20f4e78a,app_launch,2026-04-28 18:13:34.103455,"{""type"":""app_launch"",""install_id"":""fdeb7b71-5543-4755-926d-89ed20f4e78a"",""run_id"":""c7ba51a7-6f1c-49ff-abc6-d27f26903dd7"",""app_version"":""1.4.0"",""timestamp"":""2026-04-28T18:13:34.1034551Z"",""app_launched_count"":62}",2026-04-28T18:13:34.125578+00:00,c7ba51a7-6f1c-49ff-abc6-d27f26903dd7,,
be4624d5-fcd4-4f55-a867-93ca9453a307,fdeb7b71-5543-4755-926d-89ed20f4e78a,app_close,2026-04-28 18:13:39.996994,"{""type"":""app_close"",""run_id"":""c7ba51a7-6f1c-49ff-abc6-d27f26903dd7"",""reason"":""window_closed"",""app_version"":""1.4.0"",""timestamp"":""2026-04-28T18:13:39.9958499Z""}",2026-04-28T18:13:39.999976+00:00,c7ba51a7-6f1c-49ff-abc6-d27f26903dd7,,
af27e4ba-6b9d-43ec-ac6b-401a75bce20c,fdeb7b71-5543-4755-926d-89ed20f4e78a,app_launch,2026-04-28 18:13:52.423189,"{""type"":""app_launch"",""install_id"":""fdeb7b71-5543-4755-926d-89ed20f4e78a"",""run_id"":""552eb9a0-71b5-43b3-98e7-4a920f4e48a1"",""app_version"":""1.4.0"",""timestamp"":""2026-04-28T18:13:52.4231888Z"",""app_launched_count"":64}",2026-04-28T18:13:52.443575+00:00,552eb9a0-71b5-43b3-98e7-4a920f4e48a1,,
1a94e17a-b2d8-4a40-92af-f241cf4999d9,fdeb7b71-5543-4755-926d-89ed20f4e78a,app_close,2026-04-28 18:13:29.723112,"{""type"":""app_close"",""run_id"":""09802d9c-2ee7-4afb-821e-ab4becc61202"",""reason"":""window_closed"",""app_version"":""1.4.0"",""timestamp"":""2026-04-28T18:13:29.7216460Z""}",2026-04-28T18:13:29.729719+00:00,09802d9c-2ee7-4afb-821e-ab4becc61202,,
ebac6290-539c-4945-a6d7-3619da89a63c,fdeb7b71-5543-4755-926d-89ed20f4e78a,app_launch,2026-04-28 18:13:44.714208,"{""type"":""app_launch"",""install_id"":""fdeb7b71-5543-4755-926d-89ed20f4e78a"",""run_id"":""67b106b3-e0d2-43d3-af06-945436b48407"",""app_version"":""1.4.0"",""timestamp"":""2026-04-28T18:13:44.7142083Z"",""app_launched_count"":63}",2026-04-28T18:13:44.732058+00:00,67b106b3-e0d2-43d3-af06-945436b48407,,
c3c0b0b7-e169-4ab6-8c68-0c5acfef562b,fdeb7b71-5543-4755-926d-89ed20f4e78a,app_close,2026-04-28 18:13:48.309739,"{""type"":""app_close"",""run_id"":""67b106b3-e0d2-43d3-af06-945436b48407"",""reason"":""window_closed"",""app_version"":""1.4.0"",""timestamp"":""2026-04-28T18:13:48.3085797Z""}",2026-04-28T18:13:48.31325+00:00,67b106b3-e0d2-43d3-af06-945436b48407,,
5b87b2bc-90d9-45d1-97dd-53f986856b33,fdeb7b71-5543-4755-926d-89ed20f4e78a,app_close,2026-04-28 18:14:02.270574,"{""type"":""app_close"",""run_id"":""552eb9a0-71b5-43b3-98e7-4a920f4e48a1"",""reason"":""window_closed"",""app_version"":""1.4.0"",""timestamp"":""2026-04-28T18:14:02.2690970Z""}",2026-04-28T18:14:02.277147+00:00,552eb9a0-71b5-43b3-98e7-4a920f4e48a1,,
9dc4e9c0-0d06-44d3-b172-09da12c0b715,fdeb7b71-5543-4755-926d-89ed20f4e78a,app_launch,2026-04-28 18:17:18.979641,"{""type"":""app_launch"",""install_id"":""fdeb7b71-5543-4755-926d-89ed20f4e78a"",""run_id"":""2274631a-cbd7-4558-8b80-741fcf0ed2b0"",""app_version"":""1.4.0"",""timestamp"":""2026-04-28T18:17:18.9796410Z"",""app_launched_count"":65}",2026-04-28T18:17:19.004054+00:00,2274631a-cbd7-4558-8b80-741fcf0ed2b0,,
a6dfb16b-998b-4563-bcb6-450ad02bf5e9,fdeb7b71-5543-4755-926d-89ed20f4e78a,app_close,2026-04-28 18:17:22.852711,"{""type"":""app_close"",""run_id"":""2274631a-cbd7-4558-8b80-741fcf0ed2b0"",""reason"":""window_closed"",""app_version"":""1.4.0"",""timestamp"":""2026-04-28T18:17:22.8515586Z""}",2026-04-28T18:17:22.856524+00:00,2274631a-cbd7-4558-8b80-741fcf0ed2b0,,
c98c3f2f-f937-49ef-a276-d345e048df26,fdeb7b71-5543-4755-926d-89ed20f4e78a,app_launch,2026-04-28 18:17:28.761466,"{""type"":""app_launch"",""install_id"":""fdeb7b71-5543-4755-926d-89ed20f4e78a"",""run_id"":""3565ca1e-8a55-4472-8b79-d517e5ba4015"",""app_version"":""1.4.0"",""timestamp"":""2026-04-28T18:17:28.7614658Z"",""app_launched_count"":66}",2026-04-28T18:17:28.782968+00:00,3565ca1e-8a55-4472-8b79-d517e5ba4015,,
afe4b7ad-5d3e-4c31-b716-74323038d16a,fdeb7b71-5543-4755-926d-89ed20f4e78a,app_close,2026-04-28 18:17:31.309100,"{""type"":""app_close"",""run_id"":""3565ca1e-8a55-4472-8b79-d517e5ba4015"",""reason"":""window_closed"",""app_version"":""1.4.0"",""timestamp"":""2026-04-28T18:17:31.3074950Z""}",2026-04-28T18:17:31.313772+00:00,3565ca1e-8a55-4472-8b79-d517e5ba4015,,
cdd95157-0126-4630-be35-70e8cdf37297,fdeb7b71-5543-4755-926d-89ed20f4e78a,app_launch,2026-04-28 18:17:37.750546,"{""type"":""app_launch"",""install_id"":""fdeb7b71-5543-4755-926d-89ed20f4e78a"",""run_id"":""68c46659-4991-47a8-9a06-225c7ee5f0f1"",""app_version"":""1.4.0"",""timestamp"":""2026-04-28T18:17:37.7505458Z"",""app_launched_count"":67}",2026-04-28T18:17:37.773101+00:00,68c46659-4991-47a8-9a06-225c7ee5f0f1,,
f271b9a9-e533-4623-8539-4dfcba0d5153,a94ac8eb-0e17-4d9a-a195-0b5c5082c7db,app_close,2026-04-28 15:38:36.147302,"{""type"":""app_close"",""run_id"":""60221f6a-6c08-4ab2-82ed-2e99a280c65b"",""reason"":""window_closed"",""app_version"":""1.4.0"",""timestamp"":""2026-04-28T15:38:36.1456709Z""}",2026-04-28T15:38:36.149654+00:00,60221f6a-6c08-4ab2-82ed-2e99a280c65b,,
d5dfbdf9-2b29-4e41-a332-841f935cac5f,a94ac8eb-0e17-4d9a-a195-0b5c5082c7db,app_launch,2026-04-29 00:24:14.879934,"{""type"":""app_launch"",""install_id"":""a94ac8eb-0e17-4d9a-a195-0b5c5082c7db"",""run_id"":""8889060a-e597-4284-b79f-9b304b00b0f4"",""app_version"":""1.4.0"",""timestamp"":""2026-04-29T00:24:14.8799342Z"",""app_launched_count"":6}",2026-04-29T00:24:14.890219+00:00,8889060a-e597-4284-b79f-9b304b00b0f4,,
9c97319a-152b-45b2-9cb3-cb6db8a2bcfc,a94ac8eb-0e17-4d9a-a195-0b5c5082c7db,app_close,2026-04-29 00:24:44.468420,"{""type"":""app_close"",""run_id"":""8889060a-e597-4284-b79f-9b304b00b0f4"",""reason"":""window_closed"",""app_version"":""1.4.0"",""timestamp"":""2026-04-29T00:24:44.4672804Z""}",2026-04-29T00:24:44.470554+00:00,8889060a-e597-4284-b79f-9b304b00b0f4,,
1f533788-e556-4532-bda4-2675786103ab,a94ac8eb-0e17-4d9a-a195-0b5c5082c7db,app_launch,2026-04-29 02:03:17.982415,"{""type"":""app_launch"",""install_id"":""a94ac8eb-0e17-4d9a-a195-0b5c5082c7db"",""run_id"":""99565542-2489-4581-a940-95fb45f01d9d"",""app_version"":""1.4.0"",""timestamp"":""2026-04-29T02:03:17.9824148Z"",""app_launched_count"":7}",2026-04-29T02:03:18.023339+00:00,99565542-2489-4581-a940-95fb45f01d9d,,
902a5b7e-e71e-4fbe-97de-3cdb3d5eceaf,fdeb7b71-5543-4755-926d-89ed20f4e78a,unclean_exit,2026-04-29 02:24:54.977231,"{""type"":""unclean_exit"",""run_id"":""68c46659-4991-47a8-9a06-225c7ee5f0f1"",""app_version"":""1.4.0"",""timestamp"":""2026-04-29T02:24:54.9764772Z"",""started_at"":""2026-04-28T20:17:37.7505458\u002B02:00"",""last_activity_at"":null,""last_activity_source"":null}",2026-04-29T02:24:55.014994+00:00,68c46659-4991-47a8-9a06-225c7ee5f0f1,,
b41af6b8-4a21-4605-a889-0a739d9a2e57,fdeb7b71-5543-4755-926d-89ed20f4e78a,app_launch,2026-04-29 02:24:55.009393,"{""type"":""app_launch"",""install_id"":""fdeb7b71-5543-4755-926d-89ed20f4e78a"",""run_id"":""e25345ad-d574-49af-b895-ef3424efe1d7"",""app_version"":""1.4.0"",""timestamp"":""2026-04-29T02:24:55.0093928Z"",""app_launched_count"":68}",2026-04-29T02:24:55.17043+00:00,e25345ad-d574-49af-b895-ef3424efe1d7,,
5e97395a-36e5-467e-9c63-55f33c122ed6,fdeb7b71-5543-4755-926d-89ed20f4e78a,app_close,2026-04-29 02:25:01.420552,"{""type"":""app_close"",""run_id"":""e25345ad-d574-49af-b895-ef3424efe1d7"",""reason"":""window_closed"",""app_version"":""1.4.0"",""timestamp"":""2026-04-29T02:25:01.4167634Z""}",2026-04-29T02:25:01.424905+00:00,e25345ad-d574-49af-b895-ef3424efe1d7,,
f55aff4b-f838-494e-b026-8f499aedde18,fdeb7b71-5543-4755-926d-89ed20f4e78a,app_launch,2026-04-29 02:25:08.267868,"{""type"":""app_launch"",""install_id"":""fdeb7b71-5543-4755-926d-89ed20f4e78a"",""run_id"":""53ae37ce-803e-4592-b88a-e60b67034c41"",""app_version"":""1.4.0"",""timestamp"":""2026-04-29T02:25:08.2678683Z"",""app_launched_count"":69}",2026-04-29T02:25:08.299014+00:00,53ae37ce-803e-4592-b88a-e60b67034c41,,
cb5a0181-2f00-4db9-bb33-021f193eddd4,fdeb7b71-5543-4755-926d-89ed20f4e78a,app_close,2026-04-29 02:25:14.514001,"{""type"":""app_close"",""run_id"":""53ae37ce-803e-4592-b88a-e60b67034c41"",""reason"":""window_closed"",""app_version"":""1.4.0"",""timestamp"":""2026-04-29T02:25:14.5097746Z""}",2026-04-29T02:25:14.5196+00:00,53ae37ce-803e-4592-b88a-e60b67034c41,,
f38b55bb-56e6-4821-a2a6-33d54124538a,fdeb7b71-5543-4755-926d-89ed20f4e78a,app_launch,2026-04-29 02:25:21.135470,"{""type"":""app_launch"",""install_id"":""fdeb7b71-5543-4755-926d-89ed20f4e78a"",""run_id"":""2e01bed8-3ece-4b8b-9bd5-337b9dcd3a63"",""app_version"":""1.4.0"",""timestamp"":""2026-04-29T02:25:21.1354703Z"",""app_launched_count"":70}",2026-04-29T02:25:21.166261+00:00,2e01bed8-3ece-4b8b-9bd5-337b9dcd3a63,,
d8cd935e-6ab6-4d71-9233-7942aade39c0,fdeb7b71-5543-4755-926d-89ed20f4e78a,unclean_exit,2026-04-29 02:37:10.846210,"{""type"":""unclean_exit"",""run_id"":""2e01bed8-3ece-4b8b-9bd5-337b9dcd3a63"",""app_version"":""1.4.0"",""timestamp"":""2026-04-29T02:37:10.8458373Z"",""started_at"":""2026-04-29T04:25:21.1354703\u002B02:00"",""last_activity_at"":null,""last_activity_source"":null}",2026-04-29T02:37:10.87894+00:00,2e01bed8-3ece-4b8b-9bd5-337b9dcd3a63,,
678f1702-31b0-4103-856b-45c7dfd817cc,fdeb7b71-5543-4755-926d-89ed20f4e78a,app_launch,2026-04-29 02:37:10.975101,"{""type"":""app_launch"",""install_id"":""fdeb7b71-5543-4755-926d-89ed20f4e78a"",""run_id"":""7e932d1f-a880-4052-852a-ec700de5d84a"",""app_version"":""1.4.0"",""timestamp"":""2026-04-29T02:37:10.9751008Z"",""app_launched_count"":71}",2026-04-29T02:37:10.98148+00:00,7e932d1f-a880-4052-852a-ec700de5d84a,,
aaaf4c70-f574-4192-9a45-fd6618b5d7ab,fdeb7b71-5543-4755-926d-89ed20f4e78a,app_close,2026-04-29 02:59:23.968486,"{""type"":""app_close"",""run_id"":""7e932d1f-a880-4052-852a-ec700de5d84a"",""reason"":""window_closed"",""app_version"":""1.4.0"",""timestamp"":""2026-04-29T02:59:23.9582405Z""}",2026-04-29T02:59:23.974324+00:00,7e932d1f-a880-4052-852a-ec700de5d84a,,
4815a4c4-9b8a-40c3-9003-7c0f46f9a0b6,fdeb7b71-5543-4755-926d-89ed20f4e78a,app_launch,2026-04-29 02:59:38.836182,"{""type"":""app_launch"",""install_id"":""fdeb7b71-5543-4755-926d-89ed20f4e78a"",""run_id"":""05494ccf-5fab-4b3a-b6ba-751c925d6f38"",""app_version"":""1.4.0"",""timestamp"":""2026-04-29T02:59:38.8361816Z"",""app_launched_count"":72}",2026-04-29T02:59:38.872206+00:00,05494ccf-5fab-4b3a-b6ba-751c925d6f38,,
ae35e91b-cf98-4d94-9fce-d4473abb6d19,fdeb7b71-5543-4755-926d-89ed20f4e78a,app_close,2026-04-29 02:59:44.532284,"{""type"":""app_close"",""run_id"":""05494ccf-5fab-4b3a-b6ba-751c925d6f38"",""reason"":""window_closed"",""app_version"":""1.4.0"",""timestamp"":""2026-04-29T02:59:44.5278069Z""}",2026-04-29T02:59:44.536702+00:00,05494ccf-5fab-4b3a-b6ba-751c925d6f38,,
19296225-f577-43fb-accc-b9d99e998b5c,fdeb7b71-5543-4755-926d-89ed20f4e78a,app_launch,2026-04-29 03:00:03.453711,"{""type"":""app_launch"",""install_id"":""fdeb7b71-5543-4755-926d-89ed20f4e78a"",""run_id"":""53d326d8-734c-46d8-982c-153ad9afe5ed"",""app_version"":""1.4.0"",""timestamp"":""2026-04-29T03:00:03.4537107Z"",""app_launched_count"":74}",2026-04-29T03:00:03.487442+00:00,53d326d8-734c-46d8-982c-153ad9afe5ed,,
e9930a46-94f7-4824-bfc8-21396b3b3378,fdeb7b71-5543-4755-926d-89ed20f4e78a,app_launch,2026-04-29 02:59:51.515991,"{""type"":""app_launch"",""install_id"":""fdeb7b71-5543-4755-926d-89ed20f4e78a"",""run_id"":""7b2d8ce1-408e-436c-9383-57f2dce6db03"",""app_version"":""1.4.0"",""timestamp"":""2026-04-29T02:59:51.5159910Z"",""app_launched_count"":73}",2026-04-29T02:59:51.554191+00:00,7b2d8ce1-408e-436c-9383-57f2dce6db03,,
b3acdf74-f1f7-4783-80ca-d26a7b699319,fdeb7b71-5543-4755-926d-89ed20f4e78a,app_close,2026-04-29 02:59:56.022282,"{""type"":""app_close"",""run_id"":""7b2d8ce1-408e-436c-9383-57f2dce6db03"",""reason"":""window_closed"",""app_version"":""1.4.0"",""timestamp"":""2026-04-29T02:59:56.0181198Z""}",2026-04-29T02:59:56.027112+00:00,7b2d8ce1-408e-436c-9383-57f2dce6db03,,
ec464cbb-2cb6-40fe-bb0c-cca5d60ce84e,fdeb7b71-5543-4755-926d-89ed20f4e78a,app_close,2026-04-29 03:05:07.632814,"{""type"":""app_close"",""run_id"":""53d326d8-734c-46d8-982c-153ad9afe5ed"",""reason"":""window_closed"",""app_version"":""1.4.0"",""timestamp"":""2026-04-29T03:05:07.6233315Z""}",2026-04-29T03:05:07.638636+00:00,53d326d8-734c-46d8-982c-153ad9afe5ed,,
f62282ba-29a3-48b5-813d-b9b3c36815a3,fdeb7b71-5543-4755-926d-89ed20f4e78a,app_launch,2026-04-29 03:05:19.788298,"{""type"":""app_launch"",""install_id"":""fdeb7b71-5543-4755-926d-89ed20f4e78a"",""run_id"":""e092b2ff-f239-41da-a8c6-00eb8f475998"",""app_version"":""1.4.0"",""timestamp"":""2026-04-29T03:05:19.7882982Z"",""app_launched_count"":75}",2026-04-29T03:05:19.824242+00:00,e092b2ff-f239-41da-a8c6-00eb8f475998,,
c62dc2bb-c665-4ef4-b9b8-29ba504fb4ec,fdeb7b71-5543-4755-926d-89ed20f4e78a,app_close,2026-04-29 03:05:22.218214,"{""type"":""app_close"",""run_id"":""e092b2ff-f239-41da-a8c6-00eb8f475998"",""reason"":""window_closed"",""app_version"":""1.4.0"",""timestamp"":""2026-04-29T03:05:22.2135873Z""}",2026-04-29T03:05:22.225384+00:00,e092b2ff-f239-41da-a8c6-00eb8f475998,,
2723ce14-b87a-489c-9d6f-c15ac6a0e6b4,fdeb7b71-5543-4755-926d-89ed20f4e78a,app_launch,2026-04-29 03:05:29.200533,"{""type"":""app_launch"",""install_id"":""fdeb7b71-5543-4755-926d-89ed20f4e78a"",""run_id"":""2def1c3c-412e-4e6e-af1e-23eed8e63b8f"",""app_version"":""1.4.0"",""timestamp"":""2026-04-29T03:05:29.2005330Z"",""app_launched_count"":76}",2026-04-29T03:05:29.234637+00:00,2def1c3c-412e-4e6e-af1e-23eed8e63b8f,,
07a9aae3-c9db-4cad-8a2a-8646b4f3e3e7,fdeb7b71-5543-4755-926d-89ed20f4e78a,unclean_exit,2026-04-29 03:15:42.956358,"{""type"":""unclean_exit"",""run_id"":""2def1c3c-412e-4e6e-af1e-23eed8e63b8f"",""app_version"":""1.4.0"",""timestamp"":""2026-04-29T03:15:42.9558856Z"",""started_at"":""2026-04-29T05:05:29.2005330\u002B02:00"",""last_activity_at"":null,""last_activity_source"":null}",2026-04-29T03:15:43.001052+00:00,2def1c3c-412e-4e6e-af1e-23eed8e63b8f,,
6c748fff-2426-4bc5-83ba-32c4c41821fc,fdeb7b71-5543-4755-926d-89ed20f4e78a,app_launch,2026-04-29 03:15:42.996372,"{""type"":""app_launch"",""install_id"":""fdeb7b71-5543-4755-926d-89ed20f4e78a"",""run_id"":""f851e770-68c8-4b18-8745-feb21bac6d72"",""app_version"":""1.4.0"",""timestamp"":""2026-04-29T03:15:42.9963716Z"",""app_launched_count"":77}",2026-04-29T03:15:43.160406+00:00,f851e770-68c8-4b18-8745-feb21bac6d72,,
cd053388-4312-47f2-adda-2ac25dd66863,fdeb7b71-5543-4755-926d-89ed20f4e78a,app_close,2026-04-29 03:15:52.344969,"{""type"":""app_close"",""run_id"":""f851e770-68c8-4b18-8745-feb21bac6d72"",""reason"":""window_closed"",""app_version"":""1.4.0"",""timestamp"":""2026-04-29T03:15:52.3405091Z""}",2026-04-29T03:15:52.352247+00:00,f851e770-68c8-4b18-8745-feb21bac6d72,,
975993ab-53f9-4f11-affe-b771fb917478,fdeb7b71-5543-4755-926d-89ed20f4e78a,app_launch,2026-04-29 03:16:07.225050,"{""type"":""app_launch"",""install_id"":""fdeb7b71-5543-4755-926d-89ed20f4e78a"",""run_id"":""08e4a0e0-a89d-42fa-ab54-7ca085e6ee5b"",""app_version"":""1.4.0"",""timestamp"":""2026-04-29T03:16:07.2250501Z"",""app_launched_count"":78}",2026-04-29T03:16:07.260653+00:00,08e4a0e0-a89d-42fa-ab54-7ca085e6ee5b,,
a409b5e3-c4dd-4c64-8e22-6f38a1ecabd8,fdeb7b71-5543-4755-926d-89ed20f4e78a,app_close,2026-04-29 03:16:20.294916,"{""type"":""app_close"",""run_id"":""08e4a0e0-a89d-42fa-ab54-7ca085e6ee5b"",""reason"":""window_closed"",""app_version"":""1.4.0"",""timestamp"":""2026-04-29T03:16:20.2911214Z""}",2026-04-29T03:16:20.298784+00:00,08e4a0e0-a89d-42fa-ab54-7ca085e6ee5b,,
6047a78b-bc97-49e1-96e0-69d636950a5c,fdeb7b71-5543-4755-926d-89ed20f4e78a,app_launch,2026-04-29 03:16:29.465572,"{""type"":""app_launch"",""install_id"":""fdeb7b71-5543-4755-926d-89ed20f4e78a"",""run_id"":""e096e492-4d7c-4003-9554-6ab1afb4e509"",""app_version"":""1.4.0"",""timestamp"":""2026-04-29T03:16:29.4655718Z"",""app_launched_count"":79}",2026-04-29T03:16:29.500687+00:00,e096e492-4d7c-4003-9554-6ab1afb4e509,,
9cddc474-b512-41d1-9a70-588b5ebdf4cf,fdeb7b71-5543-4755-926d-89ed20f4e78a,app_close,2026-04-29 03:16:40.259018,"{""type"":""app_close"",""run_id"":""e096e492-4d7c-4003-9554-6ab1afb4e509"",""reason"":""window_closed"",""app_version"":""1.4.0"",""timestamp"":""2026-04-29T03:16:40.2550690Z""}",2026-04-29T03:16:40.263676+00:00,e096e492-4d7c-4003-9554-6ab1afb4e509,,
eb8e0052-ab7a-4c95-8e75-ad27b6901cbf,fdeb7b71-5543-4755-926d-89ed20f4e78a,app_launch,2026-04-29 03:16:49.134536,"{""type"":""app_launch"",""install_id"":""fdeb7b71-5543-4755-926d-89ed20f4e78a"",""run_id"":""97ca67f6-a2c1-4ff2-99eb-5a1a2f94959a"",""app_version"":""1.4.0"",""timestamp"":""2026-04-29T03:16:49.1345358Z"",""app_launched_count"":80}",2026-04-29T03:16:49.17234+00:00,97ca67f6-a2c1-4ff2-99eb-5a1a2f94959a,,
d7176148-92c4-471a-845c-013a7341a242,fdeb7b71-5543-4755-926d-89ed20f4e78a,app_close,2026-04-29 03:16:54.562298,"{""type"":""app_close"",""run_id"":""97ca67f6-a2c1-4ff2-99eb-5a1a2f94959a"",""reason"":""window_closed"",""app_version"":""1.4.0"",""timestamp"":""2026-04-29T03:16:54.5578761Z""}",2026-04-29T03:16:54.566455+00:00,97ca67f6-a2c1-4ff2-99eb-5a1a2f94959a,,
764497b2-a08b-4095-afd9-19f924752dba,fdeb7b71-5543-4755-926d-89ed20f4e78a,app_launch,2026-04-29 03:23:36.008942,"{""type"":""app_launch"",""install_id"":""fdeb7b71-5543-4755-926d-89ed20f4e78a"",""run_id"":""781ab815-e989-4bd4-a31c-9001c1f9400f"",""app_version"":""1.4.0"",""timestamp"":""2026-04-29T03:23:36.0089422Z"",""app_launched_count"":81}",2026-04-29T03:23:36.037946+00:00,781ab815-e989-4bd4-a31c-9001c1f9400f,,
14c5a5ac-aed8-41e1-96a3-dac012ebee95,fdeb7b71-5543-4755-926d-89ed20f4e78a,unclean_exit,2026-04-29 03:23:49.574504,"{""type"":""unclean_exit"",""run_id"":""781ab815-e989-4bd4-a31c-9001c1f9400f"",""app_version"":""1.4.0"",""timestamp"":""2026-04-29T03:23:49.5740026Z"",""started_at"":""2026-04-29T05:23:36.0089422\u002B02:00"",""last_activity_at"":null,""last_activity_source"":null}",2026-04-29T03:23:49.616451+00:00,781ab815-e989-4bd4-a31c-9001c1f9400f,,
fb8d035e-29fd-4bde-8e48-0a0db17b3fe7,fdeb7b71-5543-4755-926d-89ed20f4e78a,app_launch,2026-04-29 03:23:49.613381,"{""type"":""app_launch"",""install_id"":""fdeb7b71-5543-4755-926d-89ed20f4e78a"",""run_id"":""835ed7e5-8798-4d2f-9079-740960c62a16"",""app_version"":""1.4.0"",""timestamp"":""2026-04-29T03:23:49.6133812Z"",""app_launched_count"":82}",2026-04-29T03:23:49.773704+00:00,835ed7e5-8798-4d2f-9079-740960c62a16,,
a2dde82d-136b-49ac-96e6-70296d61cea6,fdeb7b71-5543-4755-926d-89ed20f4e78a,app_close,2026-04-29 03:24:31.071260,"{""type"":""app_close"",""run_id"":""835ed7e5-8798-4d2f-9079-740960c62a16"",""reason"":""window_closed"",""app_version"":""1.4.0"",""timestamp"":""2026-04-29T03:24:31.0602791Z""}",2026-04-29T03:24:31.07622+00:00,835ed7e5-8798-4d2f-9079-740960c62a16,,
61950d53-9132-4ae4-9c75-434e3aab0b6e,fdeb7b71-5543-4755-926d-89ed20f4e78a,app_launch,2026-04-29 03:24:47.193136,"{""type"":""app_launch"",""install_id"":""fdeb7b71-5543-4755-926d-89ed20f4e78a"",""run_id"":""6cc9b8ac-2864-4e62-b077-9e8204e79cf8"",""app_version"":""1.4.0"",""timestamp"":""2026-04-29T03:24:47.1931358Z"",""app_launched_count"":84}",2026-04-29T03:24:47.199422+00:00,6cc9b8ac-2864-4e62-b077-9e8204e79cf8,,
fc51e8bd-16b4-4d5b-b566-794fad63ae69,fdeb7b71-5543-4755-926d-89ed20f4e78a,crash_feedback,2026-04-29 03:25:04.949332,"{""category"":""reports"",""details"":""testing the app""}",2026-04-29T03:25:04.96151+00:00,,,
a33d8647-0f41-4e49-94e8-be82686d3a63,fdeb7b71-5543-4755-926d-89ed20f4e78a,app_launch,2026-04-29 03:24:38.035352,"{""type"":""app_launch"",""install_id"":""fdeb7b71-5543-4755-926d-89ed20f4e78a"",""run_id"":""3f66cf4f-79e6-4800-80c0-2acf370dc2e8"",""app_version"":""1.4.0"",""timestamp"":""2026-04-29T03:24:38.0353520Z"",""app_launched_count"":83}",2026-04-29T03:24:38.070228+00:00,3f66cf4f-79e6-4800-80c0-2acf370dc2e8,,
c61fe1d9-9031-424a-853e-86f6bdf5e758,fdeb7b71-5543-4755-926d-89ed20f4e78a,unclean_exit,2026-04-29 03:24:47.061108,"{""type"":""unclean_exit"",""run_id"":""3f66cf4f-79e6-4800-80c0-2acf370dc2e8"",""app_version"":""1.4.0"",""timestamp"":""2026-04-29T03:24:47.0607271Z"",""started_at"":""2026-04-29T05:24:38.0353520\u002B02:00"",""last_activity_at"":null,""last_activity_source"":null}",2026-04-29T03:24:47.099265+00:00,3f66cf4f-79e6-4800-80c0-2acf370dc2e8,,
54982388-4781-4ece-a1c6-c56f79d7bde8,fdeb7b71-5543-4755-926d-89ed20f4e78a,app_close,2026-04-29 03:25:08.832221,"{""type"":""app_close"",""run_id"":""6cc9b8ac-2864-4e62-b077-9e8204e79cf8"",""reason"":""window_closed"",""app_version"":""1.4.0"",""timestamp"":""2026-04-29T03:25:08.8207732Z""}",2026-04-29T03:25:08.837472+00:00,6cc9b8ac-2864-4e62-b077-9e8204e79cf8,,
c6f75b17-a586-4655-8431-521e45ab7275,fdeb7b71-5543-4755-926d-89ed20f4e78a,app_launch,2026-04-29 06:50:15.088779,"{""type"":""app_launch"",""install_id"":""fdeb7b71-5543-4755-926d-89ed20f4e78a"",""run_id"":""be9ff20c-bda9-4f2e-9f13-a2428d705dae"",""app_version"":""1.4.0"",""timestamp"":""2026-04-29T06:50:15.0887787Z"",""app_launched_count"":85}",2026-04-29T06:50:15.114596+00:00,be9ff20c-bda9-4f2e-9f13-a2428d705dae,,
0f9114e2-6ca7-47a7-a896-a5bfdc03b695,fdeb7b71-5543-4755-926d-89ed20f4e78a,unclean_exit,2026-04-29 06:50:28.769784,"{""type"":""unclean_exit"",""run_id"":""be9ff20c-bda9-4f2e-9f13-a2428d705dae"",""app_version"":""1.4.0"",""timestamp"":""2026-04-29T06:50:28.7694457Z"",""started_at"":""2026-04-29T08:50:15.0887787\u002B02:00"",""last_activity_at"":null,""last_activity_source"":null}",2026-04-29T06:50:28.799638+00:00,be9ff20c-bda9-4f2e-9f13-a2428d705dae,,
e722f675-df5e-43bb-8131-878a93a6f800,fdeb7b71-5543-4755-926d-89ed20f4e78a,app_launch,2026-04-29 06:50:28.796142,"{""type"":""app_launch"",""install_id"":""fdeb7b71-5543-4755-926d-89ed20f4e78a"",""run_id"":""32552496-90ed-4eab-a834-cde0218e7fe5"",""app_version"":""1.4.0"",""timestamp"":""2026-04-29T06:50:28.7961418Z"",""app_launched_count"":86}",2026-04-29T06:50:28.970904+00:00,32552496-90ed-4eab-a834-cde0218e7fe5,,
fe286a75-c42a-4bfb-a703-9008486461b8,fdeb7b71-5543-4755-926d-89ed20f4e78a,app_close,2026-04-29 06:51:22.101582,"{""type"":""app_close"",""run_id"":""32552496-90ed-4eab-a834-cde0218e7fe5"",""reason"":""window_closed"",""app_version"":""1.4.0"",""timestamp"":""2026-04-29T06:51:22.0929713Z""}",2026-04-29T06:51:22.104495+00:00,32552496-90ed-4eab-a834-cde0218e7fe5,,
3db15a90-20bb-4023-bffb-a0d3baed36f6,fdeb7b71-5543-4755-926d-89ed20f4e78a,app_launch,2026-04-29 06:51:31.068138,"{""type"":""app_launch"",""install_id"":""fdeb7b71-5543-4755-926d-89ed20f4e78a"",""run_id"":""e2d08ca9-59aa-41ad-acc2-22b3a6a1fcbe"",""app_version"":""1.4.0"",""timestamp"":""2026-04-29T06:51:31.0681378Z"",""app_launched_count"":87}",2026-04-29T06:51:31.086902+00:00,e2d08ca9-59aa-41ad-acc2-22b3a6a1fcbe,,
8167eef0-8a8e-4a4c-ab8a-4e98ba62430c,fdeb7b71-5543-4755-926d-89ed20f4e78a,unclean_exit,2026-04-29 08:09:38.987407,"{""type"":""unclean_exit"",""run_id"":""e2d08ca9-59aa-41ad-acc2-22b3a6a1fcbe"",""app_version"":""1.4.0"",""timestamp"":""2026-04-29T08:09:38.9845981Z"",""started_at"":""2026-04-29T08:51:31.0681378\u002B02:00"",""last_activity_at"":null,""last_activity_source"":null}",2026-04-29T08:09:39.071745+00:00,e2d08ca9-59aa-41ad-acc2-22b3a6a1fcbe,,
b91b4998-e10b-4f11-8e3e-b86819ace507,fdeb7b71-5543-4755-926d-89ed20f4e78a,app_launch,2026-04-29 08:09:39.030237,"{""type"":""app_launch"",""install_id"":""fdeb7b71-5543-4755-926d-89ed20f4e78a"",""run_id"":""2642810e-ac13-426a-aea3-ff0cf7ef0d0b"",""app_version"":""1.4.0"",""timestamp"":""2026-04-29T08:09:39.0302366Z"",""app_launched_count"":88}",2026-04-29T08:09:39.211272+00:00,2642810e-ac13-426a-aea3-ff0cf7ef0d0b,,
6c05750d-e0a4-4242-9878-2b90dcf2e3fc,fdeb7b71-5543-4755-926d-89ed20f4e78a,crash_feedback,2026-04-29 08:10:00.088260,"{""category"":""startup"",""details"":""""}",2026-04-29T08:10:00.100852+00:00,,,
a011e931-d571-4662-ab2d-693250c626f9,fdeb7b71-5543-4755-926d-89ed20f4e78a,unclean_exit,2026-04-29 08:14:52.934661,"{""type"":""unclean_exit"",""run_id"":""2642810e-ac13-426a-aea3-ff0cf7ef0d0b"",""app_version"":""1.4.0"",""timestamp"":""2026-04-29T08:14:52.9342691Z"",""started_at"":""2026-04-29T10:09:39.0302366\u002B02:00"",""last_activity_at"":null,""last_activity_source"":null}",2026-04-29T08:14:52.977229+00:00,2642810e-ac13-426a-aea3-ff0cf7ef0d0b,,
1cdcc309-e232-40d3-9b2e-ef848345880a,fdeb7b71-5543-4755-926d-89ed20f4e78a,app_launch,2026-04-29 08:14:52.968764,"{""type"":""app_launch"",""install_id"":""fdeb7b71-5543-4755-926d-89ed20f4e78a"",""run_id"":""0eb736c1-3961-49f6-95c0-316b76e06df9"",""app_version"":""1.4.0"",""timestamp"":""2026-04-29T08:14:52.9687642Z"",""app_launched_count"":89}",2026-04-29T08:14:53.128358+00:00,0eb736c1-3961-49f6-95c0-316b76e06df9,,
4f258d89-10e9-4cef-a2a6-2d4eb2964150,fdeb7b71-5543-4755-926d-89ed20f4e78a,app_close,2026-04-29 08:15:05.120934,"{""type"":""app_close"",""run_id"":""0eb736c1-3961-49f6-95c0-316b76e06df9"",""reason"":""window_closed"",""app_version"":""1.4.0"",""timestamp"":""2026-04-29T08:15:05.1168606Z""}",2026-04-29T08:15:05.125526+00:00,0eb736c1-3961-49f6-95c0-316b76e06df9,,
98129bc6-25f3-47ec-956f-cae59c1b611e,fdeb7b71-5543-4755-926d-89ed20f4e78a,app_launch,2026-04-29 08:15:13.572246,"{""type"":""app_launch"",""install_id"":""fdeb7b71-5543-4755-926d-89ed20f4e78a"",""run_id"":""b22cbc8c-82cb-444d-8121-33d773853165"",""app_version"":""1.4.0"",""timestamp"":""2026-04-29T08:15:13.5722460Z"",""app_launched_count"":90}",2026-04-29T08:15:13.600534+00:00,b22cbc8c-82cb-444d-8121-33d773853165,,
ef13414b-cf66-4d54-b520-e51d9fd6baa4,fdeb7b71-5543-4755-926d-89ed20f4e78a,unclean_exit,2026-04-29 08:20:48.546975,"{""type"":""unclean_exit"",""run_id"":""b22cbc8c-82cb-444d-8121-33d773853165"",""app_version"":""1.4.0"",""timestamp"":""2026-04-29T08:20:48.5461446Z"",""started_at"":""2026-04-29T10:15:13.5722460\u002B02:00"",""last_activity_at"":null,""last_activity_source"":null}",2026-04-29T08:20:48.581954+00:00,b22cbc8c-82cb-444d-8121-33d773853165,,
2f89d348-9969-4997-abbc-6f0cfecde741,fdeb7b71-5543-4755-926d-89ed20f4e78a,app_launch,2026-04-29 08:20:48.673360,"{""type"":""app_launch"",""install_id"":""fdeb7b71-5543-4755-926d-89ed20f4e78a"",""run_id"":""e9d4732a-c90f-45fb-9263-d2d446bbcaec"",""app_version"":""1.4.0"",""timestamp"":""2026-04-29T08:20:48.6733595Z"",""app_launched_count"":91}",2026-04-29T08:20:48.678216+00:00,e9d4732a-c90f-45fb-9263-d2d446bbcaec,,
ff79b31f-cf6d-41a1-8ced-3feeb563edf4,fdeb7b71-5543-4755-926d-89ed20f4e78a,crash_feedback,2026-04-29 08:20:58.921830,"{""category"":""reports"",""details"":""""}",2026-04-29T08:20:58.93496+00:00,,,
b421461e-3213-4d40-b60a-438355c79b1a,fdeb7b71-5543-4755-926d-89ed20f4e78a,unclean_exit,2026-04-29 08:42:48.034366,"{""type"":""unclean_exit"",""run_id"":""e9d4732a-c90f-45fb-9263-d2d446bbcaec"",""app_version"":""1.4.0"",""timestamp"":""2026-04-29T08:42:48.0333435Z"",""started_at"":""2026-04-29T10:20:48.6733595\u002B02:00"",""last_activity_at"":null,""last_activity_source"":null}",2026-04-29T08:42:48.080172+00:00,e9d4732a-c90f-45fb-9263-d2d446bbcaec,,
5368116c-cb7c-44cc-bf94-f181864f182e,fdeb7b71-5543-4755-926d-89ed20f4e78a,app_launch,2026-04-29 08:42:48.071501,"{""type"":""app_launch"",""install_id"":""fdeb7b71-5543-4755-926d-89ed20f4e78a"",""run_id"":""fdeb0cc6-5930-4e63-9969-48187a024648"",""app_version"":""1.4.0"",""timestamp"":""2026-04-29T08:42:48.0715008Z"",""app_launched_count"":92}",2026-04-29T08:42:48.234208+00:00,fdeb0cc6-5930-4e63-9969-48187a024648,,
fb7f7610-9c53-4c8c-9dda-ad807af9519c,fdeb7b71-5543-4755-926d-89ed20f4e78a,crash_feedback,2026-04-29 08:42:54.278301,"{""category"":""startup"",""details"":""""}",2026-04-29T08:42:54.291507+00:00,,,
7f6899c6-7dc6-44de-9b33-957c5eecfbce,fdeb7b71-5543-4755-926d-89ed20f4e78a,app_close,2026-04-29 08:42:57.515824,"{""type"":""app_close"",""run_id"":""fdeb0cc6-5930-4e63-9969-48187a024648"",""reason"":""window_closed"",""app_version"":""1.4.0"",""timestamp"":""2026-04-29T08:42:57.5109631Z""}",2026-04-29T08:42:57.521734+00:00,fdeb0cc6-5930-4e63-9969-48187a024648,,
2b09d50f-ea75-4356-bc69-13c7db7ebb72,fdeb7b71-5543-4755-926d-89ed20f4e78a,app_launch,2026-04-29 08:43:05.729429,"{""type"":""app_launch"",""install_id"":""fdeb7b71-5543-4755-926d-89ed20f4e78a"",""run_id"":""89086458-9e2f-474f-8d9c-a589d0d4315d"",""app_version"":""1.4.0"",""timestamp"":""2026-04-29T08:43:05.7294291Z"",""app_launched_count"":93}",2026-04-29T08:43:05.763794+00:00,89086458-9e2f-474f-8d9c-a589d0d4315d,,
296fa8fd-32c4-48e9-86f3-b8a94b3115d8,fdeb7b71-5543-4755-926d-89ed20f4e78a,unclean_exit,2026-04-29 08:43:22.232900,"{""type"":""unclean_exit"",""run_id"":""89086458-9e2f-474f-8d9c-a589d0d4315d"",""app_version"":""1.4.0"",""timestamp"":""2026-04-29T08:43:22.2321254Z"",""started_at"":""2026-04-29T10:43:05.7294291\u002B02:00"",""last_activity_at"":null,""last_activity_source"":null}",2026-04-29T08:43:22.268612+00:00,89086458-9e2f-474f-8d9c-a589d0d4315d,,
9b7d0c97-c3ee-485d-bd96-0eeeb38d1049,fdeb7b71-5543-4755-926d-89ed20f4e78a,app_launch,2026-04-29 08:43:22.262332,"{""type"":""app_launch"",""install_id"":""fdeb7b71-5543-4755-926d-89ed20f4e78a"",""run_id"":""1d29fead-a356-4949-bbf5-9cc6717c6f24"",""app_version"":""1.4.0"",""timestamp"":""2026-04-29T08:43:22.2623320Z"",""app_launched_count"":94}",2026-04-29T08:43:22.429935+00:00,1d29fead-a356-4949-bbf5-9cc6717c6f24,,
9b12694e-cb2b-49d3-b107-0c8db3787ea4,fdeb7b71-5543-4755-926d-89ed20f4e78a,app_close,2026-04-29 08:43:34.856788,"{""type"":""app_close"",""run_id"":""1d29fead-a356-4949-bbf5-9cc6717c6f24"",""reason"":""window_closed"",""app_version"":""1.4.0"",""timestamp"":""2026-04-29T08:43:34.8522999Z""}",2026-04-29T08:43:34.862074+00:00,1d29fead-a356-4949-bbf5-9cc6717c6f24,,
85feab5c-735c-4c49-82ed-1c5c13e7d3ee,fdeb7b71-5543-4755-926d-89ed20f4e78a,app_launch,2026-04-29 08:43:41.791001,"{""type"":""app_launch"",""install_id"":""fdeb7b71-5543-4755-926d-89ed20f4e78a"",""run_id"":""88d3853d-b000-4e6e-af32-7aae4e9d46be"",""app_version"":""1.4.0"",""timestamp"":""2026-04-29T08:43:41.7910006Z"",""app_launched_count"":95}",2026-04-29T08:43:41.822918+00:00,88d3853d-b000-4e6e-af32-7aae4e9d46be,,
4d053d10-0bad-4432-ae19-147139556dcc,fdeb7b71-5543-4755-926d-89ed20f4e78a,unclean_exit,2026-04-29 08:47:39.796199,"{""type"":""unclean_exit"",""run_id"":""88d3853d-b000-4e6e-af32-7aae4e9d46be"",""app_version"":""1.4.0"",""timestamp"":""2026-04-29T08:47:39.7959048Z"",""started_at"":""2026-04-29T10:43:41.7910006\u002B02:00"",""last_activity_at"":null,""last_activity_source"":null}",2026-04-29T08:47:39.83093+00:00,88d3853d-b000-4e6e-af32-7aae4e9d46be,,
6a899288-381d-4b6d-824a-369e6b6a654b,fdeb7b71-5543-4755-926d-89ed20f4e78a,app_launch,2026-04-29 08:47:39.824547,"{""type"":""app_launch"",""install_id"":""fdeb7b71-5543-4755-926d-89ed20f4e78a"",""run_id"":""105f13b5-7d34-4fe4-9046-8f635c58dbb2"",""app_version"":""1.4.0"",""timestamp"":""2026-04-29T08:47:39.8245472Z"",""app_launched_count"":96}",2026-04-29T08:47:39.995025+00:00,105f13b5-7d34-4fe4-9046-8f635c58dbb2,,
e5de2be6-9076-4b42-864c-29ca24d456b7,fdeb7b71-5543-4755-926d-89ed20f4e78a,app_launch,2026-04-29 09:26:39.021854,"{""type"":""app_launch"",""install_id"":""fdeb7b71-5543-4755-926d-89ed20f4e78a"",""run_id"":""9c436029-d556-4ce3-84f8-eeb9aa7d614d"",""app_version"":""1.4.0"",""timestamp"":""2026-04-29T09:26:39.0218545Z"",""app_launched_count"":97}",2026-04-29T09:26:39.044132+00:00,9c436029-d556-4ce3-84f8-eeb9aa7d614d,,
7c3ef66e-d0af-4819-b238-bc786a0877c9,fdeb7b71-5543-4755-926d-89ed20f4e78a,unclean_exit,2026-04-29 09:26:38.945618,"{""type"":""unclean_exit"",""run_id"":""105f13b5-7d34-4fe4-9046-8f635c58dbb2"",""app_version"":""1.4.0"",""timestamp"":""2026-04-29T09:26:38.9439716Z"",""started_at"":""2026-04-29T10:47:39.8245472\u002B02:00"",""last_activity_at"":null,""last_activity_source"":null}",2026-04-29T09:26:39.205196+00:00,105f13b5-7d34-4fe4-9046-8f635c58dbb2,,
9b1445e6-caa1-4aa1-a22c-97237515768b,fdeb7b71-5543-4755-926d-89ed20f4e78a,app_launch,2026-04-29 09:30:33.511000,"{""type"":""app_launch"",""install_id"":""fdeb7b71-5543-4755-926d-89ed20f4e78a"",""run_id"":""710c0cc2-dd52-4b3b-8fa4-2bd0ec3fd400"",""app_version"":""1.4.0"",""timestamp"":""2026-04-29T09:30:33.5109995Z"",""app_launched_count"":98}",2026-04-29T09:30:33.544924+00:00,710c0cc2-dd52-4b3b-8fa4-2bd0ec3fd400,,
e2943e02-9d59-459f-bdc2-212d55fa93b1,fdeb7b71-5543-4755-926d-89ed20f4e78a,unclean_exit,2026-04-29 09:31:25.867160,"{""type"":""unclean_exit"",""run_id"":""710c0cc2-dd52-4b3b-8fa4-2bd0ec3fd400"",""app_version"":""1.4.0"",""timestamp"":""2026-04-29T09:31:25.8668340Z"",""started_at"":""2026-04-29T11:30:33.5109995\u002B02:00"",""last_activity_at"":null,""last_activity_source"":null}",2026-04-29T09:31:25.898554+00:00,710c0cc2-dd52-4b3b-8fa4-2bd0ec3fd400,,
078b5c48-6d8f-4e44-abb9-edc8938bdfbf,fdeb7b71-5543-4755-926d-89ed20f4e78a,app_launch,2026-04-29 09:31:26.017168,"{""type"":""app_launch"",""install_id"":""fdeb7b71-5543-4755-926d-89ed20f4e78a"",""run_id"":""15551d10-8636-476a-8181-d2da5366f3e7"",""app_version"":""1.4.0"",""timestamp"":""2026-04-29T09:31:26.0171677Z"",""app_launched_count"":99}",2026-04-29T09:31:26.020889+00:00,15551d10-8636-476a-8181-d2da5366f3e7,,
dabd14db-6ec4-4eed-8b33-6231031113ec,fdeb7b71-5543-4755-926d-89ed20f4e78a,unclean_exit,2026-04-29 09:32:30.092290,"{""type"":""unclean_exit"",""run_id"":""15551d10-8636-476a-8181-d2da5366f3e7"",""app_version"":""1.4.0"",""timestamp"":""2026-04-29T09:32:30.0918649Z"",""started_at"":""2026-04-29T11:31:26.0171677\u002B02:00"",""last_activity_at"":null,""last_activity_source"":null}",2026-04-29T09:32:30.12733+00:00,15551d10-8636-476a-8181-d2da5366f3e7,,
421968d9-b7b0-445b-8d2d-c11a6e8eaf7a,fdeb7b71-5543-4755-926d-89ed20f4e78a,app_launch,2026-04-29 09:32:30.120591,"{""type"":""app_launch"",""install_id"":""fdeb7b71-5543-4755-926d-89ed20f4e78a"",""run_id"":""2c37a028-a610-4614-b014-3c0264d7fe5c"",""app_version"":""1.4.0"",""timestamp"":""2026-04-29T09:32:30.1205908Z"",""app_launched_count"":100}",2026-04-29T09:32:30.28331+00:00,2c37a028-a610-4614-b014-3c0264d7fe5c,,
2d20f310-420a-4024-a1e4-7f48da683898,fdeb7b71-5543-4755-926d-89ed20f4e78a,unclean_exit,2026-04-29 09:37:56.559010,"{""type"":""unclean_exit"",""run_id"":""2c37a028-a610-4614-b014-3c0264d7fe5c"",""app_version"":""1.4.0"",""timestamp"":""2026-04-29T09:37:56.5585877Z"",""started_at"":""2026-04-29T09:32:30.1205908Z"",""last_activity_at"":null,""last_activity_source"":null}",2026-04-29T09:37:56.60157+00:00,2c37a028-a610-4614-b014-3c0264d7fe5c,,
007b7f39-13fd-45c6-a00f-d13bba3eee7f,fdeb7b71-5543-4755-926d-89ed20f4e78a,DashboardRefreshFailed,2026-05-02 13:43:03.352823,"{""Error"":""The added or subtracted value results in an un-representable DateTime. (Parameter \u0027value\u0027)""}",2026-05-02T13:43:03.362212+00:00,,,
7a4d2a98-e27b-4445-832c-e70918eddd1f,fdeb7b71-5543-4755-926d-89ed20f4e78a,app_launch,2026-04-29 09:37:56.593715,"{""type"":""app_launch"",""install_id"":""fdeb7b71-5543-4755-926d-89ed20f4e78a"",""run_id"":""43fa9960-bfb6-4f93-b6c1-28def017e054"",""app_version"":""1.4.0"",""timestamp"":""2026-04-29T09:37:56.5937147Z"",""app_launched_count"":101}",2026-04-29T09:37:56.762511+00:00,43fa9960-bfb6-4f93-b6c1-28def017e054,,
84584eea-3903-46a9-bc39-b51eb5d36380,fdeb7b71-5543-4755-926d-89ed20f4e78a,unclean_exit,2026-04-29 09:39:58.345534,"{""type"":""unclean_exit"",""run_id"":""43fa9960-bfb6-4f93-b6c1-28def017e054"",""app_version"":""1.4.0"",""timestamp"":""2026-04-29T09:39:58.3449555Z"",""started_at"":""2026-04-29T09:37:56.5937147Z"",""last_activity_at"":null,""last_activity_source"":null}",2026-04-29T09:39:58.39349+00:00,43fa9960-bfb6-4f93-b6c1-28def017e054,,
fd88460c-8664-4e91-bb23-70cbffe4e27a,fdeb7b71-5543-4755-926d-89ed20f4e78a,app_launch,2026-04-29 09:39:58.386075,"{""type"":""app_launch"",""install_id"":""fdeb7b71-5543-4755-926d-89ed20f4e78a"",""run_id"":""3d45d787-5103-469b-be32-69a369d19585"",""app_version"":""1.4.0"",""timestamp"":""2026-04-29T09:39:58.3860748Z"",""app_launched_count"":102}",2026-04-29T09:39:58.561699+00:00,3d45d787-5103-469b-be32-69a369d19585,,
9779bc2e-56fb-41c9-a9f7-3dbcd4cbe928,fdeb7b71-5543-4755-926d-89ed20f4e78a,app_close,2026-04-29 09:40:19.013020,"{""type"":""app_close"",""run_id"":""3d45d787-5103-469b-be32-69a369d19585"",""reason"":""window_closed"",""app_version"":""1.4.0"",""timestamp"":""2026-04-29T09:40:19.0073225Z""}",2026-04-29T09:40:19.019055+00:00,3d45d787-5103-469b-be32-69a369d19585,,
5acdf4ef-b494-4ac3-b855-396cbf037c23,fdeb7b71-5543-4755-926d-89ed20f4e78a,app_launch,2026-04-29 09:40:28.430742,"{""type"":""app_launch"",""install_id"":""fdeb7b71-5543-4755-926d-89ed20f4e78a"",""run_id"":""b8588662-0ce1-4fe3-bc3f-8ff8cd4942dd"",""app_version"":""1.4.0"",""timestamp"":""2026-04-29T09:40:28.4307423Z"",""app_launched_count"":103}",2026-04-29T09:40:28.503131+00:00,b8588662-0ce1-4fe3-bc3f-8ff8cd4942dd,,
ece496f6-93a2-416a-9fa0-ec45a7266197,fdeb7b71-5543-4755-926d-89ed20f4e78a,app_close,2026-04-29 09:40:38.039135,"{""type"":""app_close"",""run_id"":""b8588662-0ce1-4fe3-bc3f-8ff8cd4942dd"",""reason"":""window_closed"",""app_version"":""1.4.0"",""timestamp"":""2026-04-29T09:40:38.0349638Z""}",2026-04-29T09:40:38.045989+00:00,b8588662-0ce1-4fe3-bc3f-8ff8cd4942dd,,
601c0fde-4447-4017-9cbd-828cfb4d36ee,fdeb7b71-5543-4755-926d-89ed20f4e78a,app_launch,2026-04-29 09:40:48.824264,"{""type"":""app_launch"",""install_id"":""fdeb7b71-5543-4755-926d-89ed20f4e78a"",""run_id"":""d44281fe-fc1e-4fe5-a7b5-b475b48f8235"",""app_version"":""1.4.0"",""timestamp"":""2026-04-29T09:40:48.8242639Z"",""app_launched_count"":104}",2026-04-29T09:40:48.849136+00:00,d44281fe-fc1e-4fe5-a7b5-b475b48f8235,,
72f887d1-40a1-44a6-889e-817f998ca1bb,fdeb7b71-5543-4755-926d-89ed20f4e78a,unclean_exit,2026-04-29 09:41:01.185009,"{""type"":""unclean_exit"",""run_id"":""d44281fe-fc1e-4fe5-a7b5-b475b48f8235"",""app_version"":""1.4.0"",""timestamp"":""2026-04-29T09:41:01.1845619Z"",""started_at"":""2026-04-29T09:40:48.8242639Z"",""last_activity_at"":null,""last_activity_source"":null}",2026-04-29T09:41:01.22749+00:00,d44281fe-fc1e-4fe5-a7b5-b475b48f8235,,
07334310-2dc6-4210-988d-036e3255cfc4,fdeb7b71-5543-4755-926d-89ed20f4e78a,app_launch,2026-04-29 09:41:01.219068,"{""type"":""app_launch"",""install_id"":""fdeb7b71-5543-4755-926d-89ed20f4e78a"",""run_id"":""2c70bc03-656c-4300-b1a3-be9cc41db7a9"",""app_version"":""1.4.0"",""timestamp"":""2026-04-29T09:41:01.2190677Z"",""app_launched_count"":105}",2026-04-29T09:41:01.384067+00:00,2c70bc03-656c-4300-b1a3-be9cc41db7a9,,
0b4250a0-e992-4508-bfc4-af548a4323c9,fdeb7b71-5543-4755-926d-89ed20f4e78a,crash_feedback,2026-04-29 09:41:09.760176,"{""category"":""startup"",""details"":""""}",2026-04-29T09:41:09.774133+00:00,,,
d624962d-3b56-42fa-8b0b-f09a542ff3b4,fdeb7b71-5543-4755-926d-89ed20f4e78a,unclean_exit,2026-04-29 09:42:59.812601,"{""type"":""unclean_exit"",""run_id"":""2c70bc03-656c-4300-b1a3-be9cc41db7a9"",""app_version"":""1.4.0"",""timestamp"":""2026-04-29T09:42:59.8121526Z"",""started_at"":""2026-04-29T09:41:01.2190677Z"",""last_activity_at"":null,""last_activity_source"":null}",2026-04-29T09:42:59.855095+00:00,2c70bc03-656c-4300-b1a3-be9cc41db7a9,,
28b1b645-0cb3-491c-aa54-3518fa01d300,fdeb7b71-5543-4755-926d-89ed20f4e78a,app_launch,2026-04-29 09:42:59.844335,"{""type"":""app_launch"",""install_id"":""fdeb7b71-5543-4755-926d-89ed20f4e78a"",""run_id"":""b0b2752e-91a9-450d-8384-62ebfd5277cd"",""app_version"":""1.4.0"",""timestamp"":""2026-04-29T09:42:59.8443349Z"",""app_launched_count"":106}",2026-04-29T09:43:00.019018+00:00,b0b2752e-91a9-450d-8384-62ebfd5277cd,,
079b4bcc-4131-4ba2-9078-ff4c0d1621a7,fdeb7b71-5543-4755-926d-89ed20f4e78a,unclean_exit,2026-04-29 09:44:37.322003,"{""type"":""unclean_exit"",""run_id"":""b0b2752e-91a9-450d-8384-62ebfd5277cd"",""app_version"":""1.4.0"",""timestamp"":""2026-04-29T09:44:37.3216336Z"",""started_at"":""2026-04-29T09:42:59.8443349Z"",""last_activity_at"":null,""last_activity_source"":null}",2026-04-29T09:44:37.361031+00:00,b0b2752e-91a9-450d-8384-62ebfd5277cd,,
927bbbed-d17f-4798-acb9-b75eb610a223,fdeb7b71-5543-4755-926d-89ed20f4e78a,app_launch,2026-04-29 09:44:37.356141,"{""type"":""app_launch"",""install_id"":""fdeb7b71-5543-4755-926d-89ed20f4e78a"",""run_id"":""717ff585-ab89-4f82-9ded-1f7e859dfbff"",""app_version"":""1.4.0"",""timestamp"":""2026-04-29T09:44:37.3561407Z"",""app_launched_count"":107}",2026-04-29T09:44:37.515866+00:00,717ff585-ab89-4f82-9ded-1f7e859dfbff,,
188d7312-1e0e-44bf-b034-01d9e834a4b1,fdeb7b71-5543-4755-926d-89ed20f4e78a,app_close,2026-04-29 09:44:46.493426,"{""type"":""app_close"",""run_id"":""717ff585-ab89-4f82-9ded-1f7e859dfbff"",""reason"":""window_closed"",""app_version"":""1.4.0"",""timestamp"":""2026-04-29T09:44:46.4878532Z""}",2026-04-29T09:44:46.497685+00:00,717ff585-ab89-4f82-9ded-1f7e859dfbff,,
6938c029-ae9c-4d71-b307-ae793ea7b566,fdeb7b71-5543-4755-926d-89ed20f4e78a,app_launch,2026-04-29 10:03:17.342551,"{""type"":""app_launch"",""install_id"":""fdeb7b71-5543-4755-926d-89ed20f4e78a"",""run_id"":""6672b716-a4ee-4ffd-b192-4f7c0afe1dfa"",""app_version"":""1.4.0"",""timestamp"":""2026-04-29T10:03:17.3425508Z"",""app_launched_count"":108}",2026-04-29T10:03:17.376408+00:00,6672b716-a4ee-4ffd-b192-4f7c0afe1dfa,,
868bce0e-5242-48bd-b953-5f0d82244fcf,fdeb7b71-5543-4755-926d-89ed20f4e78a,unclean_exit,2026-04-29 10:55:50.212083,"{""type"":""unclean_exit"",""run_id"":""6672b716-a4ee-4ffd-b192-4f7c0afe1dfa"",""app_version"":""1.4.0"",""timestamp"":""2026-04-29T10:55:50.2051469Z"",""started_at"":""2026-04-29T10:03:17.3425508Z"",""last_activity_at"":null,""last_activity_source"":null}",2026-04-29T10:55:50.273487+00:00,6672b716-a4ee-4ffd-b192-4f7c0afe1dfa,,
905e1c0d-8427-4564-b9c0-7b9fe1ea4a82,fdeb7b71-5543-4755-926d-89ed20f4e78a,app_launch,2026-04-29 10:55:50.264037,"{""type"":""app_launch"",""install_id"":""fdeb7b71-5543-4755-926d-89ed20f4e78a"",""run_id"":""4df24865-51f5-451b-a3b7-121a6244ab27"",""app_version"":""1.4.0"",""timestamp"":""2026-04-29T10:55:50.2640366Z"",""app_launched_count"":109}",2026-04-29T10:55:50.430662+00:00,4df24865-51f5-451b-a3b7-121a6244ab27,,
196cfa71-f3a4-4fa2-a596-60915e425c5b,a94ac8eb-0e17-4d9a-a195-0b5c5082c7db,unclean_exit,2026-04-29 11:04:35.068740,"{""type"":""unclean_exit"",""run_id"":""99565542-2489-4581-a940-95fb45f01d9d"",""app_version"":""1.4.0"",""timestamp"":""2026-04-29T11:04:35.0686675Z"",""started_at"":""2026-04-29T10:03:17.9824148\u002B08:00"",""last_activity_at"":null,""last_activity_source"":null}",2026-04-29T11:04:35.111478+00:00,99565542-2489-4581-a940-95fb45f01d9d,,
c77119d2-cff6-4793-b515-99a6b9246da3,a94ac8eb-0e17-4d9a-a195-0b5c5082c7db,app_launch,2026-04-29 11:04:35.076976,"{""type"":""app_launch"",""install_id"":""a94ac8eb-0e17-4d9a-a195-0b5c5082c7db"",""run_id"":""31f481aa-3e6a-4974-a80f-e0ea32a476af"",""app_version"":""1.4.0"",""timestamp"":""2026-04-29T11:04:35.0769758Z"",""app_launched_count"":8}",2026-04-29T11:04:35.238949+00:00,31f481aa-3e6a-4974-a80f-e0ea32a476af,,
8cd7b36f-b2f9-4234-adcf-e82c53d82345,a94ac8eb-0e17-4d9a-a195-0b5c5082c7db,unclean_exit,2026-04-29 11:05:00.222685,"{""type"":""unclean_exit"",""run_id"":""31f481aa-3e6a-4974-a80f-e0ea32a476af"",""app_version"":""1.4.0"",""timestamp"":""2026-04-29T11:05:00.2225788Z"",""started_at"":""2026-04-29T19:04:35.0769758\u002B08:00"",""last_activity_at"":null,""last_activity_source"":null}",2026-04-29T11:05:00.233282+00:00,31f481aa-3e6a-4974-a80f-e0ea32a476af,,
4efae793-80d7-4c75-b0b6-3dd31282d8d8,a94ac8eb-0e17-4d9a-a195-0b5c5082c7db,app_launch,2026-04-29 11:05:00.231540,"{""type"":""app_launch"",""install_id"":""a94ac8eb-0e17-4d9a-a195-0b5c5082c7db"",""run_id"":""0597904e-06d7-4b51-9e70-3c850037d230"",""app_version"":""1.4.0"",""timestamp"":""2026-04-29T11:05:00.2315397Z"",""app_launched_count"":9}",2026-04-29T11:05:00.389467+00:00,0597904e-06d7-4b51-9e70-3c850037d230,,
84ac8948-0c29-4655-97bc-bafc4da30977,a94ac8eb-0e17-4d9a-a195-0b5c5082c7db,unclean_exit,2026-04-29 11:05:17.712842,"{""type"":""unclean_exit"",""run_id"":""0597904e-06d7-4b51-9e70-3c850037d230"",""app_version"":""1.4.0"",""timestamp"":""2026-04-29T11:05:17.7126500Z"",""started_at"":""2026-04-29T19:05:00.2315397\u002B08:00"",""last_activity_at"":null,""last_activity_source"":null}",2026-04-29T11:05:17.721319+00:00,0597904e-06d7-4b51-9e70-3c850037d230,,
eaa2a27d-ad7c-49cf-859a-2d33dcc0e80f,a94ac8eb-0e17-4d9a-a195-0b5c5082c7db,app_launch,2026-04-29 11:05:17.720772,"{""type"":""app_launch"",""install_id"":""a94ac8eb-0e17-4d9a-a195-0b5c5082c7db"",""run_id"":""7661f11b-c84c-41e3-963d-169d5508e087"",""app_version"":""1.4.0"",""timestamp"":""2026-04-29T11:05:17.7207718Z"",""app_launched_count"":10}",2026-04-29T11:05:17.874833+00:00,7661f11b-c84c-41e3-963d-169d5508e087,,
a18c3c0a-709b-459e-b559-1eda04c4271a,a94ac8eb-0e17-4d9a-a195-0b5c5082c7db,unclean_exit,2026-04-29 11:06:30.646115,"{""type"":""unclean_exit"",""run_id"":""7661f11b-c84c-41e3-963d-169d5508e087"",""app_version"":""1.4.0"",""timestamp"":""2026-04-29T11:06:30.6459804Z"",""started_at"":""2026-04-29T19:05:17.7207718\u002B08:00"",""last_activity_at"":null,""last_activity_source"":null}",2026-04-29T11:06:30.656735+00:00,7661f11b-c84c-41e3-963d-169d5508e087,,
f75b53b4-5d40-4177-82be-ab22cccbd34c,a94ac8eb-0e17-4d9a-a195-0b5c5082c7db,app_launch,2026-04-29 11:06:30.655042,"{""type"":""app_launch"",""install_id"":""a94ac8eb-0e17-4d9a-a195-0b5c5082c7db"",""run_id"":""670c7de8-070c-4b86-ad89-f273fbc1aa5e"",""app_version"":""1.4.0"",""timestamp"":""2026-04-29T11:06:30.6550421Z"",""app_launched_count"":11}",2026-04-29T11:06:30.810408+00:00,670c7de8-070c-4b86-ad89-f273fbc1aa5e,,
7d4a1a10-de91-46a0-812b-d27411c6b02c,a94ac8eb-0e17-4d9a-a195-0b5c5082c7db,app_close,2026-04-29 11:10:13.723704,"{""type"":""app_close"",""run_id"":""670c7de8-070c-4b86-ad89-f273fbc1aa5e"",""reason"":""window_closed"",""app_version"":""1.4.0"",""timestamp"":""2026-04-29T11:10:13.7208038Z""}",2026-04-29T11:10:13.726199+00:00,670c7de8-070c-4b86-ad89-f273fbc1aa5e,,
96a84550-b1be-4293-804e-38b24267c99a,a94ac8eb-0e17-4d9a-a195-0b5c5082c7db,app_launch,2026-04-29 11:10:16.019731,"{""type"":""app_launch"",""install_id"":""a94ac8eb-0e17-4d9a-a195-0b5c5082c7db"",""run_id"":""4574e76b-945e-428e-9eb9-0e49631d6b72"",""app_version"":""1.4.0"",""timestamp"":""2026-04-29T11:10:16.0197311Z"",""app_launched_count"":12}",2026-04-29T11:10:16.027338+00:00,4574e76b-945e-428e-9eb9-0e49631d6b72,,
f4f494c7-d36c-4088-b8a1-5cd6c30c0226,fdeb7b71-5543-4755-926d-89ed20f4e78a,unclean_exit,2026-04-29 11:11:16.203712,"{""type"":""unclean_exit"",""run_id"":""4df24865-51f5-451b-a3b7-121a6244ab27"",""app_version"":""1.4.0"",""timestamp"":""2026-04-29T11:11:16.2033524Z"",""started_at"":""2026-04-29T10:55:50.2640366Z"",""last_activity_at"":null,""last_activity_source"":null}",2026-04-29T11:11:16.250097+00:00,4df24865-51f5-451b-a3b7-121a6244ab27,,
901ac50c-343e-4151-be64-476e84aa9dfa,fdeb7b71-5543-4755-926d-89ed20f4e78a,app_launch,2026-04-29 11:11:16.352441,"{""type"":""app_launch"",""install_id"":""fdeb7b71-5543-4755-926d-89ed20f4e78a"",""run_id"":""6f9b7d6f-dd51-4e2a-8350-7a5e55e69fea"",""app_version"":""1.4.0"",""timestamp"":""2026-04-29T11:11:16.3524409Z"",""app_launched_count"":110}",2026-04-29T11:11:16.358643+00:00,6f9b7d6f-dd51-4e2a-8350-7a5e55e69fea,,
b14f01fd-91f5-48b3-bac6-44849ef27616,a94ac8eb-0e17-4d9a-a195-0b5c5082c7db,unclean_exit,2026-04-29 11:12:33.034028,"{""type"":""unclean_exit"",""run_id"":""4574e76b-945e-428e-9eb9-0e49631d6b72"",""app_version"":""1.4.0"",""timestamp"":""2026-04-29T11:12:33.0339129Z"",""started_at"":""2026-04-29T19:10:16.0197311\u002B08:00"",""last_activity_at"":null,""last_activity_source"":null}",2026-04-29T11:12:33.043617+00:00,4574e76b-945e-428e-9eb9-0e49631d6b72,,
7ce4d6fb-b42d-4443-8ff0-7e858452de5e,a94ac8eb-0e17-4d9a-a195-0b5c5082c7db,app_launch,2026-04-29 11:12:33.041961,"{""type"":""app_launch"",""install_id"":""a94ac8eb-0e17-4d9a-a195-0b5c5082c7db"",""run_id"":""464e5020-640d-4bed-944e-e60e236d2b6f"",""app_version"":""1.4.0"",""timestamp"":""2026-04-29T11:12:33.0419607Z"",""app_launched_count"":13}",2026-04-29T11:12:33.196459+00:00,464e5020-640d-4bed-944e-e60e236d2b6f,,
a6dc7324-a8d3-4d51-80c2-fde725ecb6b3,a94ac8eb-0e17-4d9a-a195-0b5c5082c7db,unclean_exit,2026-04-29 11:14:38.077566,"{""type"":""unclean_exit"",""run_id"":""464e5020-640d-4bed-944e-e60e236d2b6f"",""app_version"":""1.4.0"",""timestamp"":""2026-04-29T11:14:38.0774836Z"",""started_at"":""2026-04-29T19:12:33.0419607\u002B08:00"",""last_activity_at"":null,""last_activity_source"":null}",2026-04-29T11:14:38.086643+00:00,464e5020-640d-4bed-944e-e60e236d2b6f,,
6bf7e117-22f9-4309-9193-c978bdc3c793,a94ac8eb-0e17-4d9a-a195-0b5c5082c7db,app_launch,2026-04-29 11:14:38.086276,"{""type"":""app_launch"",""install_id"":""a94ac8eb-0e17-4d9a-a195-0b5c5082c7db"",""run_id"":""f4c20164-de84-40dc-8d01-59d13a3dc6cd"",""app_version"":""1.4.0"",""timestamp"":""2026-04-29T11:14:38.0862757Z"",""app_launched_count"":14}",2026-04-29T11:14:38.250977+00:00,f4c20164-de84-40dc-8d01-59d13a3dc6cd,,
bf3e6784-2e00-4f63-be59-d4c5d7820572,a94ac8eb-0e17-4d9a-a195-0b5c5082c7db,unclean_exit,2026-04-29 11:16:17.952081,"{""type"":""unclean_exit"",""run_id"":""f4c20164-de84-40dc-8d01-59d13a3dc6cd"",""app_version"":""1.4.0"",""timestamp"":""2026-04-29T11:16:17.9519951Z"",""started_at"":""2026-04-29T19:14:38.0862757\u002B08:00"",""last_activity_at"":null,""last_activity_source"":null}",2026-04-29T11:16:17.960673+00:00,f4c20164-de84-40dc-8d01-59d13a3dc6cd,,
2df2bb23-c77b-4642-a489-15f2c13a7368,a94ac8eb-0e17-4d9a-a195-0b5c5082c7db,app_launch,2026-04-29 11:16:17.961200,"{""type"":""app_launch"",""install_id"":""a94ac8eb-0e17-4d9a-a195-0b5c5082c7db"",""run_id"":""9b2a0d72-be00-416d-877e-e45eb5a0439a"",""app_version"":""1.4.0"",""timestamp"":""2026-04-29T11:16:17.9612002Z"",""app_launched_count"":15}",2026-04-29T11:16:18.118442+00:00,9b2a0d72-be00-416d-877e-e45eb5a0439a,,
faa8e956-1281-48d3-8c3f-1a5af37b4ec7,a94ac8eb-0e17-4d9a-a195-0b5c5082c7db,unclean_exit,2026-04-29 11:17:58.548450,"{""type"":""unclean_exit"",""run_id"":""9b2a0d72-be00-416d-877e-e45eb5a0439a"",""app_version"":""1.4.0"",""timestamp"":""2026-04-29T11:17:58.5483375Z"",""started_at"":""2026-04-29T19:16:17.9612002\u002B08:00"",""last_activity_at"":null,""last_activity_source"":null}",2026-04-29T11:17:58.558899+00:00,9b2a0d72-be00-416d-877e-e45eb5a0439a,,
a70869aa-f6dd-4765-8568-898ac32e1edd,a94ac8eb-0e17-4d9a-a195-0b5c5082c7db,app_launch,2026-04-29 11:17:58.556965,"{""type"":""app_launch"",""install_id"":""a94ac8eb-0e17-4d9a-a195-0b5c5082c7db"",""run_id"":""d4c572c1-a3f1-467f-af1d-ad8442e3103e"",""app_version"":""1.4.0"",""timestamp"":""2026-04-29T11:17:58.5569654Z"",""app_launched_count"":16}",2026-04-29T11:17:58.720309+00:00,d4c572c1-a3f1-467f-af1d-ad8442e3103e,,
6681cc0f-b31f-4689-bab4-4ec3c1179ac1,a94ac8eb-0e17-4d9a-a195-0b5c5082c7db,unclean_exit,2026-04-29 11:19:08.290133,"{""type"":""unclean_exit"",""run_id"":""d4c572c1-a3f1-467f-af1d-ad8442e3103e"",""app_version"":""1.4.0"",""timestamp"":""2026-04-29T11:19:08.2900185Z"",""started_at"":""2026-04-29T19:17:58.5569654\u002B08:00"",""last_activity_at"":null,""last_activity_source"":null}",2026-04-29T11:19:08.299672+00:00,d4c572c1-a3f1-467f-af1d-ad8442e3103e,,
643d8ecd-2baf-443a-9f7c-80eacac360d2,a94ac8eb-0e17-4d9a-a195-0b5c5082c7db,app_launch,2026-04-29 11:19:08.297194,"{""type"":""app_launch"",""install_id"":""a94ac8eb-0e17-4d9a-a195-0b5c5082c7db"",""run_id"":""79aafb51-5e5e-44df-8e47-e6676b4b0bab"",""app_version"":""1.4.0"",""timestamp"":""2026-04-29T11:19:08.2971938Z"",""app_launched_count"":17}",2026-04-29T11:19:08.450135+00:00,79aafb51-5e5e-44df-8e47-e6676b4b0bab,,
ca0e4540-99e5-47e8-babf-037a91a84f62,a94ac8eb-0e17-4d9a-a195-0b5c5082c7db,app_close,2026-04-29 11:19:10.901196,"{""type"":""app_close"",""run_id"":""79aafb51-5e5e-44df-8e47-e6676b4b0bab"",""reason"":""window_closed"",""app_version"":""1.4.0"",""timestamp"":""2026-04-29T11:19:10.8993363Z""}",2026-04-29T11:19:10.904567+00:00,79aafb51-5e5e-44df-8e47-e6676b4b0bab,,
115702e1-06a3-4e8c-a1da-c6248e5239dd,a94ac8eb-0e17-4d9a-a195-0b5c5082c7db,app_launch,2026-04-29 11:42:49.783437,"{""type"":""app_launch"",""install_id"":""a94ac8eb-0e17-4d9a-a195-0b5c5082c7db"",""run_id"":""849ca265-99de-4f96-afb5-abf8a6423781"",""app_version"":""1.4.0"",""timestamp"":""2026-04-29T11:42:49.7834373Z"",""app_launched_count"":18}",2026-04-29T11:42:49.797555+00:00,849ca265-99de-4f96-afb5-abf8a6423781,,
4cc2a643-34c3-45c9-8b8e-970094eb6159,03647ad5-77fb-46f2-ad2f-6902982bdf66,app_launch,2026-04-29 14:42:05.976746,"{""type"":""app_launch"",""install_id"":""03647ad5-77fb-46f2-ad2f-6902982bdf66"",""app_version"":""1.3.2"",""timestamp"":""2026-04-29T14:42:05.8628265Z"",""windows_version"":""Microsoft Windows 10.0.26100"",""os_architecture"":""X64"",""dotnet_runtime_version"":"".NET 8.0.26"",""ram_bucket"":""4-8GB"",""cpu_core_bucket"":""3-4 Cores"",""screen_resolution_bucket"":""1024x768"",""build_number"":""1200"",""release_channel"":""production"",""first_run_at"":""2026-04-15T16:02:06.5313419Z"",""last_seen_at"":""2026-04-29T14:42:05.8658003Z"",""days_since_install"":""14"",""days_since_last_seen"":""0"",""country_setting"":""GB"",""currency_setting"":""GBP"",""startup_time_bucket_ms"":""1000-2000"",""feature_flags"":[""new_checkout"",""tax_inclusive""],""last_update_prompt_at"":null,""last_update_installed_at"":null,""crash_count"":0,""internet_status"":true,""app_launched_count"":7}",2026-04-29T14:42:05.992925+00:00,,,
8b8db48d-ee3b-4014-abf4-b8d93f38a34e,03647ad5-77fb-46f2-ad2f-6902982bdf66,app_close,2026-04-29 15:37:38.057375,"{""type"":""app_close"",""reason"":""window_closed"",""app_version"":""1.3.2"",""timestamp"":""2026-04-29T15:37:38.0523381Z""}",2026-04-29T15:37:38.076019+00:00,,,
831877a1-8a28-4dc6-a49a-104ec8f3215b,03647ad5-77fb-46f2-ad2f-6902982bdf66,app_launch,2026-04-29 15:37:44.358611,"{""type"":""app_launch"",""install_id"":""03647ad5-77fb-46f2-ad2f-6902982bdf66"",""app_version"":""1.3.2"",""timestamp"":""2026-04-29T15:37:44.2442720Z"",""windows_version"":""Microsoft Windows 10.0.26100"",""os_architecture"":""X64"",""dotnet_runtime_version"":"".NET 8.0.26"",""ram_bucket"":""4-8GB"",""cpu_core_bucket"":""3-4 Cores"",""screen_resolution_bucket"":""1024x768"",""build_number"":""1200"",""release_channel"":""production"",""first_run_at"":""2026-04-15T16:02:06.5313419Z"",""last_seen_at"":""2026-04-29T15:37:44.2471433Z"",""days_since_install"":""14"",""days_since_last_seen"":""0"",""country_setting"":""GB"",""currency_setting"":""GBP"",""startup_time_bucket_ms"":""1000-2000"",""feature_flags"":[""new_checkout"",""tax_inclusive""],""last_update_prompt_at"":null,""last_update_installed_at"":null,""crash_count"":0,""internet_status"":true,""app_launched_count"":8}",2026-04-29T15:37:44.37799+00:00,,,
8ac55b9d-ab8f-41aa-a6fb-08a136e2be8c,03647ad5-77fb-46f2-ad2f-6902982bdf66,app_close,2026-04-29 15:57:07.893421,"{""type"":""app_close"",""reason"":""window_closed"",""app_version"":""1.3.2"",""timestamp"":""2026-04-29T15:57:07.8887965Z""}",2026-04-29T15:57:07.912782+00:00,,,
0b2ff511-eaad-4e30-b7e1-326d9b649f87,fdeb7b71-5543-4755-926d-89ed20f4e78a,unclean_exit,2026-04-29 17:17:56.835760,"{""type"":""unclean_exit"",""run_id"":""6f9b7d6f-dd51-4e2a-8350-7a5e55e69fea"",""app_version"":""1.4.0"",""timestamp"":""2026-04-29T17:17:56.8350890Z"",""started_at"":""2026-04-29T11:11:16.3524409Z"",""last_activity_at"":null,""last_activity_source"":null}",2026-04-29T17:17:56.891623+00:00,6f9b7d6f-dd51-4e2a-8350-7a5e55e69fea,,
836dc851-f0f8-4cf4-af46-670935c133e4,fdeb7b71-5543-4755-926d-89ed20f4e78a,app_launch,2026-04-29 17:17:56.882973,"{""type"":""app_launch"",""install_id"":""fdeb7b71-5543-4755-926d-89ed20f4e78a"",""run_id"":""57d4f4ee-7c6d-463f-ada3-d10e83507def"",""app_version"":""1.4.0"",""timestamp"":""2026-04-29T17:17:56.8829731Z"",""app_launched_count"":111}",2026-04-29T17:17:57.053834+00:00,57d4f4ee-7c6d-463f-ada3-d10e83507def,,
b3f6da5b-8508-45f1-bd17-26232db77b00,fdeb7b71-5543-4755-926d-89ed20f4e78a,unclean_exit,2026-04-29 17:43:37.043577,"{""type"":""unclean_exit"",""run_id"":""57d4f4ee-7c6d-463f-ada3-d10e83507def"",""app_version"":""1.4.0"",""timestamp"":""2026-04-29T17:43:37.0431532Z"",""started_at"":""2026-04-29T17:17:56.8829731Z"",""last_activity_at"":null,""last_activity_source"":null}",2026-04-29T17:43:37.087768+00:00,57d4f4ee-7c6d-463f-ada3-d10e83507def,,
0acda684-1539-49d6-bf6c-bf23f53d0002,fdeb7b71-5543-4755-926d-89ed20f4e78a,app_launch,2026-04-29 17:43:37.078494,"{""type"":""app_launch"",""install_id"":""fdeb7b71-5543-4755-926d-89ed20f4e78a"",""run_id"":""acebe0a8-668e-4088-bb64-d8be1b093a22"",""app_version"":""1.4.0"",""timestamp"":""2026-04-29T17:43:37.0784942Z"",""app_launched_count"":112}",2026-04-29T17:43:37.23751+00:00,acebe0a8-668e-4088-bb64-d8be1b093a22,,
543a829e-6131-48a8-b792-675a72e98591,fdeb7b71-5543-4755-926d-89ed20f4e78a,unclean_exit,2026-04-29 17:59:26.313473,"{""type"":""unclean_exit"",""run_id"":""acebe0a8-668e-4088-bb64-d8be1b093a22"",""app_version"":""1.4.0"",""timestamp"":""2026-04-29T17:59:26.3128228Z"",""started_at"":""2026-04-29T17:43:37.0784942Z"",""last_activity_at"":null,""last_activity_source"":null}",2026-04-29T17:59:26.35655+00:00,acebe0a8-668e-4088-bb64-d8be1b093a22,,
5655b9c3-c678-4df0-84cc-1fb76f2a0f5b,fdeb7b71-5543-4755-926d-89ed20f4e78a,app_launch,2026-04-29 17:59:26.348333,"{""type"":""app_launch"",""install_id"":""fdeb7b71-5543-4755-926d-89ed20f4e78a"",""run_id"":""e03d79f6-6ac6-4234-8288-e60160f7ce5e"",""app_version"":""1.4.0"",""timestamp"":""2026-04-29T17:59:26.3483328Z"",""app_launched_count"":113}",2026-04-29T17:59:26.509535+00:00,e03d79f6-6ac6-4234-8288-e60160f7ce5e,,
1e419b3d-7fdc-4e83-bcb8-e4c722e13d23,e9202f60-d69f-4427-afa8-753dd21ee93c,app_launch,2026-04-29 18:21:20.248325,"{""type"":""app_launch"",""install_id"":""e9202f60-d69f-4427-afa8-753dd21ee93c"",""run_id"":""6cc2e9d5-b36c-4e6e-8e97-7d1ee9ff539f"",""app_version"":""1.4.0"",""timestamp"":""2026-04-29T18:21:20.2483253Z"",""app_launched_count"":1}",2026-04-29T18:21:20.262764+00:00,6cc2e9d5-b36c-4e6e-8e97-7d1ee9ff539f,,
9a986e92-bfd4-4ce6-9dd1-82ab671c6d1a,e9202f60-d69f-4427-afa8-753dd21ee93c,unclean_exit,2026-04-29 18:28:05.632896,"{""type"":""unclean_exit"",""run_id"":""6cc2e9d5-b36c-4e6e-8e97-7d1ee9ff539f"",""app_version"":""1.4.0"",""timestamp"":""2026-04-29T18:28:05.6326599Z"",""started_at"":""2026-04-30T02:21:20.2483253\u002B08:00"",""last_activity_at"":null,""last_activity_source"":null}",2026-04-29T18:28:05.653068+00:00,6cc2e9d5-b36c-4e6e-8e97-7d1ee9ff539f,,
bf275093-7a3a-407c-ac4c-22d3147db5ae,e9202f60-d69f-4427-afa8-753dd21ee93c,app_launch,2026-04-29 18:28:05.646519,"{""type"":""app_launch"",""install_id"":""e9202f60-d69f-4427-afa8-753dd21ee93c"",""run_id"":""ed406eab-2bf8-4d9a-96ac-826a8bf3f7b6"",""app_version"":""1.4.0"",""timestamp"":""2026-04-29T18:28:05.6465187Z"",""app_launched_count"":2}",2026-04-29T18:28:05.811764+00:00,ed406eab-2bf8-4d9a-96ac-826a8bf3f7b6,,
7f048e52-c734-4a05-8561-a48143f1623a,e9202f60-d69f-4427-afa8-753dd21ee93c,unclean_exit,2026-04-29 18:29:35.899330,"{""type"":""unclean_exit"",""run_id"":""ed406eab-2bf8-4d9a-96ac-826a8bf3f7b6"",""app_version"":""1.4.0"",""timestamp"":""2026-04-29T18:29:35.8990294Z"",""started_at"":""2026-04-30T02:28:05.6465187\u002B08:00"",""last_activity_at"":null,""last_activity_source"":null}",2026-04-29T18:29:35.919731+00:00,ed406eab-2bf8-4d9a-96ac-826a8bf3f7b6,,
4906f629-fde6-473f-b6cc-e1926db0b761,e9202f60-d69f-4427-afa8-753dd21ee93c,app_launch,2026-04-29 18:29:35.913242,"{""type"":""app_launch"",""install_id"":""e9202f60-d69f-4427-afa8-753dd21ee93c"",""run_id"":""a6b33178-2687-4d22-b389-e150054d488c"",""app_version"":""1.4.0"",""timestamp"":""2026-04-29T18:29:35.9132415Z"",""app_launched_count"":3}",2026-04-29T18:29:36.078104+00:00,a6b33178-2687-4d22-b389-e150054d488c,,
3abbd223-b18e-437e-be41-ffb19ac12d1f,e9202f60-d69f-4427-afa8-753dd21ee93c,unclean_exit,2026-04-29 18:30:16.345735,"{""type"":""unclean_exit"",""run_id"":""a6b33178-2687-4d22-b389-e150054d488c"",""app_version"":""1.4.0"",""timestamp"":""2026-04-29T18:30:16.3455548Z"",""started_at"":""2026-04-30T02:29:35.9132415\u002B08:00"",""last_activity_at"":null,""last_activity_source"":null}",2026-04-29T18:30:16.361219+00:00,a6b33178-2687-4d22-b389-e150054d488c,,
59bfee30-5e75-43f1-9965-485db93f1f25,e9202f60-d69f-4427-afa8-753dd21ee93c,app_launch,2026-04-29 18:30:16.397175,"{""type"":""app_launch"",""install_id"":""e9202f60-d69f-4427-afa8-753dd21ee93c"",""run_id"":""abdbf385-1961-48eb-b644-852d5c222351"",""app_version"":""1.4.0"",""timestamp"":""2026-04-29T18:30:16.3971747Z"",""app_launched_count"":4}",2026-04-29T18:30:16.40179+00:00,abdbf385-1961-48eb-b644-852d5c222351,,
b8921932-3a42-4dc4-b321-12833e998833,e9202f60-d69f-4427-afa8-753dd21ee93c,unclean_exit,2026-04-29 18:49:18.091844,"{""type"":""unclean_exit"",""run_id"":""abdbf385-1961-48eb-b644-852d5c222351"",""app_version"":""1.4.0"",""timestamp"":""2026-04-29T18:49:18.0911840Z"",""started_at"":""2026-04-30T02:30:16.3971747\u002B08:00"",""last_activity_at"":null,""last_activity_source"":null}",2026-04-29T18:49:18.123609+00:00,abdbf385-1961-48eb-b644-852d5c222351,,
27f00c78-a05e-4a3f-8d97-861b028cabf1,e9202f60-d69f-4427-afa8-753dd21ee93c,app_launch,2026-04-29 18:49:18.173464,"{""type"":""app_launch"",""install_id"":""e9202f60-d69f-4427-afa8-753dd21ee93c"",""run_id"":""d72825d5-759b-4a7b-bb3f-5b845db72496"",""app_version"":""1.4.0"",""timestamp"":""2026-04-29T18:49:18.1734642Z"",""app_launched_count"":5}",2026-04-29T18:49:18.177891+00:00,d72825d5-759b-4a7b-bb3f-5b845db72496,,
69fd3c7a-a3ea-4c3a-add3-f2f473a4e379,e9202f60-d69f-4427-afa8-753dd21ee93c,unclean_exit,2026-04-29 18:49:58.782888,"{""type"":""unclean_exit"",""run_id"":""d72825d5-759b-4a7b-bb3f-5b845db72496"",""app_version"":""1.4.0"",""timestamp"":""2026-04-29T18:49:58.7825118Z"",""started_at"":""2026-04-30T02:49:18.1734642\u002B08:00"",""last_activity_at"":null,""last_activity_source"":null}",2026-04-29T18:49:58.802081+00:00,d72825d5-759b-4a7b-bb3f-5b845db72496,,
ea3e9228-ff3b-4d72-9310-4ba04ad8e83b,e9202f60-d69f-4427-afa8-753dd21ee93c,app_launch,2026-04-29 18:49:58.796633,"{""type"":""app_launch"",""install_id"":""e9202f60-d69f-4427-afa8-753dd21ee93c"",""run_id"":""80451eda-8991-4dcd-b486-0ef108ae12ec"",""app_version"":""1.4.0"",""timestamp"":""2026-04-29T18:49:58.7966332Z"",""app_launched_count"":6}",2026-04-29T18:49:59.071472+00:00,80451eda-8991-4dcd-b486-0ef108ae12ec,,
87e4a528-fa1e-4676-808a-233265c7fe9b,e9202f60-d69f-4427-afa8-753dd21ee93c,unclean_exit,2026-04-29 18:50:25.641082,"{""type"":""unclean_exit"",""run_id"":""80451eda-8991-4dcd-b486-0ef108ae12ec"",""app_version"":""1.4.0"",""timestamp"":""2026-04-29T18:50:25.6408851Z"",""started_at"":""2026-04-30T02:49:58.7966332\u002B08:00"",""last_activity_at"":null,""last_activity_source"":null}",2026-04-29T18:50:25.658673+00:00,80451eda-8991-4dcd-b486-0ef108ae12ec,,
69ef83db-ee23-46a8-8317-55a2c028cf56,e9202f60-d69f-4427-afa8-753dd21ee93c,app_launch,2026-04-29 18:50:25.656206,"{""type"":""app_launch"",""install_id"":""e9202f60-d69f-4427-afa8-753dd21ee93c"",""run_id"":""f8b006c7-3a29-46d7-89b2-4dfc72fb2868"",""app_version"":""1.4.0"",""timestamp"":""2026-04-29T18:50:25.6562059Z"",""app_launched_count"":7}",2026-04-29T18:50:25.822308+00:00,f8b006c7-3a29-46d7-89b2-4dfc72fb2868,,
5e1cb4e8-8395-4061-8062-6ca46888b7b6,e9202f60-d69f-4427-afa8-753dd21ee93c,unclean_exit,2026-04-29 18:51:25.633522,"{""type"":""unclean_exit"",""run_id"":""f8b006c7-3a29-46d7-89b2-4dfc72fb2868"",""app_version"":""1.4.0"",""timestamp"":""2026-04-29T18:51:25.6332834Z"",""started_at"":""2026-04-30T02:50:25.6562059\u002B08:00"",""last_activity_at"":null,""last_activity_source"":null}",2026-04-29T18:51:25.654726+00:00,f8b006c7-3a29-46d7-89b2-4dfc72fb2868,,
2f8df75e-4cc6-48fc-8915-69553c6447b6,e9202f60-d69f-4427-afa8-753dd21ee93c,app_launch,2026-04-29 18:51:25.649784,"{""type"":""app_launch"",""install_id"":""e9202f60-d69f-4427-afa8-753dd21ee93c"",""run_id"":""83f8645d-8ab8-4a55-8f17-0bca331108f1"",""app_version"":""1.4.0"",""timestamp"":""2026-04-29T18:51:25.6497839Z"",""app_launched_count"":8}",2026-04-29T18:51:25.813012+00:00,83f8645d-8ab8-4a55-8f17-0bca331108f1,,
6902981c-0986-4137-9054-bddfe310fa80,e9202f60-d69f-4427-afa8-753dd21ee93c,unclean_exit,2026-04-29 18:51:46.248648,"{""type"":""unclean_exit"",""run_id"":""83f8645d-8ab8-4a55-8f17-0bca331108f1"",""app_version"":""1.4.0"",""timestamp"":""2026-04-29T18:51:46.2484312Z"",""started_at"":""2026-04-30T02:51:25.6497839\u002B08:00"",""last_activity_at"":null,""last_activity_source"":null}",2026-04-29T18:51:46.268273+00:00,83f8645d-8ab8-4a55-8f17-0bca331108f1,,
ea9a517e-7f25-4922-82b8-595e4c4bd0d7,e9202f60-d69f-4427-afa8-753dd21ee93c,app_launch,2026-04-29 18:51:46.261454,"{""type"":""app_launch"",""install_id"":""e9202f60-d69f-4427-afa8-753dd21ee93c"",""run_id"":""c8adfeba-15c1-43fc-b62e-62c75f91a286"",""app_version"":""1.4.0"",""timestamp"":""2026-04-29T18:51:46.2614537Z"",""app_launched_count"":9}",2026-04-29T18:51:46.421442+00:00,c8adfeba-15c1-43fc-b62e-62c75f91a286,,
8a73aa20-c262-4672-9569-f9c66c73046e,e9202f60-d69f-4427-afa8-753dd21ee93c,unclean_exit,2026-04-29 18:52:02.226662,"{""type"":""unclean_exit"",""run_id"":""c8adfeba-15c1-43fc-b62e-62c75f91a286"",""app_version"":""1.4.0"",""timestamp"":""2026-04-29T18:52:02.2265075Z"",""started_at"":""2026-04-30T02:51:46.2614537\u002B08:00"",""last_activity_at"":null,""last_activity_source"":null}",2026-04-29T18:52:02.24249+00:00,c8adfeba-15c1-43fc-b62e-62c75f91a286,,
5595becb-e84d-4957-8957-c6508b28b92e,e9202f60-d69f-4427-afa8-753dd21ee93c,app_launch,2026-04-29 18:52:02.276088,"{""type"":""app_launch"",""install_id"":""e9202f60-d69f-4427-afa8-753dd21ee93c"",""run_id"":""0e5b6501-4f03-4c56-9101-daf050039cc8"",""app_version"":""1.4.0"",""timestamp"":""2026-04-29T18:52:02.2760880Z"",""app_launched_count"":10}",2026-04-29T18:52:02.280752+00:00,0e5b6501-4f03-4c56-9101-daf050039cc8,,
729baa1f-8733-47a7-b677-8994f4480bdb,e9202f60-d69f-4427-afa8-753dd21ee93c,unclean_exit,2026-04-29 18:52:28.461784,"{""type"":""unclean_exit"",""run_id"":""0e5b6501-4f03-4c56-9101-daf050039cc8"",""app_version"":""1.4.0"",""timestamp"":""2026-04-29T18:52:28.4616371Z"",""started_at"":""2026-04-30T02:52:02.2760880\u002B08:00"",""last_activity_at"":null,""last_activity_source"":null}",2026-04-29T18:52:28.480866+00:00,0e5b6501-4f03-4c56-9101-daf050039cc8,,
fccc05b6-866a-41b7-9847-53a6aca946cd,e9202f60-d69f-4427-afa8-753dd21ee93c,app_launch,2026-04-29 18:52:28.476723,"{""type"":""app_launch"",""install_id"":""e9202f60-d69f-4427-afa8-753dd21ee93c"",""run_id"":""c05b1a1b-a636-42e9-8931-4b2659786b3f"",""app_version"":""1.4.0"",""timestamp"":""2026-04-29T18:52:28.4767227Z"",""app_launched_count"":11}",2026-04-29T18:52:28.639856+00:00,c05b1a1b-a636-42e9-8931-4b2659786b3f,,
1ce6526f-acff-473a-93fd-9eafdfbfba4d,e9202f60-d69f-4427-afa8-753dd21ee93c,unclean_exit,2026-04-29 18:52:50.059184,"{""type"":""unclean_exit"",""run_id"":""c05b1a1b-a636-42e9-8931-4b2659786b3f"",""app_version"":""1.4.0"",""timestamp"":""2026-04-29T18:52:50.0589772Z"",""started_at"":""2026-04-30T02:52:28.4767227\u002B08:00"",""last_activity_at"":null,""last_activity_source"":null}",2026-04-29T18:52:50.07659+00:00,c05b1a1b-a636-42e9-8931-4b2659786b3f,,
b2826d03-465c-4f0b-a714-b00324d26906,e9202f60-d69f-4427-afa8-753dd21ee93c,app_launch,2026-04-29 18:52:50.073923,"{""type"":""app_launch"",""install_id"":""e9202f60-d69f-4427-afa8-753dd21ee93c"",""run_id"":""55a4b8cd-e79f-441f-a61f-a89e8b651d3d"",""app_version"":""1.4.0"",""timestamp"":""2026-04-29T18:52:50.0739234Z"",""app_launched_count"":12}",2026-04-29T18:52:50.231957+00:00,55a4b8cd-e79f-441f-a61f-a89e8b651d3d,,
3e943ba3-9441-40c3-8055-dd26e2448428,e9202f60-d69f-4427-afa8-753dd21ee93c,unclean_exit,2026-04-29 18:55:15.487874,"{""type"":""unclean_exit"",""run_id"":""55a4b8cd-e79f-441f-a61f-a89e8b651d3d"",""app_version"":""1.4.0"",""timestamp"":""2026-04-29T18:55:15.4876671Z"",""started_at"":""2026-04-30T02:52:50.0739234\u002B08:00"",""last_activity_at"":null,""last_activity_source"":null}",2026-04-29T18:55:15.509253+00:00,55a4b8cd-e79f-441f-a61f-a89e8b651d3d,,
10d423a7-f839-4166-a2e8-96f2f91c3a53,e9202f60-d69f-4427-afa8-753dd21ee93c,app_launch,2026-04-29 18:55:15.504143,"{""type"":""app_launch"",""install_id"":""e9202f60-d69f-4427-afa8-753dd21ee93c"",""run_id"":""2731c8f2-da15-4ef9-a7b3-25e8d09d351f"",""app_version"":""1.4.0"",""timestamp"":""2026-04-29T18:55:15.5041433Z"",""app_launched_count"":13}",2026-04-29T18:55:15.667906+00:00,2731c8f2-da15-4ef9-a7b3-25e8d09d351f,,
086422a7-c8ef-43e0-95ef-69dcb28c7690,e9202f60-d69f-4427-afa8-753dd21ee93c,unclean_exit,2026-04-29 19:03:16.802706,"{""type"":""unclean_exit"",""run_id"":""2731c8f2-da15-4ef9-a7b3-25e8d09d351f"",""app_version"":""1.4.0"",""timestamp"":""2026-04-29T19:03:16.8025549Z"",""started_at"":""2026-04-30T02:55:15.5041433\u002B08:00"",""last_activity_at"":null,""last_activity_source"":null}",2026-04-29T19:03:16.821445+00:00,2731c8f2-da15-4ef9-a7b3-25e8d09d351f,,
8db08ef6-91fb-4eff-9928-30487e9b8247,fd13a141-0e42-4e11-9b3c-1c943a4702a2,unclean_exit,2026-04-30 02:18:13.947816,"{""type"":""unclean_exit"",""run_id"":""7bbffc88-96e8-4585-b0ad-b5375cdf8db1"",""app_version"":""1.4.0"",""timestamp"":""2026-04-30T02:18:13.9470494Z"",""started_at"":""2026-04-27T21:32:27.4780218-04:00"",""last_activity_at"":null,""last_activity_source"":null}",2026-04-30T02:18:13.969092+00:00,7bbffc88-96e8-4585-b0ad-b5375cdf8db1,,
904819bb-047d-4f79-9381-41c0dfedac79,fd13a141-0e42-4e11-9b3c-1c943a4702a2,app_launch,2026-04-30 02:18:14.006697,"{""type"":""app_launch"",""install_id"":""fd13a141-0e42-4e11-9b3c-1c943a4702a2"",""run_id"":""b74fbb4c-3b29-4f08-92af-3141ab4d2591"",""app_version"":""1.4.0"",""timestamp"":""2026-04-30T02:18:14.0066968Z"",""app_launched_count"":2}",2026-04-30T02:18:14.009292+00:00,b74fbb4c-3b29-4f08-92af-3141ab4d2591,,
e74e3ebe-009e-4904-ab45-ccd9df4de161,fdeb7b71-5543-4755-926d-89ed20f4e78a,unclean_exit,2026-04-30 03:08:48.244829,"{""type"":""unclean_exit"",""run_id"":""e03d79f6-6ac6-4234-8288-e60160f7ce5e"",""app_version"":""1.4.0"",""timestamp"":""2026-04-30T03:08:48.2444852Z"",""started_at"":""2026-04-29T17:59:26.3483328Z"",""last_activity_at"":null,""last_activity_source"":null}",2026-04-30T03:08:48.281921+00:00,e03d79f6-6ac6-4234-8288-e60160f7ce5e,,
1d84f6c3-b103-4b56-a5e5-8173e9cb2a79,fdeb7b71-5543-4755-926d-89ed20f4e78a,app_launch,2026-04-30 03:08:48.374930,"{""type"":""app_launch"",""install_id"":""fdeb7b71-5543-4755-926d-89ed20f4e78a"",""run_id"":""d03b674d-8dbb-40f9-b3c6-5c74bb79f6ea"",""app_version"":""1.4.0"",""timestamp"":""2026-04-30T03:08:48.3749300Z"",""app_launched_count"":114}",2026-04-30T03:08:48.38161+00:00,d03b674d-8dbb-40f9-b3c6-5c74bb79f6ea,,
8ca591f7-7a84-499f-98d2-5eee0b560e3f,fdeb7b71-5543-4755-926d-89ed20f4e78a,unclean_exit,2026-04-30 03:14:17.868645,"{""type"":""unclean_exit"",""run_id"":""d03b674d-8dbb-40f9-b3c6-5c74bb79f6ea"",""app_version"":""1.4.0"",""timestamp"":""2026-04-30T03:14:17.8682219Z"",""started_at"":""2026-04-30T03:08:48.3749300Z"",""last_activity_at"":null,""last_activity_source"":null}",2026-04-30T03:14:18.012049+00:00,d03b674d-8dbb-40f9-b3c6-5c74bb79f6ea,,
937cfda9-7398-4513-b558-5a383947b1c1,fdeb7b71-5543-4755-926d-89ed20f4e78a,app_launch,2026-04-30 03:14:17.906350,"{""type"":""app_launch"",""install_id"":""fdeb7b71-5543-4755-926d-89ed20f4e78a"",""run_id"":""fae54445-8015-4efb-8bc4-78d560ba98b5"",""app_version"":""1.4.0"",""timestamp"":""2026-04-30T03:14:17.9063500Z"",""app_launched_count"":115}",2026-04-30T03:14:18.065207+00:00,fae54445-8015-4efb-8bc4-78d560ba98b5,,
4e82e398-6563-4e3d-a629-2b83180d97d7,fdeb7b71-5543-4755-926d-89ed20f4e78a,unclean_exit,2026-04-30 03:17:52.879020,"{""type"":""unclean_exit"",""run_id"":""fae54445-8015-4efb-8bc4-78d560ba98b5"",""app_version"":""1.4.0"",""timestamp"":""2026-04-30T03:17:52.8786906Z"",""started_at"":""2026-04-30T03:14:17.9063500Z"",""last_activity_at"":null,""last_activity_source"":null}",2026-04-30T03:17:52.921485+00:00,fae54445-8015-4efb-8bc4-78d560ba98b5,,
de5ae131-68d8-4bda-8f25-e7fa9883f7eb,fdeb7b71-5543-4755-926d-89ed20f4e78a,app_launch,2026-04-30 03:17:52.912523,"{""type"":""app_launch"",""install_id"":""fdeb7b71-5543-4755-926d-89ed20f4e78a"",""run_id"":""0dd1da52-5867-49c8-bed4-9c4164c7a6c0"",""app_version"":""1.4.0"",""timestamp"":""2026-04-30T03:17:52.9125226Z"",""app_launched_count"":116}",2026-04-30T03:17:53.084064+00:00,0dd1da52-5867-49c8-bed4-9c4164c7a6c0,,
70e62469-ad68-4490-af49-4981fd617da7,fdeb7b71-5543-4755-926d-89ed20f4e78a,app_close,2026-04-30 07:00:28.724387,"{""type"":""app_close"",""run_id"":""ca1324e1-5160-4802-b74d-653808550f1c"",""reason"":""window_closed"",""app_version"":""1.4.0"",""timestamp"":""2026-04-30T07:00:28.7227254Z""}",2026-04-30T07:00:28.728587+00:00,ca1324e1-5160-4802-b74d-653808550f1c,,
13585b34-ea38-4d6d-90a4-2a0ce8a7ab6f,fdeb7b71-5543-4755-926d-89ed20f4e78a,unclean_exit,2026-04-30 03:29:09.368094,"{""type"":""unclean_exit"",""run_id"":""0dd1da52-5867-49c8-bed4-9c4164c7a6c0"",""app_version"":""1.4.0"",""timestamp"":""2026-04-30T03:29:09.3676963Z"",""started_at"":""2026-04-30T03:17:52.9125226Z"",""last_activity_at"":null,""last_activity_source"":null}",2026-04-30T03:29:09.403206+00:00,0dd1da52-5867-49c8-bed4-9c4164c7a6c0,,
c7ebabff-f241-4689-bf04-6bf5c62c30ff,fdeb7b71-5543-4755-926d-89ed20f4e78a,app_launch,2026-04-30 03:29:09.397419,"{""type"":""app_launch"",""install_id"":""fdeb7b71-5543-4755-926d-89ed20f4e78a"",""run_id"":""5c8e6fa2-e185-4a7c-982a-2cc3620073ec"",""app_version"":""1.4.0"",""timestamp"":""2026-04-30T03:29:09.3974189Z"",""app_launched_count"":117}",2026-04-30T03:29:09.555557+00:00,5c8e6fa2-e185-4a7c-982a-2cc3620073ec,,
95058e13-7828-43c4-931b-2a16135a6f02,fdeb7b71-5543-4755-926d-89ed20f4e78a,unclean_exit,2026-04-30 03:52:58.270224,"{""type"":""unclean_exit"",""run_id"":""5c8e6fa2-e185-4a7c-982a-2cc3620073ec"",""app_version"":""1.4.0"",""timestamp"":""2026-04-30T03:52:58.2699585Z"",""started_at"":""2026-04-30T03:29:09.3974189Z"",""last_activity_at"":null,""last_activity_source"":null}",2026-04-30T03:52:58.307676+00:00,5c8e6fa2-e185-4a7c-982a-2cc3620073ec,,
dc38cd32-1485-4e85-9cf5-000534fb949b,fdeb7b71-5543-4755-926d-89ed20f4e78a,app_launch,2026-04-30 03:52:58.301702,"{""type"":""app_launch"",""install_id"":""fdeb7b71-5543-4755-926d-89ed20f4e78a"",""run_id"":""c43b0ea4-f22b-4b09-85c8-0213a29b3ff1"",""app_version"":""1.4.0"",""timestamp"":""2026-04-30T03:52:58.3017024Z"",""app_launched_count"":118}",2026-04-30T03:52:58.462502+00:00,c43b0ea4-f22b-4b09-85c8-0213a29b3ff1,,
bce1fd20-7fb9-4523-9d95-340e2952d9b4,fdeb7b71-5543-4755-926d-89ed20f4e78a,unclean_exit,2026-04-30 04:02:43.515121,"{""type"":""unclean_exit"",""run_id"":""c43b0ea4-f22b-4b09-85c8-0213a29b3ff1"",""app_version"":""1.4.0"",""timestamp"":""2026-04-30T04:02:43.5146918Z"",""started_at"":""2026-04-30T03:52:58.3017024Z"",""last_activity_at"":null,""last_activity_source"":null}",2026-04-30T04:02:43.557177+00:00,c43b0ea4-f22b-4b09-85c8-0213a29b3ff1,,
eb8ffd52-536c-41fd-abf0-9249b1abe09d,fdeb7b71-5543-4755-926d-89ed20f4e78a,app_launch,2026-04-30 04:02:43.549720,"{""type"":""app_launch"",""install_id"":""fdeb7b71-5543-4755-926d-89ed20f4e78a"",""run_id"":""7ad3b35d-bd39-4a18-a515-a44f7d16f3d2"",""app_version"":""1.4.0"",""timestamp"":""2026-04-30T04:02:43.5497202Z"",""app_launched_count"":119}",2026-04-30T04:02:43.720294+00:00,7ad3b35d-bd39-4a18-a515-a44f7d16f3d2,,
75a60dcf-80f4-4732-ad1f-c290538c55bf,fdeb7b71-5543-4755-926d-89ed20f4e78a,unclean_exit,2026-04-30 04:28:30.637414,"{""type"":""unclean_exit"",""run_id"":""7ad3b35d-bd39-4a18-a515-a44f7d16f3d2"",""app_version"":""1.4.0"",""timestamp"":""2026-04-30T04:28:30.6369994Z"",""started_at"":""2026-04-30T04:02:43.5497202Z"",""last_activity_at"":null,""last_activity_source"":null}",2026-04-30T04:28:30.694762+00:00,7ad3b35d-bd39-4a18-a515-a44f7d16f3d2,,
4c2ce39d-eec5-4aea-8544-ea2994913c7d,fdeb7b71-5543-4755-926d-89ed20f4e78a,app_launch,2026-04-30 04:28:30.688829,"{""type"":""app_launch"",""install_id"":""fdeb7b71-5543-4755-926d-89ed20f4e78a"",""run_id"":""18d0d52a-555c-4c89-9007-87090c1e3caf"",""app_version"":""1.4.0"",""timestamp"":""2026-04-30T04:28:30.6888288Z"",""app_launched_count"":120}",2026-04-30T04:28:30.859105+00:00,18d0d52a-555c-4c89-9007-87090c1e3caf,,
466c6687-1273-4390-b7bc-25951ee8c70e,fdeb7b71-5543-4755-926d-89ed20f4e78a,unclean_exit,2026-04-30 04:41:25.990614,"{""type"":""unclean_exit"",""run_id"":""18d0d52a-555c-4c89-9007-87090c1e3caf"",""app_version"":""1.4.0"",""timestamp"":""2026-04-30T04:41:25.9901368Z"",""started_at"":""2026-04-30T04:28:30.6888288Z"",""last_activity_at"":null,""last_activity_source"":null}",2026-04-30T04:41:26.032104+00:00,18d0d52a-555c-4c89-9007-87090c1e3caf,,
daa2b664-e282-409c-9c8c-e08a089861cf,fdeb7b71-5543-4755-926d-89ed20f4e78a,app_launch,2026-04-30 04:41:26.023215,"{""type"":""app_launch"",""install_id"":""fdeb7b71-5543-4755-926d-89ed20f4e78a"",""run_id"":""c959993e-cb25-472d-b330-c2430db5f701"",""app_version"":""1.4.0"",""timestamp"":""2026-04-30T04:41:26.0232146Z"",""app_launched_count"":121}",2026-04-30T04:41:26.187187+00:00,c959993e-cb25-472d-b330-c2430db5f701,,
e37c53b2-2464-42dc-a0f2-942be122a340,fdeb7b71-5543-4755-926d-89ed20f4e78a,unclean_exit,2026-04-30 05:38:36.243274,"{""type"":""unclean_exit"",""run_id"":""c959993e-cb25-472d-b330-c2430db5f701"",""app_version"":""1.4.0"",""timestamp"":""2026-04-30T05:38:36.2428810Z"",""started_at"":""2026-04-30T04:41:26.0232146Z"",""last_activity_at"":null,""last_activity_source"":null}",2026-04-30T05:38:36.286359+00:00,c959993e-cb25-472d-b330-c2430db5f701,,
ab9afe80-6914-4d2b-98dd-2bed54c8be62,fdeb7b71-5543-4755-926d-89ed20f4e78a,app_launch,2026-04-30 05:38:36.280636,"{""type"":""app_launch"",""install_id"":""fdeb7b71-5543-4755-926d-89ed20f4e78a"",""run_id"":""73ae735c-5396-46b0-b962-b1e99796c64d"",""app_version"":""1.4.0"",""timestamp"":""2026-04-30T05:38:36.2806355Z"",""app_launched_count"":122}",2026-04-30T05:38:36.445501+00:00,73ae735c-5396-46b0-b962-b1e99796c64d,,
195a4383-b6fc-4729-80ee-cfb7048edf8f,fdeb7b71-5543-4755-926d-89ed20f4e78a,unclean_exit,2026-04-30 05:40:11.021583,"{""type"":""unclean_exit"",""run_id"":""73ae735c-5396-46b0-b962-b1e99796c64d"",""app_version"":""1.4.0"",""timestamp"":""2026-04-30T05:40:11.0211391Z"",""started_at"":""2026-04-30T05:38:36.2806355Z"",""last_activity_at"":null,""last_activity_source"":null}",2026-04-30T05:40:11.061734+00:00,73ae735c-5396-46b0-b962-b1e99796c64d,,
0f49eb52-2a0c-4ada-b1e4-caee7dfcf9be,fdeb7b71-5543-4755-926d-89ed20f4e78a,app_launch,2026-04-30 05:40:11.053963,"{""type"":""app_launch"",""install_id"":""fdeb7b71-5543-4755-926d-89ed20f4e78a"",""run_id"":""8d384040-ad94-4d42-95ba-339481b9df07"",""app_version"":""1.4.0"",""timestamp"":""2026-04-30T05:40:11.0539629Z"",""app_launched_count"":123}",2026-04-30T05:40:11.219246+00:00,8d384040-ad94-4d42-95ba-339481b9df07,,
974f2709-89a8-4cfa-bd4a-7bc77f6a16bd,fdeb7b71-5543-4755-926d-89ed20f4e78a,app_close,2026-04-30 05:40:52.868403,"{""type"":""app_close"",""run_id"":""8d384040-ad94-4d42-95ba-339481b9df07"",""reason"":""window_closed"",""app_version"":""1.4.0"",""timestamp"":""2026-04-30T05:40:52.8208875Z""}",2026-04-30T05:40:52.87539+00:00,8d384040-ad94-4d42-95ba-339481b9df07,,
e4ffac98-ee7e-4819-b55d-6fd59298950b,fdeb7b71-5543-4755-926d-89ed20f4e78a,app_launch,2026-04-30 05:41:00.826061,"{""type"":""app_launch"",""install_id"":""fdeb7b71-5543-4755-926d-89ed20f4e78a"",""run_id"":""d1963f92-15c9-4e7b-913f-8753362562b3"",""app_version"":""1.4.0"",""timestamp"":""2026-04-30T05:41:00.8260606Z"",""app_launched_count"":124}",2026-04-30T05:41:00.858363+00:00,d1963f92-15c9-4e7b-913f-8753362562b3,,
2e831116-f502-4a26-a9cd-bcd88b573b38,fdeb7b71-5543-4755-926d-89ed20f4e78a,unclean_exit,2026-04-30 05:58:42.836308,"{""type"":""unclean_exit"",""run_id"":""d1963f92-15c9-4e7b-913f-8753362562b3"",""app_version"":""1.4.0"",""timestamp"":""2026-04-30T05:58:42.8358394Z"",""started_at"":""2026-04-30T05:41:00.8260606Z"",""last_activity_at"":null,""last_activity_source"":null}",2026-04-30T05:58:42.876062+00:00,d1963f92-15c9-4e7b-913f-8753362562b3,,
4bc928fc-7927-4783-99f9-9b1dbcde7c90,fdeb7b71-5543-4755-926d-89ed20f4e78a,app_launch,2026-04-30 05:58:42.867245,"{""type"":""app_launch"",""install_id"":""fdeb7b71-5543-4755-926d-89ed20f4e78a"",""run_id"":""01dd56e8-ca05-4e04-b585-ea94abbf5d68"",""app_version"":""1.4.0"",""timestamp"":""2026-04-30T05:58:42.8672449Z"",""app_launched_count"":125}",2026-04-30T05:58:43.035667+00:00,01dd56e8-ca05-4e04-b585-ea94abbf5d68,,
808cbf90-6120-48b0-852d-3765dc892230,fdeb7b71-5543-4755-926d-89ed20f4e78a,app_close,2026-04-30 05:59:17.379591,"{""type"":""app_close"",""run_id"":""01dd56e8-ca05-4e04-b585-ea94abbf5d68"",""reason"":""window_closed"",""app_version"":""1.4.0"",""timestamp"":""2026-04-30T05:59:17.3700177Z""}",2026-04-30T05:59:17.385027+00:00,01dd56e8-ca05-4e04-b585-ea94abbf5d68,,
b0c3129d-51ab-4645-bb5e-980b1d411bf1,fdeb7b71-5543-4755-926d-89ed20f4e78a,app_launch,2026-04-30 05:59:26.688085,"{""type"":""app_launch"",""install_id"":""fdeb7b71-5543-4755-926d-89ed20f4e78a"",""run_id"":""b11a6679-3b12-4d32-8d0b-28bfc57c6f18"",""app_version"":""1.4.0"",""timestamp"":""2026-04-30T05:59:26.6880853Z"",""app_launched_count"":126}",2026-04-30T05:59:26.719748+00:00,b11a6679-3b12-4d32-8d0b-28bfc57c6f18,,
8dd6fbb1-180a-4f15-91bb-7cad65e2924d,fdeb7b71-5543-4755-926d-89ed20f4e78a,unclean_exit,2026-04-30 06:00:03.987795,"{""type"":""unclean_exit"",""run_id"":""b11a6679-3b12-4d32-8d0b-28bfc57c6f18"",""app_version"":""1.4.0"",""timestamp"":""2026-04-30T06:00:03.9873302Z"",""started_at"":""2026-04-30T05:59:26.6880853Z"",""last_activity_at"":null,""last_activity_source"":null}",2026-04-30T06:00:04.031334+00:00,b11a6679-3b12-4d32-8d0b-28bfc57c6f18,,
c61fd41a-70a9-4d11-b7bf-a946705c5197,fdeb7b71-5543-4755-926d-89ed20f4e78a,app_launch,2026-04-30 06:00:04.023666,"{""type"":""app_launch"",""install_id"":""fdeb7b71-5543-4755-926d-89ed20f4e78a"",""run_id"":""0b6c1b39-8b15-45ea-a38d-2693a9c628ab"",""app_version"":""1.4.0"",""timestamp"":""2026-04-30T06:00:04.0236662Z"",""app_launched_count"":127}",2026-04-30T06:00:04.192305+00:00,0b6c1b39-8b15-45ea-a38d-2693a9c628ab,,
660b7208-d356-450b-b380-6196ed4cbe67,fdeb7b71-5543-4755-926d-89ed20f4e78a,crash_feedback,2026-04-30 06:00:10.580206,"{""category"":""checkout"",""details"":""""}",2026-04-30T06:00:10.592819+00:00,,,
930ab000-3a1a-4aed-8c3d-5b30d528b39a,fdeb7b71-5543-4755-926d-89ed20f4e78a,unclean_exit,2026-04-30 06:00:41.034406,"{""type"":""unclean_exit"",""run_id"":""0b6c1b39-8b15-45ea-a38d-2693a9c628ab"",""app_version"":""1.4.0"",""timestamp"":""2026-04-30T06:00:41.0338004Z"",""started_at"":""2026-04-30T06:00:04.0236662Z"",""last_activity_at"":null,""last_activity_source"":null}",2026-04-30T06:00:41.073548+00:00,0b6c1b39-8b15-45ea-a38d-2693a9c628ab,,
01e21a70-a1d3-4dc1-ae60-18ce10be9373,fdeb7b71-5543-4755-926d-89ed20f4e78a,app_launch,2026-04-30 06:00:41.189713,"{""type"":""app_launch"",""install_id"":""fdeb7b71-5543-4755-926d-89ed20f4e78a"",""run_id"":""cd9501f4-ba7f-42a9-8210-b68e32d4138a"",""app_version"":""1.4.0"",""timestamp"":""2026-04-30T06:00:41.1897130Z"",""app_launched_count"":128}",2026-04-30T06:00:41.196458+00:00,cd9501f4-ba7f-42a9-8210-b68e32d4138a,,
04c115d0-09f6-4b2f-9a66-e9f7f324205e,fdeb7b71-5543-4755-926d-89ed20f4e78a,crash_feedback,2026-04-30 06:00:46.477659,"{""category"":""checkout"",""details"":""""}",2026-04-30T06:00:46.491207+00:00,,,
ba26128c-880e-4272-97c5-b1112d59dc4d,fdeb7b71-5543-4755-926d-89ed20f4e78a,unclean_exit,2026-04-30 06:05:12.314800,"{""type"":""unclean_exit"",""run_id"":""cd9501f4-ba7f-42a9-8210-b68e32d4138a"",""app_version"":""1.4.0"",""timestamp"":""2026-04-30T06:05:12.3143910Z"",""started_at"":""2026-04-30T06:00:41.1897130Z"",""last_activity_at"":null,""last_activity_source"":null}",2026-04-30T06:05:12.351029+00:00,cd9501f4-ba7f-42a9-8210-b68e32d4138a,,
c4df2e60-f575-4c6e-a5a1-89bcaab50d48,fdeb7b71-5543-4755-926d-89ed20f4e78a,app_launch,2026-04-30 06:05:12.343062,"{""type"":""app_launch"",""install_id"":""fdeb7b71-5543-4755-926d-89ed20f4e78a"",""run_id"":""3b1a307d-a249-4f95-8fa9-f6e7934860a1"",""app_version"":""1.4.0"",""timestamp"":""2026-04-30T06:05:12.3430623Z"",""app_launched_count"":129}",2026-04-30T06:05:12.503028+00:00,3b1a307d-a249-4f95-8fa9-f6e7934860a1,,
0cd0aa90-ccbd-43c2-b036-729a505d3ac6,fdeb7b71-5543-4755-926d-89ed20f4e78a,unclean_exit,2026-04-30 06:24:50.413844,"{""type"":""unclean_exit"",""run_id"":""3b1a307d-a249-4f95-8fa9-f6e7934860a1"",""app_version"":""1.4.0"",""timestamp"":""2026-04-30T06:24:50.4134091Z"",""started_at"":""2026-04-30T06:05:12.3430623Z"",""last_activity_at"":null,""last_activity_source"":null}",2026-04-30T06:24:50.462942+00:00,3b1a307d-a249-4f95-8fa9-f6e7934860a1,,
ecca3455-234f-4153-93b3-2dc42ebdc294,fdeb7b71-5543-4755-926d-89ed20f4e78a,app_launch,2026-04-30 06:24:50.457520,"{""type"":""app_launch"",""install_id"":""fdeb7b71-5543-4755-926d-89ed20f4e78a"",""run_id"":""743384f0-3339-4f8e-a996-fbf2a2a3bfa4"",""app_version"":""1.4.0"",""timestamp"":""2026-04-30T06:24:50.4575200Z"",""app_launched_count"":130}",2026-04-30T06:24:50.639725+00:00,743384f0-3339-4f8e-a996-fbf2a2a3bfa4,,
9751fecb-2d46-4f6c-8dc8-a271729ee310,fdeb7b71-5543-4755-926d-89ed20f4e78a,unclean_exit,2026-04-30 06:25:37.479058,"{""type"":""unclean_exit"",""run_id"":""743384f0-3339-4f8e-a996-fbf2a2a3bfa4"",""app_version"":""1.4.0"",""timestamp"":""2026-04-30T06:25:37.4785429Z"",""started_at"":""2026-04-30T06:24:50.4575200Z"",""last_activity_at"":null,""last_activity_source"":null}",2026-04-30T06:25:37.519129+00:00,743384f0-3339-4f8e-a996-fbf2a2a3bfa4,,
5a28fdb4-4c88-4651-951b-66195c7d699d,fdeb7b71-5543-4755-926d-89ed20f4e78a,app_launch,2026-04-30 06:25:37.514726,"{""type"":""app_launch"",""install_id"":""fdeb7b71-5543-4755-926d-89ed20f4e78a"",""run_id"":""7586a763-6c64-4141-b7f0-18174571a5f7"",""app_version"":""1.4.0"",""timestamp"":""2026-04-30T06:25:37.5147265Z"",""app_launched_count"":131}",2026-04-30T06:25:37.673143+00:00,7586a763-6c64-4141-b7f0-18174571a5f7,,
e57496dc-3f87-4fd9-824a-473fb72b59b5,fdeb7b71-5543-4755-926d-89ed20f4e78a,unclean_exit,2026-04-30 06:32:43.250895,"{""type"":""unclean_exit"",""run_id"":""7586a763-6c64-4141-b7f0-18174571a5f7"",""app_version"":""1.4.0"",""timestamp"":""2026-04-30T06:32:43.2500331Z"",""started_at"":""2026-04-30T06:25:37.5147265Z"",""last_activity_at"":null,""last_activity_source"":null}",2026-04-30T06:32:43.306626+00:00,7586a763-6c64-4141-b7f0-18174571a5f7,,
4e21c0d0-7759-4b08-912a-e5d84724718c,fdeb7b71-5543-4755-926d-89ed20f4e78a,app_launch,2026-04-30 06:32:43.291763,"{""type"":""app_launch"",""install_id"":""fdeb7b71-5543-4755-926d-89ed20f4e78a"",""run_id"":""1f74ce20-4609-43c7-b36f-e77c2ea5f237"",""app_version"":""1.4.0"",""timestamp"":""2026-04-30T06:32:43.2917634Z"",""app_launched_count"":132}",2026-04-30T06:32:43.455571+00:00,1f74ce20-4609-43c7-b36f-e77c2ea5f237,,
c96c2ab9-ee47-4597-8890-7d7234e65808,fdeb7b71-5543-4755-926d-89ed20f4e78a,unclean_exit,2026-04-30 06:44:15.785029,"{""type"":""unclean_exit"",""run_id"":""1f74ce20-4609-43c7-b36f-e77c2ea5f237"",""app_version"":""1.4.0"",""timestamp"":""2026-04-30T06:44:15.7846660Z"",""started_at"":""2026-04-30T06:32:43.2917634Z"",""last_activity_at"":null,""last_activity_source"":null}",2026-04-30T06:44:15.849465+00:00,1f74ce20-4609-43c7-b36f-e77c2ea5f237,,
9c5be4f1-2dc0-4d2f-9813-c2c1548bd40c,fdeb7b71-5543-4755-926d-89ed20f4e78a,app_launch,2026-04-30 06:44:15.970201,"{""type"":""app_launch"",""install_id"":""fdeb7b71-5543-4755-926d-89ed20f4e78a"",""run_id"":""b731e0d0-87ae-4bdf-ac85-7c1a087d18cd"",""app_version"":""1.4.0"",""timestamp"":""2026-04-30T06:44:15.9702012Z"",""app_launched_count"":133}",2026-04-30T06:44:15.975593+00:00,b731e0d0-87ae-4bdf-ac85-7c1a087d18cd,,
ebd4f3ce-35d2-483d-bd72-fd67443b6b43,fdeb7b71-5543-4755-926d-89ed20f4e78a,unclean_exit,2026-04-30 06:45:12.558703,"{""type"":""unclean_exit"",""run_id"":""b731e0d0-87ae-4bdf-ac85-7c1a087d18cd"",""app_version"":""1.4.0"",""timestamp"":""2026-04-30T06:45:12.5583895Z"",""started_at"":""2026-04-30T06:44:15.9702012Z"",""last_activity_at"":null,""last_activity_source"":null}",2026-04-30T06:45:12.5917+00:00,b731e0d0-87ae-4bdf-ac85-7c1a087d18cd,,
d86b8eaf-c690-4f23-a83c-c9300f231dda,fdeb7b71-5543-4755-926d-89ed20f4e78a,app_launch,2026-04-30 06:45:12.679385,"{""type"":""app_launch"",""install_id"":""fdeb7b71-5543-4755-926d-89ed20f4e78a"",""run_id"":""05664760-0a57-4fda-8006-c6ced9e6b4f3"",""app_version"":""1.4.0"",""timestamp"":""2026-04-30T06:45:12.6793853Z"",""app_launched_count"":134}",2026-04-30T06:45:12.685083+00:00,05664760-0a57-4fda-8006-c6ced9e6b4f3,,
9bcc1043-e640-4670-bfda-3d84a913afcc,fdeb7b71-5543-4755-926d-89ed20f4e78a,unclean_exit,2026-04-30 06:53:21.266044,"{""type"":""unclean_exit"",""run_id"":""05664760-0a57-4fda-8006-c6ced9e6b4f3"",""app_version"":""1.4.0"",""timestamp"":""2026-04-30T06:53:21.2656446Z"",""started_at"":""2026-04-30T06:45:12.6793853Z"",""last_activity_at"":null,""last_activity_source"":null}",2026-04-30T06:53:21.308264+00:00,05664760-0a57-4fda-8006-c6ced9e6b4f3,,
7cab0a31-8699-4ee2-85ea-0f03c6c4df58,fdeb7b71-5543-4755-926d-89ed20f4e78a,app_launch,2026-04-30 06:53:21.296429,"{""type"":""app_launch"",""install_id"":""fdeb7b71-5543-4755-926d-89ed20f4e78a"",""run_id"":""b2e589a7-de7b-4a5c-9ca0-2475a7f33316"",""app_version"":""1.4.0"",""timestamp"":""2026-04-30T06:53:21.2964290Z"",""app_launched_count"":135}",2026-04-30T06:53:21.455668+00:00,b2e589a7-de7b-4a5c-9ca0-2475a7f33316,,
94557c2b-049c-45cf-91f6-e48bd61def8f,fdeb7b71-5543-4755-926d-89ed20f4e78a,app_close,2026-04-30 06:58:30.678452,"{""type"":""app_close"",""run_id"":""b2e589a7-de7b-4a5c-9ca0-2475a7f33316"",""reason"":""window_closed"",""app_version"":""1.4.0"",""timestamp"":""2026-04-30T06:58:30.6660299Z""}",2026-04-30T06:58:30.685064+00:00,b2e589a7-de7b-4a5c-9ca0-2475a7f33316,,
00e06b4e-c391-4aa6-b577-38b87df1998e,fdeb7b71-5543-4755-926d-89ed20f4e78a,app_launch,2026-04-30 06:58:33.446083,"{""type"":""app_launch"",""install_id"":""fdeb7b71-5543-4755-926d-89ed20f4e78a"",""run_id"":""cda4f905-a5f2-4492-bc5b-b6e9e9e02f82"",""app_version"":""1.4.0"",""timestamp"":""2026-04-30T06:58:33.4460826Z"",""app_launched_count"":136}",2026-04-30T06:58:33.478137+00:00,cda4f905-a5f2-4492-bc5b-b6e9e9e02f82,,
3648d39d-be5c-4f55-9288-fd77eb8bf7c9,fdeb7b71-5543-4755-926d-89ed20f4e78a,app_close,2026-04-30 06:59:31.355626,"{""type"":""app_close"",""run_id"":""cda4f905-a5f2-4492-bc5b-b6e9e9e02f82"",""reason"":""window_closed"",""app_version"":""1.4.0"",""timestamp"":""2026-04-30T06:59:31.3541138Z""}",2026-04-30T06:59:31.359711+00:00,cda4f905-a5f2-4492-bc5b-b6e9e9e02f82,,
98f9977b-639c-4c2c-a1b5-0b746b9ce5c8,fdeb7b71-5543-4755-926d-89ed20f4e78a,app_launch,2026-04-30 06:59:33.218579,"{""type"":""app_launch"",""install_id"":""fdeb7b71-5543-4755-926d-89ed20f4e78a"",""run_id"":""0d9d2f03-df01-4a44-8741-567236990d2a"",""app_version"":""1.4.0"",""timestamp"":""2026-04-30T06:59:33.2185791Z"",""app_launched_count"":137}",2026-04-30T06:59:33.238053+00:00,0d9d2f03-df01-4a44-8741-567236990d2a,,
95809bc4-19a1-483d-9c41-a5f1d6ccf27f,fdeb7b71-5543-4755-926d-89ed20f4e78a,app_close,2026-04-30 06:59:52.338336,"{""type"":""app_close"",""run_id"":""0d9d2f03-df01-4a44-8741-567236990d2a"",""reason"":""window_closed"",""app_version"":""1.4.0"",""timestamp"":""2026-04-30T06:59:52.3372233Z""}",2026-04-30T06:59:52.343589+00:00,0d9d2f03-df01-4a44-8741-567236990d2a,,
3f07774c-7ba0-453e-97f5-09f01fdcb6e9,fdeb7b71-5543-4755-926d-89ed20f4e78a,app_launch,2026-04-30 06:59:54.167789,"{""type"":""app_launch"",""install_id"":""fdeb7b71-5543-4755-926d-89ed20f4e78a"",""run_id"":""ca1324e1-5160-4802-b74d-653808550f1c"",""app_version"":""1.4.0"",""timestamp"":""2026-04-30T06:59:54.1677889Z"",""app_launched_count"":138}",2026-04-30T06:59:54.190956+00:00,ca1324e1-5160-4802-b74d-653808550f1c,,
03e14a08-622c-4000-8774-39b468bcc579,fdeb7b71-5543-4755-926d-89ed20f4e78a,app_launch,2026-04-30 07:00:38.046344,"{""type"":""app_launch"",""install_id"":""fdeb7b71-5543-4755-926d-89ed20f4e78a"",""run_id"":""d0840be7-0d8f-488f-b597-e46c04ddfbb6"",""app_version"":""1.4.0"",""timestamp"":""2026-04-30T07:00:38.0463445Z"",""app_launched_count"":139}",2026-04-30T07:00:38.073493+00:00,d0840be7-0d8f-488f-b597-e46c04ddfbb6,,
ee8694ac-6a93-47ef-bc85-17a890c23000,fdeb7b71-5543-4755-926d-89ed20f4e78a,app_close,2026-04-30 07:02:11.668431,"{""type"":""app_close"",""run_id"":""d0840be7-0d8f-488f-b597-e46c04ddfbb6"",""reason"":""window_closed"",""app_version"":""1.4.0"",""timestamp"":""2026-04-30T07:02:11.6527635Z""}",2026-04-30T07:02:11.676784+00:00,d0840be7-0d8f-488f-b597-e46c04ddfbb6,,
03e26b43-4a96-42b9-a645-e6fa45636606,fdeb7b71-5543-4755-926d-89ed20f4e78a,app_launch,2026-04-30 07:02:14.260451,"{""type"":""app_launch"",""install_id"":""fdeb7b71-5543-4755-926d-89ed20f4e78a"",""run_id"":""a70fda82-80bb-4184-82cf-6da737e3be82"",""app_version"":""1.4.0"",""timestamp"":""2026-04-30T07:02:14.2604513Z"",""app_launched_count"":140}",2026-04-30T07:02:14.283434+00:00,a70fda82-80bb-4184-82cf-6da737e3be82,,
53c64c72-9dc9-4f92-a56f-6ed2b2f8ff61,fdeb7b71-5543-4755-926d-89ed20f4e78a,app_close,2026-04-30 07:03:33.091830,"{""type"":""app_close"",""run_id"":""a70fda82-80bb-4184-82cf-6da737e3be82"",""reason"":""window_closed"",""app_version"":""1.4.0"",""timestamp"":""2026-04-30T07:03:33.0906222Z""}",2026-04-30T07:03:33.095526+00:00,a70fda82-80bb-4184-82cf-6da737e3be82,,
ef10265f-6553-4372-9139-9fad62811f8a,fdeb7b71-5543-4755-926d-89ed20f4e78a,app_launch,2026-04-30 07:16:32.062137,"{""type"":""app_launch"",""install_id"":""fdeb7b71-5543-4755-926d-89ed20f4e78a"",""run_id"":""50a1496f-f81c-47ac-8610-c6fc11806efd"",""app_version"":""1.4.0"",""timestamp"":""2026-04-30T07:16:32.0621370Z"",""app_launched_count"":141}",2026-04-30T07:16:32.09215+00:00,50a1496f-f81c-47ac-8610-c6fc11806efd,,
cd05fe1e-bc42-431c-b6d6-3077dfa511b1,fdeb7b71-5543-4755-926d-89ed20f4e78a,app_close,2026-04-30 07:17:22.043438,"{""type"":""app_close"",""run_id"":""50a1496f-f81c-47ac-8610-c6fc11806efd"",""reason"":""window_closed"",""app_version"":""1.4.0"",""timestamp"":""2026-04-30T07:17:22.0306647Z""}",2026-04-30T07:17:22.049021+00:00,50a1496f-f81c-47ac-8610-c6fc11806efd,,
b45f9949-e354-42d3-ab88-4cf527f47cab,fdeb7b71-5543-4755-926d-89ed20f4e78a,app_launch,2026-04-30 07:17:24.114617,"{""type"":""app_launch"",""install_id"":""fdeb7b71-5543-4755-926d-89ed20f4e78a"",""run_id"":""85b99720-4e13-4947-9f82-a56c763e7a7c"",""app_version"":""1.4.0"",""timestamp"":""2026-04-30T07:17:24.1146174Z"",""app_launched_count"":142}",2026-04-30T07:17:24.134408+00:00,85b99720-4e13-4947-9f82-a56c763e7a7c,,
11a6b6aa-fb3a-4a5c-980c-864236804844,fdeb7b71-5543-4755-926d-89ed20f4e78a,app_close,2026-04-30 07:31:41.028796,"{""type"":""app_close"",""run_id"":""85b99720-4e13-4947-9f82-a56c763e7a7c"",""reason"":""window_closed"",""app_version"":""1.4.0"",""timestamp"":""2026-04-30T07:31:41.0149410Z""}",2026-04-30T07:31:41.034159+00:00,85b99720-4e13-4947-9f82-a56c763e7a7c,,
5d60050e-bc1f-491c-8221-471d30800dc8,fdeb7b71-5543-4755-926d-89ed20f4e78a,app_launch,2026-04-30 07:31:53.352666,"{""type"":""app_launch"",""install_id"":""fdeb7b71-5543-4755-926d-89ed20f4e78a"",""run_id"":""9305aa85-7feb-487a-b377-405c7b932a93"",""app_version"":""1.4.0"",""timestamp"":""2026-04-30T07:31:53.3526658Z"",""app_launched_count"":143}",2026-04-30T07:31:53.376757+00:00,9305aa85-7feb-487a-b377-405c7b932a93,,
dc31c00c-c28f-42de-9d9b-1f56ec40134a,fdeb7b71-5543-4755-926d-89ed20f4e78a,app_close,2026-04-30 07:32:23.854795,"{""type"":""app_close"",""run_id"":""9305aa85-7feb-487a-b377-405c7b932a93"",""reason"":""window_closed"",""app_version"":""1.4.0"",""timestamp"":""2026-04-30T07:32:23.8449825Z""}",2026-04-30T07:32:23.860008+00:00,9305aa85-7feb-487a-b377-405c7b932a93,,
ddea27ee-0be8-44b0-96a9-4e28721c8631,fdeb7b71-5543-4755-926d-89ed20f4e78a,app_launch,2026-04-30 07:32:25.946383,"{""type"":""app_launch"",""install_id"":""fdeb7b71-5543-4755-926d-89ed20f4e78a"",""run_id"":""f413789a-54fa-4a46-90a6-e7773b800a0f"",""app_version"":""1.4.0"",""timestamp"":""2026-04-30T07:32:25.9463829Z"",""app_launched_count"":144}",2026-04-30T07:32:25.968175+00:00,f413789a-54fa-4a46-90a6-e7773b800a0f,,
b9f6dcf1-164f-4a47-b78f-c0a69c7e3e8a,fdeb7b71-5543-4755-926d-89ed20f4e78a,app_close,2026-04-30 07:40:17.472550,"{""type"":""app_close"",""run_id"":""f413789a-54fa-4a46-90a6-e7773b800a0f"",""reason"":""window_closed"",""app_version"":""1.4.0"",""timestamp"":""2026-04-30T07:40:17.4707952Z""}",2026-04-30T07:40:17.476828+00:00,f413789a-54fa-4a46-90a6-e7773b800a0f,,
95943fb5-b374-45eb-87e7-1c29720291c0,fdeb7b71-5543-4755-926d-89ed20f4e78a,app_launch,2026-04-30 08:17:49.790039,"{""type"":""app_launch"",""install_id"":""fdeb7b71-5543-4755-926d-89ed20f4e78a"",""run_id"":""01a6f94c-96c8-421c-a151-7e959811dae2"",""app_version"":""1.4.0"",""timestamp"":""2026-04-30T08:17:49.7900393Z"",""app_launched_count"":145}",2026-04-30T08:17:49.821992+00:00,01a6f94c-96c8-421c-a151-7e959811dae2,,
234cbbba-219f-4fd9-8b9f-845a07e886e0,fdeb7b71-5543-4755-926d-89ed20f4e78a,unclean_exit,2026-04-30 08:52:46.227165,"{""type"":""unclean_exit"",""run_id"":""01a6f94c-96c8-421c-a151-7e959811dae2"",""app_version"":""1.4.0"",""timestamp"":""2026-04-30T08:52:46.2266725Z"",""started_at"":""2026-04-30T08:17:49.7900393Z"",""last_activity_at"":null,""last_activity_source"":null}",2026-04-30T08:52:46.288897+00:00,01a6f94c-96c8-421c-a151-7e959811dae2,,
434cb64b-45af-4a57-9d7a-9e24a3178866,fdeb7b71-5543-4755-926d-89ed20f4e78a,app_launch,2026-04-30 08:52:46.269475,"{""type"":""app_launch"",""install_id"":""fdeb7b71-5543-4755-926d-89ed20f4e78a"",""run_id"":""21efe15c-78a7-47c3-bda3-eb057517f22d"",""app_version"":""1.4.0"",""timestamp"":""2026-04-30T08:52:46.2694749Z"",""app_launched_count"":146}",2026-04-30T08:52:46.442908+00:00,21efe15c-78a7-47c3-bda3-eb057517f22d,,
af25d00a-6ae9-4f21-ad48-52612802a89d,fdeb7b71-5543-4755-926d-89ed20f4e78a,unclean_exit,2026-04-30 09:08:51.168394,"{""type"":""unclean_exit"",""run_id"":""21efe15c-78a7-47c3-bda3-eb057517f22d"",""app_version"":""1.4.0"",""timestamp"":""2026-04-30T09:08:51.1679544Z"",""started_at"":""2026-04-30T08:52:46.2694749Z"",""last_activity_at"":null,""last_activity_source"":null}",2026-04-30T09:08:51.208783+00:00,21efe15c-78a7-47c3-bda3-eb057517f22d,,
c60dd12b-63ba-4200-ae3c-2dfc164f3ff5,fdeb7b71-5543-4755-926d-89ed20f4e78a,app_launch,2026-04-30 09:08:51.201732,"{""type"":""app_launch"",""install_id"":""fdeb7b71-5543-4755-926d-89ed20f4e78a"",""run_id"":""f3dfcb46-41e8-4fdf-9fcc-63d6fa21330f"",""app_version"":""1.4.0"",""timestamp"":""2026-04-30T09:08:51.2017316Z"",""app_launched_count"":147}",2026-04-30T09:08:51.359681+00:00,f3dfcb46-41e8-4fdf-9fcc-63d6fa21330f,,
f7e40a40-787e-4074-b7f2-46ea79c352c2,fdeb7b71-5543-4755-926d-89ed20f4e78a,app_launch,2026-04-30 09:22:28.632907,"{""type"":""app_launch"",""install_id"":""fdeb7b71-5543-4755-926d-89ed20f4e78a"",""run_id"":""69f1d2ea-da17-42b5-b2ec-174b43171307"",""app_version"":""1.4.0"",""timestamp"":""2026-04-30T09:22:28.6329072Z"",""app_launched_count"":148}",2026-04-30T09:22:28.803554+00:00,69f1d2ea-da17-42b5-b2ec-174b43171307,,
a6884a8c-1a13-403a-bba7-7c1ff9ffaa6f,fdeb7b71-5543-4755-926d-89ed20f4e78a,unclean_exit,2026-04-30 09:22:28.600134,"{""type"":""unclean_exit"",""run_id"":""f3dfcb46-41e8-4fdf-9fcc-63d6fa21330f"",""app_version"":""1.4.0"",""timestamp"":""2026-04-30T09:22:28.5996550Z"",""started_at"":""2026-04-30T09:08:51.2017316Z"",""last_activity_at"":null,""last_activity_source"":null}",2026-04-30T09:22:28.640959+00:00,f3dfcb46-41e8-4fdf-9fcc-63d6fa21330f,,
39518b18-de58-4c9d-a432-16b46189db1e,fdeb7b71-5543-4755-926d-89ed20f4e78a,app_launch,2026-04-30 09:25:02.349913,"{""type"":""app_launch"",""install_id"":""fdeb7b71-5543-4755-926d-89ed20f4e78a"",""run_id"":""5870fd9c-2cea-401d-bb56-39fca68ce3dd"",""app_version"":""1.4.0"",""timestamp"":""2026-04-30T09:25:02.3499132Z"",""app_launched_count"":149}",2026-04-30T09:25:02.370712+00:00,5870fd9c-2cea-401d-bb56-39fca68ce3dd,,
6fdf493c-0b25-450e-af81-b7072edff0fc,fdeb7b71-5543-4755-926d-89ed20f4e78a,app_close,2026-04-30 09:24:59.734028,"{""type"":""app_close"",""run_id"":""69f1d2ea-da17-42b5-b2ec-174b43171307"",""reason"":""window_closed"",""app_version"":""1.4.0"",""timestamp"":""2026-04-30T09:24:59.7191201Z""}",2026-04-30T09:24:59.741615+00:00,69f1d2ea-da17-42b5-b2ec-174b43171307,,
e0844556-4698-459f-9fb1-2ad3482810bc,fdeb7b71-5543-4755-926d-89ed20f4e78a,app_close,2026-04-30 09:38:43.664788,"{""type"":""app_close"",""run_id"":""5870fd9c-2cea-401d-bb56-39fca68ce3dd"",""reason"":""window_closed"",""app_version"":""1.4.0"",""timestamp"":""2026-04-30T09:38:43.6619651Z""}",2026-04-30T09:38:43.669715+00:00,5870fd9c-2cea-401d-bb56-39fca68ce3dd,,
da06c30b-c0c1-43da-9df0-cec84bbb9fff,fdeb7b71-5543-4755-926d-89ed20f4e78a,app_close,2026-05-01 03:15:50.074303,"{""type"":""app_close"",""run_id"":""ca4a9001-7e9a-4185-bc39-ceec68812611"",""reason"":""window_closed"",""app_version"":""1.4.0"",""timestamp"":""2026-05-01T03:15:50.0728550Z""}",2026-05-01T03:15:50.079646+00:00,ca4a9001-7e9a-4185-bc39-ceec68812611,,
03c456fa-3aae-4c22-ad8f-8f9ea2d97499,0ac90631-46f1-4112-a678-025ec614e9b3,app_close,2026-05-01 13:21:13.052508,"{""type"":""app_close"",""run_id"":""19ba0004-2ea9-4300-a6f6-aa41b3bbdaf4"",""reason"":""window_closed"",""app_version"":""1.4.0"",""timestamp"":""2026-05-01T13:21:13.0498799Z""}",2026-05-01T13:21:13.059112+00:00,19ba0004-2ea9-4300-a6f6-aa41b3bbdaf4,,
05129c40-ad67-4996-b75e-99bb9fc4fbab,fdeb7b71-5543-4755-926d-89ed20f4e78a,app_launch,2026-04-30 09:38:49.261012,"{""type"":""app_launch"",""install_id"":""fdeb7b71-5543-4755-926d-89ed20f4e78a"",""run_id"":""f4425f0a-ae93-46d0-b4aa-df622283082f"",""app_version"":""1.4.0"",""timestamp"":""2026-04-30T09:38:49.2610125Z"",""app_launched_count"":150}",2026-04-30T09:38:49.292588+00:00,f4425f0a-ae93-46d0-b4aa-df622283082f,,
76c43876-03e8-465e-91d8-d009f0b82a6a,fdeb7b71-5543-4755-926d-89ed20f4e78a,app_close,2026-04-30 09:39:17.214889,"{""type"":""app_close"",""run_id"":""f4425f0a-ae93-46d0-b4aa-df622283082f"",""reason"":""window_closed"",""app_version"":""1.4.0"",""timestamp"":""2026-04-30T09:39:17.2050177Z""}",2026-04-30T09:39:17.221373+00:00,f4425f0a-ae93-46d0-b4aa-df622283082f,,
21449e60-34da-4b80-93c1-557bd6a619ab,fdeb7b71-5543-4755-926d-89ed20f4e78a,app_launch,2026-04-30 09:39:19.433630,"{""type"":""app_launch"",""install_id"":""fdeb7b71-5543-4755-926d-89ed20f4e78a"",""run_id"":""d715a4be-7211-44c5-b580-ebdacf10774f"",""app_version"":""1.4.0"",""timestamp"":""2026-04-30T09:39:19.4336304Z"",""app_launched_count"":151}",2026-04-30T09:39:19.460411+00:00,d715a4be-7211-44c5-b580-ebdacf10774f,,
5a5b39a5-a735-45ef-ade0-797192290323,fdeb7b71-5543-4755-926d-89ed20f4e78a,app_close,2026-04-30 09:39:28.190471,"{""type"":""app_close"",""run_id"":""d715a4be-7211-44c5-b580-ebdacf10774f"",""reason"":""window_closed"",""app_version"":""1.4.0"",""timestamp"":""2026-04-30T09:39:28.1893943Z""}",2026-04-30T09:39:28.194182+00:00,d715a4be-7211-44c5-b580-ebdacf10774f,,
4e874928-50bd-435a-ae90-b14a50c025d4,fdeb7b71-5543-4755-926d-89ed20f4e78a,app_launch,2026-04-30 09:42:00.513314,"{""type"":""app_launch"",""install_id"":""fdeb7b71-5543-4755-926d-89ed20f4e78a"",""run_id"":""ae3a0481-0813-453d-aa3d-77b184d326ab"",""app_version"":""1.4.0"",""timestamp"":""2026-04-30T09:42:00.5133145Z"",""app_launched_count"":152}",2026-04-30T09:42:00.541944+00:00,ae3a0481-0813-453d-aa3d-77b184d326ab,,
2bc7eb02-f2b2-4128-8257-5093b3d5f38e,fdeb7b71-5543-4755-926d-89ed20f4e78a,unclean_exit,2026-04-30 09:54:11.448600,"{""type"":""unclean_exit"",""run_id"":""ae3a0481-0813-453d-aa3d-77b184d326ab"",""app_version"":""1.4.0"",""timestamp"":""2026-04-30T09:54:11.4482875Z"",""started_at"":""2026-04-30T09:42:00.5133145Z"",""last_activity_at"":null,""last_activity_source"":null}",2026-04-30T09:54:11.482511+00:00,ae3a0481-0813-453d-aa3d-77b184d326ab,,
c542db85-8014-430a-85ac-8acc357dcec1,fdeb7b71-5543-4755-926d-89ed20f4e78a,app_launch,2026-04-30 09:54:11.476546,"{""type"":""app_launch"",""install_id"":""fdeb7b71-5543-4755-926d-89ed20f4e78a"",""run_id"":""563062f2-b042-4520-98c7-3506566ce767"",""app_version"":""1.4.0"",""timestamp"":""2026-04-30T09:54:11.4765459Z"",""app_launched_count"":153}",2026-04-30T09:54:11.640178+00:00,563062f2-b042-4520-98c7-3506566ce767,,
b0306123-3470-4d45-936e-646597cd8d6d,fdeb7b71-5543-4755-926d-89ed20f4e78a,app_close,2026-04-30 10:08:25.674171,"{""type"":""app_close"",""run_id"":""563062f2-b042-4520-98c7-3506566ce767"",""reason"":""window_closed"",""app_version"":""1.4.0"",""timestamp"":""2026-04-30T10:08:25.6298614Z""}",2026-04-30T10:08:25.680549+00:00,563062f2-b042-4520-98c7-3506566ce767,,
73ecd7f2-8a0a-41af-aef3-a752b1b00536,fdeb7b71-5543-4755-926d-89ed20f4e78a,app_launch,2026-04-30 10:24:11.989921,"{""type"":""app_launch"",""install_id"":""fdeb7b71-5543-4755-926d-89ed20f4e78a"",""run_id"":""a51cd613-f488-4723-b0a5-adbbd57351f0"",""app_version"":""1.4.0"",""timestamp"":""2026-04-30T10:24:11.9899211Z"",""app_launched_count"":154}",2026-04-30T10:24:12.020583+00:00,a51cd613-f488-4723-b0a5-adbbd57351f0,,
9efed407-40b8-48f9-a3d8-5894f6368a77,fdeb7b71-5543-4755-926d-89ed20f4e78a,app_close,2026-04-30 11:29:52.526175,"{""type"":""app_close"",""run_id"":""a51cd613-f488-4723-b0a5-adbbd57351f0"",""reason"":""window_closed"",""app_version"":""1.4.0"",""timestamp"":""2026-04-30T11:29:52.5142124Z""}",2026-04-30T11:29:52.535417+00:00,a51cd613-f488-4723-b0a5-adbbd57351f0,,
d949ef23-324b-4e3f-b9d4-5af71d62bd0a,fdeb7b71-5543-4755-926d-89ed20f4e78a,app_launch,2026-04-30 11:30:18.792472,"{""type"":""app_launch"",""install_id"":""fdeb7b71-5543-4755-926d-89ed20f4e78a"",""run_id"":""901b8b05-f145-4fd4-b150-b204bbd4fcd6"",""app_version"":""1.4.0"",""timestamp"":""2026-04-30T11:30:18.7924725Z"",""app_launched_count"":155}",2026-04-30T11:30:18.819828+00:00,901b8b05-f145-4fd4-b150-b204bbd4fcd6,,
9567ab06-2bb8-42a3-a020-09223b539f2c,fdeb7b71-5543-4755-926d-89ed20f4e78a,app_close,2026-04-30 11:30:28.494362,"{""type"":""app_close"",""run_id"":""901b8b05-f145-4fd4-b150-b204bbd4fcd6"",""reason"":""window_closed"",""app_version"":""1.4.0"",""timestamp"":""2026-04-30T11:30:28.4899917Z""}",2026-04-30T11:30:28.499988+00:00,901b8b05-f145-4fd4-b150-b204bbd4fcd6,,
0111f011-df36-4ea3-b2ff-9b593602cf76,fdeb7b71-5543-4755-926d-89ed20f4e78a,app_launch,2026-04-30 11:39:08.182922,"{""type"":""app_launch"",""install_id"":""fdeb7b71-5543-4755-926d-89ed20f4e78a"",""run_id"":""ad9b1add-135e-46c4-af26-ff22a87b6865"",""app_version"":""1.4.0"",""timestamp"":""2026-04-30T11:39:08.1829221Z"",""app_launched_count"":156}",2026-04-30T11:39:08.213428+00:00,ad9b1add-135e-46c4-af26-ff22a87b6865,,
faea971b-6ec1-4044-971b-d78ef3be1150,fdeb7b71-5543-4755-926d-89ed20f4e78a,app_close,2026-04-30 11:39:24.112380,"{""type"":""app_close"",""run_id"":""ad9b1add-135e-46c4-af26-ff22a87b6865"",""reason"":""window_closed"",""app_version"":""1.4.0"",""timestamp"":""2026-04-30T11:39:24.1083986Z""}",2026-04-30T11:39:24.117469+00:00,ad9b1add-135e-46c4-af26-ff22a87b6865,,
74082091-2846-42a1-bd4b-ca74458c6097,fdeb7b71-5543-4755-926d-89ed20f4e78a,app_launch,2026-04-30 11:53:52.708262,"{""type"":""app_launch"",""install_id"":""fdeb7b71-5543-4755-926d-89ed20f4e78a"",""run_id"":""db507158-253d-4b96-934e-4522b48d08ba"",""app_version"":""1.4.0"",""timestamp"":""2026-04-30T11:53:52.7082615Z"",""app_launched_count"":157}",2026-04-30T11:53:52.741483+00:00,db507158-253d-4b96-934e-4522b48d08ba,,
edd252be-1427-4eeb-a0b0-9fec4f237689,fdeb7b71-5543-4755-926d-89ed20f4e78a,app_close,2026-04-30 11:59:42.229348,"{""type"":""app_close"",""run_id"":""db507158-253d-4b96-934e-4522b48d08ba"",""reason"":""window_closed"",""app_version"":""1.4.0"",""timestamp"":""2026-04-30T11:59:42.1818601Z""}",2026-04-30T11:59:42.234176+00:00,db507158-253d-4b96-934e-4522b48d08ba,,
fb8a956c-eb0d-4399-af84-66b367479be6,fdeb7b71-5543-4755-926d-89ed20f4e78a,app_launch,2026-04-30 11:59:52.531995,"{""type"":""app_launch"",""install_id"":""fdeb7b71-5543-4755-926d-89ed20f4e78a"",""run_id"":""b3f3b802-870f-4277-b9f7-7875e62c6940"",""app_version"":""1.4.0"",""timestamp"":""2026-04-30T11:59:52.5319948Z"",""app_launched_count"":158}",2026-04-30T11:59:52.558183+00:00,b3f3b802-870f-4277-b9f7-7875e62c6940,,
4c1413dd-ddc1-41f3-872c-74a36a357092,fdeb7b71-5543-4755-926d-89ed20f4e78a,app_close,2026-04-30 12:00:14.261485,"{""type"":""app_close"",""run_id"":""b3f3b802-870f-4277-b9f7-7875e62c6940"",""reason"":""window_closed"",""app_version"":""1.4.0"",""timestamp"":""2026-04-30T12:00:14.2603567Z""}",2026-04-30T12:00:14.26518+00:00,b3f3b802-870f-4277-b9f7-7875e62c6940,,
eb8dab6a-7d9b-43cf-a159-679b6b8b35e6,fdeb7b71-5543-4755-926d-89ed20f4e78a,app_launch,2026-04-30 12:00:58.548530,"{""type"":""app_launch"",""install_id"":""fdeb7b71-5543-4755-926d-89ed20f4e78a"",""run_id"":""a1ab3d3e-8025-4f1d-b506-18964eb2c884"",""app_version"":""1.4.0"",""timestamp"":""2026-04-30T12:00:58.5485299Z"",""app_launched_count"":159}",2026-04-30T12:00:58.576355+00:00,a1ab3d3e-8025-4f1d-b506-18964eb2c884,,
a987af7a-8390-4d5f-b157-a1671215f214,fdeb7b71-5543-4755-926d-89ed20f4e78a,app_close,2026-04-30 12:02:46.067819,"{""type"":""app_close"",""run_id"":""a1ab3d3e-8025-4f1d-b506-18964eb2c884"",""reason"":""window_closed"",""app_version"":""1.4.0"",""timestamp"":""2026-04-30T12:02:46.0655673Z""}",2026-04-30T12:02:46.073608+00:00,a1ab3d3e-8025-4f1d-b506-18964eb2c884,,
ac1c02c2-833a-48bb-a2e3-1384b9016b63,fdeb7b71-5543-4755-926d-89ed20f4e78a,app_launch,2026-04-30 12:19:24.206735,"{""type"":""app_launch"",""install_id"":""fdeb7b71-5543-4755-926d-89ed20f4e78a"",""run_id"":""a57e44e5-2021-4362-82a7-b8e67ea19a80"",""app_version"":""1.4.0"",""timestamp"":""2026-04-30T12:19:24.2067350Z"",""app_launched_count"":160}",2026-04-30T12:19:24.232791+00:00,a57e44e5-2021-4362-82a7-b8e67ea19a80,,
14e929ea-7e91-4c6e-98ab-33a5d48054df,fdeb7b71-5543-4755-926d-89ed20f4e78a,app_close,2026-04-30 12:19:32.272628,"{""type"":""app_close"",""run_id"":""a57e44e5-2021-4362-82a7-b8e67ea19a80"",""reason"":""window_closed"",""app_version"":""1.4.0"",""timestamp"":""2026-04-30T12:19:32.2677901Z""}",2026-04-30T12:19:32.277502+00:00,a57e44e5-2021-4362-82a7-b8e67ea19a80,,
8ece9e2d-cdc4-4b58-a929-4f0dc2fd69be,fdeb7b71-5543-4755-926d-89ed20f4e78a,app_launch,2026-04-30 12:19:38.113114,"{""type"":""app_launch"",""install_id"":""fdeb7b71-5543-4755-926d-89ed20f4e78a"",""run_id"":""7a8d3c37-33ff-4da9-b875-23e041a089ee"",""app_version"":""1.4.0"",""timestamp"":""2026-04-30T12:19:38.1131144Z"",""app_launched_count"":161}",2026-04-30T12:19:38.14091+00:00,7a8d3c37-33ff-4da9-b875-23e041a089ee,,
24addb28-d390-42cd-88e4-2d7ce21d8875,fdeb7b71-5543-4755-926d-89ed20f4e78a,app_launch,2026-05-01 03:15:51.983717,"{""type"":""app_launch"",""install_id"":""fdeb7b71-5543-4755-926d-89ed20f4e78a"",""run_id"":""7e5047fb-d698-4942-beb2-2919f19a8571"",""app_version"":""1.4.0"",""timestamp"":""2026-05-01T03:15:51.9837172Z"",""app_launched_count"":172}",2026-05-01T03:15:52.005523+00:00,7e5047fb-d698-4942-beb2-2919f19a8571,,
d72362bb-d8b8-47d8-96f6-804f3999d697,03647ad5-77fb-46f2-ad2f-6902982bdf66,app_launch,2026-04-30 15:31:29.657918,"{""type"":""app_launch"",""install_id"":""03647ad5-77fb-46f2-ad2f-6902982bdf66"",""app_version"":""1.3.2"",""timestamp"":""2026-04-30T15:31:29.4784517Z"",""windows_version"":""Microsoft Windows 10.0.26100"",""os_architecture"":""X64"",""dotnet_runtime_version"":"".NET 8.0.26"",""ram_bucket"":""4-8GB"",""cpu_core_bucket"":""3-4 Cores"",""screen_resolution_bucket"":""1024x768"",""build_number"":""1200"",""release_channel"":""production"",""first_run_at"":""2026-04-15T16:02:06.5313419Z"",""last_seen_at"":""2026-04-30T15:31:29.4815179Z"",""days_since_install"":""15"",""days_since_last_seen"":""0"",""country_setting"":""GB"",""currency_setting"":""GBP"",""startup_time_bucket_ms"":""1000-2000"",""feature_flags"":[""new_checkout"",""tax_inclusive""],""last_update_prompt_at"":null,""last_update_installed_at"":null,""crash_count"":0,""internet_status"":true,""app_launched_count"":9}",2026-04-30T15:31:29.673962+00:00,,,
55397fc7-9980-492c-a211-aec86133185e,03647ad5-77fb-46f2-ad2f-6902982bdf66,app_close,2026-04-30 15:58:09.028872,"{""type"":""app_close"",""reason"":""window_closed"",""app_version"":""1.3.2"",""timestamp"":""2026-04-30T15:58:09.0238862Z""}",2026-04-30T15:58:09.0474+00:00,,,
2cfaaa5d-3adb-4fd0-9600-45fbe07c16d4,39983626-22a4-4c1e-b25d-d15a38bf302b,app_launch,2026-04-30 19:06:54.221680,"{""type"":""app_launch"",""install_id"":""39983626-22a4-4c1e-b25d-d15a38bf302b"",""app_version"":""1.3.2"",""timestamp"":""2026-04-30T19:06:54.1140501Z"",""windows_version"":""Microsoft Windows 10.0.26200"",""os_architecture"":""X64"",""dotnet_runtime_version"":"".NET 8.0.26"",""ram_bucket"":""8-16GB"",""cpu_core_bucket"":""9-16 Cores"",""screen_resolution_bucket"":""1920x1080"",""build_number"":""1200"",""release_channel"":""production"",""first_run_at"":""2026-04-21T10:27:54.8270126Z"",""last_seen_at"":""2026-04-30T19:06:54.1172590Z"",""days_since_install"":""9"",""days_since_last_seen"":""0"",""country_setting"":""BE"",""currency_setting"":""EUR"",""startup_time_bucket_ms"":""1000-2000"",""feature_flags"":[""new_checkout"",""tax_inclusive""],""last_update_prompt_at"":null,""last_update_installed_at"":null,""crash_count"":0,""internet_status"":true,""app_launched_count"":2}",2026-04-30T19:06:54.243829+00:00,,,
f3457965-a0bc-4029-8fd1-fd1d5af4a70a,39983626-22a4-4c1e-b25d-d15a38bf302b,app_close,2026-04-30 19:21:32.506174,"{""type"":""app_close"",""reason"":""window_closed"",""app_version"":""1.3.2"",""timestamp"":""2026-04-30T19:21:32.5031531Z""}",2026-04-30T19:21:32.52882+00:00,,,
d2ab0636-877a-4d47-a2c7-117dc76f205a,39983626-22a4-4c1e-b25d-d15a38bf302b,app_launch,2026-04-30 19:29:48.933660,"{""type"":""app_launch"",""install_id"":""39983626-22a4-4c1e-b25d-d15a38bf302b"",""app_version"":""1.3.2"",""timestamp"":""2026-04-30T19:29:48.8306289Z"",""windows_version"":""Microsoft Windows 10.0.26200"",""os_architecture"":""X64"",""dotnet_runtime_version"":"".NET 8.0.26"",""ram_bucket"":""8-16GB"",""cpu_core_bucket"":""9-16 Cores"",""screen_resolution_bucket"":""1920x1080"",""build_number"":""1200"",""release_channel"":""production"",""first_run_at"":""2026-04-21T10:27:54.8270126Z"",""last_seen_at"":""2026-04-30T19:29:48.8312808Z"",""days_since_install"":""9"",""days_since_last_seen"":""0"",""country_setting"":""BE"",""currency_setting"":""EUR"",""startup_time_bucket_ms"":""1000-2000"",""feature_flags"":[""new_checkout"",""tax_inclusive""],""last_update_prompt_at"":null,""last_update_installed_at"":null,""crash_count"":0,""internet_status"":true,""app_launched_count"":3}",2026-04-30T19:29:48.958512+00:00,,,
df109972-f72b-4595-b623-07e3ec9d1e72,39983626-22a4-4c1e-b25d-d15a38bf302b,app_close,2026-04-30 19:40:24.998590,"{""type"":""app_close"",""reason"":""window_closed"",""app_version"":""1.3.2"",""timestamp"":""2026-04-30T19:40:24.9962608Z""}",2026-04-30T19:40:25.026477+00:00,,,
2652b285-23ea-4cd5-ba43-53873776c9b5,39983626-22a4-4c1e-b25d-d15a38bf302b,app_launch,2026-04-30 19:40:31.947375,"{""type"":""app_launch"",""install_id"":""39983626-22a4-4c1e-b25d-d15a38bf302b"",""app_version"":""1.3.2"",""timestamp"":""2026-04-30T19:40:31.7130526Z"",""windows_version"":""Microsoft Windows 10.0.26200"",""os_architecture"":""X64"",""dotnet_runtime_version"":"".NET 8.0.26"",""ram_bucket"":""8-16GB"",""cpu_core_bucket"":""9-16 Cores"",""screen_resolution_bucket"":""1920x1080"",""build_number"":""1200"",""release_channel"":""production"",""first_run_at"":""2026-04-21T10:27:54.8270126Z"",""last_seen_at"":""2026-04-30T19:40:31.7136358Z"",""days_since_install"":""9"",""days_since_last_seen"":""0"",""country_setting"":""BE"",""currency_setting"":""EUR"",""startup_time_bucket_ms"":""1000-2000"",""feature_flags"":[""new_checkout"",""tax_inclusive""],""last_update_prompt_at"":null,""last_update_installed_at"":null,""crash_count"":0,""internet_status"":true,""app_launched_count"":4}",2026-04-30T19:40:31.974393+00:00,,,
2a0a2f55-c594-46f7-a102-3ae0d62e8a3b,39983626-22a4-4c1e-b25d-d15a38bf302b,app_close,2026-04-30 19:40:38.951115,"{""type"":""app_close"",""reason"":""window_closed"",""app_version"":""1.3.2"",""timestamp"":""2026-04-30T19:40:38.9482924Z""}",2026-04-30T19:40:38.961423+00:00,,,
2ab7c625-ca8f-462d-96bd-e07cb27b0942,39983626-22a4-4c1e-b25d-d15a38bf302b,app_launch,2026-04-30 19:42:22.901244,"{""type"":""app_launch"",""install_id"":""39983626-22a4-4c1e-b25d-d15a38bf302b"",""app_version"":""1.3.2"",""timestamp"":""2026-04-30T19:42:22.7086467Z"",""windows_version"":""Microsoft Windows 10.0.26200"",""os_architecture"":""X64"",""dotnet_runtime_version"":"".NET 8.0.26"",""ram_bucket"":""8-16GB"",""cpu_core_bucket"":""9-16 Cores"",""screen_resolution_bucket"":""1920x1080"",""build_number"":""1200"",""release_channel"":""production"",""first_run_at"":""2026-04-21T10:27:54.8270126Z"",""last_seen_at"":""2026-04-30T19:42:22.7094015Z"",""days_since_install"":""9"",""days_since_last_seen"":""0"",""country_setting"":""BE"",""currency_setting"":""EUR"",""startup_time_bucket_ms"":""1000-2000"",""feature_flags"":[""new_checkout"",""tax_inclusive""],""last_update_prompt_at"":null,""last_update_installed_at"":null,""crash_count"":0,""internet_status"":true,""app_launched_count"":5}",2026-04-30T19:42:22.909502+00:00,,,
aba8d9d1-55f4-4710-b000-907ef86518bd,39983626-22a4-4c1e-b25d-d15a38bf302b,app_close,2026-04-30 19:43:17.064621,"{""type"":""app_close"",""reason"":""window_closed"",""app_version"":""1.3.2"",""timestamp"":""2026-04-30T19:43:17.0617721Z""}",2026-04-30T19:43:17.074506+00:00,,,
765954de-9bd5-404f-a358-4b3964011788,39983626-22a4-4c1e-b25d-d15a38bf302b,app_launch,2026-04-30 19:43:20.985971,"{""type"":""app_launch"",""install_id"":""39983626-22a4-4c1e-b25d-d15a38bf302b"",""app_version"":""1.3.2"",""timestamp"":""2026-04-30T19:43:20.8417937Z"",""windows_version"":""Microsoft Windows 10.0.26200"",""os_architecture"":""X64"",""dotnet_runtime_version"":"".NET 8.0.26"",""ram_bucket"":""8-16GB"",""cpu_core_bucket"":""9-16 Cores"",""screen_resolution_bucket"":""1920x1080"",""build_number"":""1200"",""release_channel"":""production"",""first_run_at"":""2026-04-21T10:27:54.8270126Z"",""last_seen_at"":""2026-04-30T19:43:20.8423855Z"",""days_since_install"":""9"",""days_since_last_seen"":""0"",""country_setting"":""BE"",""currency_setting"":""EUR"",""startup_time_bucket_ms"":""1000-2000"",""feature_flags"":[""new_checkout"",""tax_inclusive""],""last_update_prompt_at"":null,""last_update_installed_at"":null,""crash_count"":0,""internet_status"":true,""app_launched_count"":6}",2026-04-30T19:43:21.011207+00:00,,,
8055731c-244b-4fe6-b9dc-4f67d03fb8c1,39983626-22a4-4c1e-b25d-d15a38bf302b,app_launch,2026-04-30 19:46:38.585199,"{""type"":""app_launch"",""install_id"":""39983626-22a4-4c1e-b25d-d15a38bf302b"",""app_version"":""1.3.2"",""timestamp"":""2026-04-30T19:46:38.5043171Z"",""windows_version"":""Microsoft Windows 10.0.26200"",""os_architecture"":""X64"",""dotnet_runtime_version"":"".NET 8.0.26"",""ram_bucket"":""8-16GB"",""cpu_core_bucket"":""9-16 Cores"",""screen_resolution_bucket"":""1920x1080"",""build_number"":""1200"",""release_channel"":""production"",""first_run_at"":""2026-04-21T10:27:54.8270126Z"",""last_seen_at"":""2026-04-30T19:46:38.5048829Z"",""days_since_install"":""9"",""days_since_last_seen"":""0"",""country_setting"":""BE"",""currency_setting"":""EUR"",""startup_time_bucket_ms"":""1000-2000"",""feature_flags"":[""new_checkout"",""tax_inclusive""],""last_update_prompt_at"":null,""last_update_installed_at"":null,""crash_count"":0,""internet_status"":true,""app_launched_count"":7}",2026-04-30T19:46:38.607624+00:00,,,
74367ee5-6096-4f8d-9f0b-dd429f82a7cb,39983626-22a4-4c1e-b25d-d15a38bf302b,app_close,2026-04-30 19:48:43.788709,"{""type"":""app_close"",""reason"":""window_closed"",""app_version"":""1.3.2"",""timestamp"":""2026-04-30T19:48:43.7866272Z""}",2026-04-30T19:48:43.835639+00:00,,,
b1c31c48-8ba4-4904-8685-88e9a5b6e480,fdeb7b71-5543-4755-926d-89ed20f4e78a,DashboardRefreshFailed,2026-05-02 14:26:47.068852,"{""Error"":""The added or subtracted value results in an un-representable DateTime. (Parameter \u0027value\u0027)""}",2026-05-02T14:26:47.075122+00:00,,,
6d74b039-274a-44ba-8a1e-2afc8bcdd413,39983626-22a4-4c1e-b25d-d15a38bf302b,app_launch,2026-04-30 20:06:40.235117,"{""type"":""app_launch"",""install_id"":""39983626-22a4-4c1e-b25d-d15a38bf302b"",""app_version"":""1.3.2"",""timestamp"":""2026-04-30T20:06:39.9956804Z"",""windows_version"":""Microsoft Windows 10.0.26200"",""os_architecture"":""X64"",""dotnet_runtime_version"":"".NET 8.0.26"",""ram_bucket"":""8-16GB"",""cpu_core_bucket"":""9-16 Cores"",""screen_resolution_bucket"":""1920x1080"",""build_number"":""1200"",""release_channel"":""production"",""first_run_at"":""2026-04-21T10:27:54.8270126Z"",""last_seen_at"":""2026-04-30T20:06:39.9966186Z"",""days_since_install"":""9"",""days_since_last_seen"":""0"",""country_setting"":""BE"",""currency_setting"":""EUR"",""startup_time_bucket_ms"":""1000-2000"",""feature_flags"":[""new_checkout"",""tax_inclusive""],""last_update_prompt_at"":null,""last_update_installed_at"":null,""crash_count"":0,""internet_status"":true,""app_launched_count"":8}",2026-04-30T20:06:40.269092+00:00,,,
8ccdd016-79ca-4b70-842e-255786d56bdd,fdeb7b71-5543-4755-926d-89ed20f4e78a,app_launch,2026-04-30 20:24:27.174870,"{""type"":""app_launch"",""install_id"":""fdeb7b71-5543-4755-926d-89ed20f4e78a"",""run_id"":""6092c726-5016-4356-bb90-38718f95383b"",""app_version"":""1.4.0"",""timestamp"":""2026-04-30T20:24:27.1748705Z"",""app_launched_count"":162}",2026-04-30T20:24:27.179908+00:00,6092c726-5016-4356-bb90-38718f95383b,,
2c7dfc25-5d72-494b-99e4-2f07a1a2d77a,fdeb7b71-5543-4755-926d-89ed20f4e78a,unclean_exit,2026-04-30 20:24:27.057905,"{""type"":""unclean_exit"",""run_id"":""7a8d3c37-33ff-4da9-b875-23e041a089ee"",""app_version"":""1.4.0"",""timestamp"":""2026-04-30T20:24:27.0564756Z"",""started_at"":""2026-04-30T12:19:38.1131144Z"",""last_activity_at"":null,""last_activity_source"":null}",2026-04-30T20:24:27.091589+00:00,7a8d3c37-33ff-4da9-b875-23e041a089ee,,
bf538707-0082-4f83-adf3-859d5fabc81a,fdeb7b71-5543-4755-926d-89ed20f4e78a,unclean_exit,2026-04-30 20:44:44.756118,"{""type"":""unclean_exit"",""run_id"":""6092c726-5016-4356-bb90-38718f95383b"",""app_version"":""1.4.0"",""timestamp"":""2026-04-30T20:44:44.7558002Z"",""started_at"":""2026-04-30T20:24:27.1748705Z"",""last_activity_at"":null,""last_activity_source"":null}",2026-04-30T20:44:44.786642+00:00,6092c726-5016-4356-bb90-38718f95383b,,
81070c53-d7c9-4342-aef5-24b7cadafd58,fdeb7b71-5543-4755-926d-89ed20f4e78a,app_launch,2026-04-30 20:44:44.860673,"{""type"":""app_launch"",""install_id"":""fdeb7b71-5543-4755-926d-89ed20f4e78a"",""run_id"":""0c551e82-c5f8-4521-8eff-c4baf7deba9d"",""app_version"":""1.4.0"",""timestamp"":""2026-04-30T20:44:44.8606729Z"",""app_launched_count"":163}",2026-04-30T20:44:44.8654+00:00,0c551e82-c5f8-4521-8eff-c4baf7deba9d,,
5730a878-9afe-416b-8281-6afc7ada8f78,fdeb7b71-5543-4755-926d-89ed20f4e78a,unclean_exit,2026-05-01 02:32:58.924136,"{""type"":""unclean_exit"",""run_id"":""0c551e82-c5f8-4521-8eff-c4baf7deba9d"",""app_version"":""1.4.0"",""timestamp"":""2026-05-01T02:32:58.9238060Z"",""started_at"":""2026-04-30T20:44:44.8606729Z"",""last_activity_at"":null,""last_activity_source"":null}",2026-05-01T02:32:58.960438+00:00,0c551e82-c5f8-4521-8eff-c4baf7deba9d,,
b1e93ff1-7382-47bd-b880-1514845d210f,fdeb7b71-5543-4755-926d-89ed20f4e78a,app_launch,2026-05-01 02:32:59.053621,"{""type"":""app_launch"",""install_id"":""fdeb7b71-5543-4755-926d-89ed20f4e78a"",""run_id"":""1aa59757-2dd1-482d-9df0-f4059157af8e"",""app_version"":""1.4.0"",""timestamp"":""2026-05-01T02:32:59.0536208Z"",""app_launched_count"":164}",2026-05-01T02:32:59.059251+00:00,1aa59757-2dd1-482d-9df0-f4059157af8e,,
021746aa-cdaf-4ac0-bb77-676e595a7a41,fdeb7b71-5543-4755-926d-89ed20f4e78a,unclean_exit,2026-05-01 02:33:34.118816,"{""type"":""unclean_exit"",""run_id"":""1aa59757-2dd1-482d-9df0-f4059157af8e"",""app_version"":""1.4.0"",""timestamp"":""2026-05-01T02:33:34.1183916Z"",""started_at"":""2026-05-01T02:32:59.0536208Z"",""last_activity_at"":null,""last_activity_source"":null}",2026-05-01T02:33:34.161419+00:00,1aa59757-2dd1-482d-9df0-f4059157af8e,,
f7b39428-5633-4dca-9b6b-ed24323ca8e2,fdeb7b71-5543-4755-926d-89ed20f4e78a,app_launch,2026-05-01 02:33:34.154596,"{""type"":""app_launch"",""install_id"":""fdeb7b71-5543-4755-926d-89ed20f4e78a"",""run_id"":""db6e4014-bb04-4d4a-b3b5-ff8323ae8e47"",""app_version"":""1.4.0"",""timestamp"":""2026-05-01T02:33:34.1545963Z"",""app_launched_count"":165}",2026-05-01T02:33:34.330811+00:00,db6e4014-bb04-4d4a-b3b5-ff8323ae8e47,,
2c548c3b-a596-40a9-992e-60981b62e35b,fdeb7b71-5543-4755-926d-89ed20f4e78a,crash_feedback,2026-05-01 02:33:41.590066,"{""category"":""startup"",""details"":""""}",2026-05-01T02:33:41.603071+00:00,,,
22e17e06-9cce-4538-aeb2-cc326c158ee5,fdeb7b71-5543-4755-926d-89ed20f4e78a,unclean_exit,2026-05-01 02:44:22.306912,"{""type"":""unclean_exit"",""run_id"":""db6e4014-bb04-4d4a-b3b5-ff8323ae8e47"",""app_version"":""1.4.0"",""timestamp"":""2026-05-01T02:44:22.3064274Z"",""started_at"":""2026-05-01T02:33:34.1545963Z"",""last_activity_at"":null,""last_activity_source"":null}",2026-05-01T02:44:22.349574+00:00,db6e4014-bb04-4d4a-b3b5-ff8323ae8e47,,
ff697ad2-c676-49e5-b9e4-1004a0cee55e,fdeb7b71-5543-4755-926d-89ed20f4e78a,app_launch,2026-05-01 02:44:22.494677,"{""type"":""app_launch"",""install_id"":""fdeb7b71-5543-4755-926d-89ed20f4e78a"",""run_id"":""7918daf1-ae69-4e4b-beb4-6094426dc902"",""app_version"":""1.4.0"",""timestamp"":""2026-05-01T02:44:22.4946772Z"",""app_launched_count"":166}",2026-05-01T02:44:22.558736+00:00,7918daf1-ae69-4e4b-beb4-6094426dc902,,
a840b5ca-33eb-42db-8473-999081a5b11d,fdeb7b71-5543-4755-926d-89ed20f4e78a,unclean_exit,2026-05-01 03:09:00.299198,"{""type"":""unclean_exit"",""run_id"":""7918daf1-ae69-4e4b-beb4-6094426dc902"",""app_version"":""1.4.0"",""timestamp"":""2026-05-01T03:09:00.2987639Z"",""started_at"":""2026-05-01T02:44:22.4946772Z"",""last_activity_at"":null,""last_activity_source"":null}",2026-05-01T03:09:00.345977+00:00,7918daf1-ae69-4e4b-beb4-6094426dc902,,
c9afd245-c60f-47b4-802b-2c8ec7dc6b58,fdeb7b71-5543-4755-926d-89ed20f4e78a,app_launch,2026-05-01 03:09:00.470016,"{""type"":""app_launch"",""install_id"":""fdeb7b71-5543-4755-926d-89ed20f4e78a"",""run_id"":""c3551f1d-e0e2-409e-a1d3-c2c0c0ed770d"",""app_version"":""1.4.0"",""timestamp"":""2026-05-01T03:09:00.4700162Z"",""app_launched_count"":167}",2026-05-01T03:09:00.480436+00:00,c3551f1d-e0e2-409e-a1d3-c2c0c0ed770d,,
fe670b8b-40d0-4868-917d-8c72bb639e64,fdeb7b71-5543-4755-926d-89ed20f4e78a,app_close,2026-05-01 03:09:35.879875,"{""type"":""app_close"",""run_id"":""c3551f1d-e0e2-409e-a1d3-c2c0c0ed770d"",""reason"":""window_closed"",""app_version"":""1.4.0"",""timestamp"":""2026-05-01T03:09:35.8743879Z""}",2026-05-01T03:09:35.88572+00:00,c3551f1d-e0e2-409e-a1d3-c2c0c0ed770d,,
cb3af8d9-f759-45ab-8095-2156e429c361,fdeb7b71-5543-4755-926d-89ed20f4e78a,app_launch,2026-05-01 03:09:38.143253,"{""type"":""app_launch"",""install_id"":""fdeb7b71-5543-4755-926d-89ed20f4e78a"",""run_id"":""3eb288e8-fe22-4593-aab7-49da9984ac9d"",""app_version"":""1.4.0"",""timestamp"":""2026-05-01T03:09:38.1432532Z"",""app_launched_count"":168}",2026-05-01T03:09:38.168914+00:00,3eb288e8-fe22-4593-aab7-49da9984ac9d,,
38c9d612-a8c5-4fe6-ad66-d823bed1cfdc,fdeb7b71-5543-4755-926d-89ed20f4e78a,app_close,2026-05-01 03:10:07.805767,"{""type"":""app_close"",""run_id"":""3eb288e8-fe22-4593-aab7-49da9984ac9d"",""reason"":""window_closed"",""app_version"":""1.4.0"",""timestamp"":""2026-05-01T03:10:07.8043994Z""}",2026-05-01T03:10:07.811068+00:00,3eb288e8-fe22-4593-aab7-49da9984ac9d,,
f9a6a55b-815e-46d9-908e-abe95ac38922,fdeb7b71-5543-4755-926d-89ed20f4e78a,app_launch,2026-05-01 03:10:09.890212,"{""type"":""app_launch"",""install_id"":""fdeb7b71-5543-4755-926d-89ed20f4e78a"",""run_id"":""872588d0-d02d-4045-9952-bd743d7fa3ea"",""app_version"":""1.4.0"",""timestamp"":""2026-05-01T03:10:09.8902119Z"",""app_launched_count"":169}",2026-05-01T03:10:09.915055+00:00,872588d0-d02d-4045-9952-bd743d7fa3ea,,
83da9df2-11ca-40af-a465-dd59c6422ea8,fdeb7b71-5543-4755-926d-89ed20f4e78a,app_close,2026-05-01 03:10:13.963924,"{""type"":""app_close"",""run_id"":""872588d0-d02d-4045-9952-bd743d7fa3ea"",""reason"":""window_closed"",""app_version"":""1.4.0"",""timestamp"":""2026-05-01T03:10:13.9626600Z""}",2026-05-01T03:10:13.967502+00:00,872588d0-d02d-4045-9952-bd743d7fa3ea,,
a2f66949-fbdf-4448-9082-4d8807fb4bd2,fdeb7b71-5543-4755-926d-89ed20f4e78a,app_launch,2026-05-01 03:13:02.554734,"{""type"":""app_launch"",""install_id"":""fdeb7b71-5543-4755-926d-89ed20f4e78a"",""run_id"":""2f36e9ef-6435-4f5a-847c-80f3a9e08fe7"",""app_version"":""1.4.0"",""timestamp"":""2026-05-01T03:13:02.5547337Z"",""app_launched_count"":170}",2026-05-01T03:13:02.580052+00:00,2f36e9ef-6435-4f5a-847c-80f3a9e08fe7,,
89c0eb5a-46b7-4b12-806f-ef8f2b9f480b,fdeb7b71-5543-4755-926d-89ed20f4e78a,app_close,2026-05-01 03:14:26.506100,"{""type"":""app_close"",""run_id"":""2f36e9ef-6435-4f5a-847c-80f3a9e08fe7"",""reason"":""window_closed"",""app_version"":""1.4.0"",""timestamp"":""2026-05-01T03:14:26.5017789Z""}",2026-05-01T03:14:26.511054+00:00,2f36e9ef-6435-4f5a-847c-80f3a9e08fe7,,
71afef2f-2a25-4b25-9cc2-9d2ed28e1bcb,fdeb7b71-5543-4755-926d-89ed20f4e78a,app_launch,2026-05-01 03:14:28.623376,"{""type"":""app_launch"",""install_id"":""fdeb7b71-5543-4755-926d-89ed20f4e78a"",""run_id"":""ca4a9001-7e9a-4185-bc39-ceec68812611"",""app_version"":""1.4.0"",""timestamp"":""2026-05-01T03:14:28.6233755Z"",""app_launched_count"":171}",2026-05-01T03:14:28.651188+00:00,ca4a9001-7e9a-4185-bc39-ceec68812611,,
a92596e8-7a25-4b84-a54c-a78c5768d404,39983626-22a4-4c1e-b25d-d15a38bf302b,app_launch,2026-05-01 05:08:13.825343,"{""type"":""app_launch"",""install_id"":""39983626-22a4-4c1e-b25d-d15a38bf302b"",""app_version"":""1.3.2"",""timestamp"":""2026-05-01T05:08:13.7381966Z"",""windows_version"":""Microsoft Windows 10.0.26200"",""os_architecture"":""X64"",""dotnet_runtime_version"":"".NET 8.0.26"",""ram_bucket"":""8-16GB"",""cpu_core_bucket"":""9-16 Cores"",""screen_resolution_bucket"":""1920x1080"",""build_number"":""1200"",""release_channel"":""production"",""first_run_at"":""2026-04-21T10:27:54.8270126Z"",""last_seen_at"":""2026-05-01T05:08:13.7387789Z"",""days_since_install"":""10"",""days_since_last_seen"":""0"",""country_setting"":""BE"",""currency_setting"":""EUR"",""startup_time_bucket_ms"":""1000-2000"",""feature_flags"":[""new_checkout"",""tax_inclusive""],""last_update_prompt_at"":null,""last_update_installed_at"":null,""crash_count"":0,""internet_status"":true,""app_launched_count"":9}",2026-05-01T05:08:13.846743+00:00,,,
8b68fefe-60e8-485e-89f1-03076bf28d23,39983626-22a4-4c1e-b25d-d15a38bf302b,app_launch,2026-05-01 05:25:26.260840,"{""type"":""app_launch"",""install_id"":""39983626-22a4-4c1e-b25d-d15a38bf302b"",""app_version"":""1.3.2"",""timestamp"":""2026-05-01T05:25:26.1150477Z"",""windows_version"":""Microsoft Windows 10.0.26200"",""os_architecture"":""X64"",""dotnet_runtime_version"":"".NET 8.0.26"",""ram_bucket"":""8-16GB"",""cpu_core_bucket"":""9-16 Cores"",""screen_resolution_bucket"":""1920x1080"",""build_number"":""1200"",""release_channel"":""production"",""first_run_at"":""2026-04-21T10:27:54.8270126Z"",""last_seen_at"":""2026-05-01T05:25:26.1156283Z"",""days_since_install"":""10"",""days_since_last_seen"":""0"",""country_setting"":""BE"",""currency_setting"":""EUR"",""startup_time_bucket_ms"":""1000-2000"",""feature_flags"":[""new_checkout"",""tax_inclusive""],""last_update_prompt_at"":null,""last_update_installed_at"":null,""crash_count"":1,""internet_status"":true,""app_launched_count"":10}",2026-05-01T05:25:26.284248+00:00,,,
30edfd2c-6afc-45cd-b7c9-737fe02bc507,39983626-22a4-4c1e-b25d-d15a38bf302b,app_close,2026-05-01 05:25:32.428491,"{""type"":""app_close"",""reason"":""window_closed"",""app_version"":""1.3.2"",""timestamp"":""2026-05-01T05:25:32.4262168Z""}",2026-05-01T05:25:32.452049+00:00,,,
e4d364df-5527-4e8b-ab80-ce4b69bb9bd5,fdeb7b71-5543-4755-926d-89ed20f4e78a,app_close,2026-05-01 03:16:15.253682,"{""type"":""app_close"",""run_id"":""7e5047fb-d698-4942-beb2-2919f19a8571"",""reason"":""window_closed"",""app_version"":""1.4.0"",""timestamp"":""2026-05-01T03:16:15.2526053Z""}",2026-05-01T03:16:15.257777+00:00,7e5047fb-d698-4942-beb2-2919f19a8571,,
2186c6b9-9a9c-4489-942e-074e742221f1,fdeb7b71-5543-4755-926d-89ed20f4e78a,app_launch,2026-05-01 07:12:09.160048,"{""type"":""app_launch"",""install_id"":""fdeb7b71-5543-4755-926d-89ed20f4e78a"",""run_id"":""0dd9714b-7d58-4f4f-8e3a-1ff270d54879"",""app_version"":""1.4.0"",""timestamp"":""2026-05-01T07:12:09.1600480Z"",""app_launched_count"":173}",2026-05-01T07:12:09.192656+00:00,0dd9714b-7d58-4f4f-8e3a-1ff270d54879,,
7618c471-c237-4531-b266-545ac509f933,fdeb7b71-5543-4755-926d-89ed20f4e78a,app_close,2026-05-01 07:27:24.788260,"{""type"":""app_close"",""run_id"":""0dd9714b-7d58-4f4f-8e3a-1ff270d54879"",""reason"":""window_closed"",""app_version"":""1.4.0"",""timestamp"":""2026-05-01T07:27:24.7494552Z""}",2026-05-01T07:27:24.793627+00:00,0dd9714b-7d58-4f4f-8e3a-1ff270d54879,,
31b79ff5-82bc-4565-b76f-9840c1ec2c70,fdeb7b71-5543-4755-926d-89ed20f4e78a,app_launch,2026-05-01 07:27:26.853240,"{""type"":""app_launch"",""install_id"":""fdeb7b71-5543-4755-926d-89ed20f4e78a"",""run_id"":""724f71bd-345f-4a15-96e0-eafbd2b7d7ba"",""app_version"":""1.4.0"",""timestamp"":""2026-05-01T07:27:26.8532398Z"",""app_launched_count"":174}",2026-05-01T07:27:26.873307+00:00,724f71bd-345f-4a15-96e0-eafbd2b7d7ba,,
9948a46a-e4d2-4d73-9efb-2a36b9f2f0a7,fdeb7b71-5543-4755-926d-89ed20f4e78a,app_close,2026-05-01 08:02:09.852073,"{""type"":""app_close"",""run_id"":""724f71bd-345f-4a15-96e0-eafbd2b7d7ba"",""reason"":""window_closed"",""app_version"":""1.4.0"",""timestamp"":""2026-05-01T08:02:09.8507744Z""}",2026-05-01T08:02:09.85765+00:00,724f71bd-345f-4a15-96e0-eafbd2b7d7ba,,
444505e2-9019-431f-955f-d4101fef4af6,fdeb7b71-5543-4755-926d-89ed20f4e78a,app_launch,2026-05-01 08:02:29.014882,"{""type"":""app_launch"",""install_id"":""fdeb7b71-5543-4755-926d-89ed20f4e78a"",""run_id"":""6f656fd5-26fa-4987-b3a2-f41a56093991"",""app_version"":""1.4.0"",""timestamp"":""2026-05-01T08:02:29.0148816Z"",""app_launched_count"":175}",2026-05-01T08:02:29.039407+00:00,6f656fd5-26fa-4987-b3a2-f41a56093991,,
dbf9fc22-4dec-4f25-84a0-a2d6310ede7a,fdeb7b71-5543-4755-926d-89ed20f4e78a,app_close,2026-05-01 08:06:01.438479,"{""type"":""app_close"",""run_id"":""6f656fd5-26fa-4987-b3a2-f41a56093991"",""reason"":""window_closed"",""app_version"":""1.4.0"",""timestamp"":""2026-05-01T08:06:01.4366149Z""}",2026-05-01T08:06:01.444336+00:00,6f656fd5-26fa-4987-b3a2-f41a56093991,,
037268cc-2098-423d-b8be-577eb5301feb,fdeb7b71-5543-4755-926d-89ed20f4e78a,app_launch,2026-05-01 08:16:11.830490,"{""type"":""app_launch"",""install_id"":""fdeb7b71-5543-4755-926d-89ed20f4e78a"",""run_id"":""81e6624e-f5e3-4c02-839c-1c008da21fdb"",""app_version"":""1.4.0"",""timestamp"":""2026-05-01T08:16:11.8304904Z"",""app_launched_count"":176}",2026-05-01T08:16:11.8786+00:00,81e6624e-f5e3-4c02-839c-1c008da21fdb,,
aec4819a-8d04-48b8-9ce1-9a11b0aaf402,f6f42705-1953-4bec-a294-e4a8668a1868,app_launch,2026-05-01 13:02:11.650486,"{""type"":""app_launch"",""install_id"":""f6f42705-1953-4bec-a294-e4a8668a1868"",""run_id"":""1524ebce-5c34-438d-9a56-53b373911795"",""app_version"":""1.4.0"",""timestamp"":""2026-05-01T13:02:11.6504864Z"",""app_launched_count"":7}",2026-05-01T13:02:11.672994+00:00,1524ebce-5c34-438d-9a56-53b373911795,,
8759814d-3ca1-40b5-aa7b-a0bd3c88f458,f6f42705-1953-4bec-a294-e4a8668a1868,unclean_exit,2026-05-01 13:03:52.209938,"{""type"":""unclean_exit"",""run_id"":""1524ebce-5c34-438d-9a56-53b373911795"",""app_version"":""1.4.0"",""timestamp"":""2026-05-01T13:03:52.2097901Z"",""started_at"":""2026-05-01T14:02:11.6504864\u002B01:00"",""last_activity_at"":null,""last_activity_source"":null}",2026-05-01T13:03:52.236039+00:00,1524ebce-5c34-438d-9a56-53b373911795,,
725e4177-7369-4957-aca3-91a18de3602e,f6f42705-1953-4bec-a294-e4a8668a1868,app_launch,2026-05-01 13:03:52.272707,"{""type"":""app_launch"",""install_id"":""f6f42705-1953-4bec-a294-e4a8668a1868"",""run_id"":""1eb59aff-657e-4a74-b7e4-f3177ed3067f"",""app_version"":""1.4.0"",""timestamp"":""2026-05-01T13:03:52.2727072Z"",""app_launched_count"":8}",2026-05-01T13:03:52.276674+00:00,1eb59aff-657e-4a74-b7e4-f3177ed3067f,,
793f553f-8abe-4ba3-8662-aae446658e1e,f6f42705-1953-4bec-a294-e4a8668a1868,unclean_exit,2026-05-01 13:07:39.585072,"{""type"":""unclean_exit"",""run_id"":""1eb59aff-657e-4a74-b7e4-f3177ed3067f"",""app_version"":""1.4.0"",""timestamp"":""2026-05-01T13:07:39.5848566Z"",""started_at"":""2026-05-01T14:03:52.2727072\u002B01:00"",""last_activity_at"":null,""last_activity_source"":null}",2026-05-01T13:07:39.616217+00:00,1eb59aff-657e-4a74-b7e4-f3177ed3067f,,
43d0632c-5fe2-44fd-bd16-6c583b1da343,f6f42705-1953-4bec-a294-e4a8668a1868,app_launch,2026-05-01 13:07:39.676741,"{""type"":""app_launch"",""install_id"":""f6f42705-1953-4bec-a294-e4a8668a1868"",""run_id"":""6153ffc9-de20-4367-8ef4-e9e7bb987277"",""app_version"":""1.4.0"",""timestamp"":""2026-05-01T13:07:39.6767413Z"",""app_launched_count"":9}",2026-05-01T13:07:39.681141+00:00,6153ffc9-de20-4367-8ef4-e9e7bb987277,,
3798c558-678b-406a-be47-6e0422e7e7e3,f6f42705-1953-4bec-a294-e4a8668a1868,unclean_exit,2026-05-01 13:14:17.936144,"{""type"":""unclean_exit"",""run_id"":""6153ffc9-de20-4367-8ef4-e9e7bb987277"",""app_version"":""1.4.0"",""timestamp"":""2026-05-01T13:14:17.9358057Z"",""started_at"":""2026-05-01T14:07:39.6767413\u002B01:00"",""last_activity_at"":null,""last_activity_source"":null}",2026-05-01T13:14:17.96731+00:00,6153ffc9-de20-4367-8ef4-e9e7bb987277,,
1bbf79d9-6921-45e5-abf1-aa48a8aaa347,f6f42705-1953-4bec-a294-e4a8668a1868,app_launch,2026-05-01 13:14:18.016556,"{""type"":""app_launch"",""install_id"":""f6f42705-1953-4bec-a294-e4a8668a1868"",""run_id"":""4aff4350-deef-487c-bb01-321c860df898"",""app_version"":""1.4.0"",""timestamp"":""2026-05-01T13:14:18.0165558Z"",""app_launched_count"":10}",2026-05-01T13:14:18.024784+00:00,4aff4350-deef-487c-bb01-321c860df898,,
d1df4ffa-4a67-480c-a76b-1d8af2272452,f6f42705-1953-4bec-a294-e4a8668a1868,unclean_exit,2026-05-01 13:17:28.465164,"{""type"":""unclean_exit"",""run_id"":""4aff4350-deef-487c-bb01-321c860df898"",""app_version"":""1.4.0"",""timestamp"":""2026-05-01T13:17:28.4649816Z"",""started_at"":""2026-05-01T14:14:18.0165558\u002B01:00"",""last_activity_at"":null,""last_activity_source"":null}",2026-05-01T13:17:28.490262+00:00,4aff4350-deef-487c-bb01-321c860df898,,
ac1f9b75-dc62-44b9-975c-e6ab93d2e007,f6f42705-1953-4bec-a294-e4a8668a1868,app_launch,2026-05-01 13:17:28.539539,"{""type"":""app_launch"",""install_id"":""f6f42705-1953-4bec-a294-e4a8668a1868"",""run_id"":""e8098151-a0ce-4248-af7e-b8d2cf2c9d0b"",""app_version"":""1.4.0"",""timestamp"":""2026-05-01T13:17:28.5395394Z"",""app_launched_count"":11}",2026-05-01T13:17:28.550385+00:00,e8098151-a0ce-4248-af7e-b8d2cf2c9d0b,,
b9aa2ec5-90e8-4a54-843b-6b206d050948,0ac90631-46f1-4112-a678-025ec614e9b3,app_launch,2026-05-01 13:21:19.835098,"{""type"":""app_launch"",""install_id"":""0ac90631-46f1-4112-a678-025ec614e9b3"",""run_id"":""8a089b00-ae81-444c-9f76-3bba38209dae"",""app_version"":""1.4.0"",""timestamp"":""2026-05-01T13:21:19.8350978Z"",""app_launched_count"":2}",2026-05-01T13:21:19.855568+00:00,8a089b00-ae81-444c-9f76-3bba38209dae,,
481e96bc-6d5b-4524-bbdb-67214d0cbb75,0ac90631-46f1-4112-a678-025ec614e9b3,app_launch,2026-05-01 13:20:39.994563,"{""type"":""app_launch"",""install_id"":""0ac90631-46f1-4112-a678-025ec614e9b3"",""run_id"":""19ba0004-2ea9-4300-a6f6-aa41b3bbdaf4"",""app_version"":""1.4.0"",""timestamp"":""2026-05-01T13:20:39.9945628Z"",""app_launched_count"":1}",2026-05-01T13:20:40.000921+00:00,19ba0004-2ea9-4300-a6f6-aa41b3bbdaf4,,
eac0659f-1ed7-4870-bd4c-c90c5624a006,0ac90631-46f1-4112-a678-025ec614e9b3,app_close,2026-05-01 13:23:29.250474,"{""type"":""app_close"",""run_id"":""8a089b00-ae81-444c-9f76-3bba38209dae"",""reason"":""window_closed"",""app_version"":""1.4.0"",""timestamp"":""2026-05-01T13:23:29.2472687Z""}",2026-05-01T13:23:29.2696+00:00,8a089b00-ae81-444c-9f76-3bba38209dae,,
28c9d679-2bb9-44c0-a470-a9f13ac0df63,0ac90631-46f1-4112-a678-025ec614e9b3,app_launch,2026-05-01 13:23:31.854224,"{""type"":""app_launch"",""install_id"":""0ac90631-46f1-4112-a678-025ec614e9b3"",""run_id"":""f87fa1df-e288-4fc7-9372-648724d9827e"",""app_version"":""1.4.0"",""timestamp"":""2026-05-01T13:23:31.8542240Z"",""app_launched_count"":3}",2026-05-01T13:23:31.87671+00:00,f87fa1df-e288-4fc7-9372-648724d9827e,,
dda2946b-00e7-4547-baa1-6866cc2fa6fd,0ac90631-46f1-4112-a678-025ec614e9b3,app_close,2026-05-01 13:42:48.865195,"{""type"":""app_close"",""run_id"":""f87fa1df-e288-4fc7-9372-648724d9827e"",""reason"":""window_closed"",""app_version"":""1.4.0"",""timestamp"":""2026-05-01T13:42:48.8615207Z""}",2026-05-01T13:42:48.86979+00:00,f87fa1df-e288-4fc7-9372-648724d9827e,,
d183b39a-eb49-4630-bd40-eb5c81fc613f,0ac90631-46f1-4112-a678-025ec614e9b3,app_launch,2026-05-01 13:43:46.677766,"{""type"":""app_launch"",""install_id"":""0ac90631-46f1-4112-a678-025ec614e9b3"",""run_id"":""c08d69de-a442-4fa0-a743-576149a5da31"",""app_version"":""1.4.0"",""timestamp"":""2026-05-01T13:43:46.6777663Z"",""app_launched_count"":4}",2026-05-01T13:43:46.685928+00:00,c08d69de-a442-4fa0-a743-576149a5da31,,
7c234cae-d702-4ea3-8334-c269cd2833ce,0ac90631-46f1-4112-a678-025ec614e9b3,unclean_exit,2026-05-01 14:02:49.303553,"{""type"":""unclean_exit"",""run_id"":""c08d69de-a442-4fa0-a743-576149a5da31"",""app_version"":""1.4.0"",""timestamp"":""2026-05-01T14:02:49.3034782Z"",""started_at"":""2026-05-01T15:43:46.6777663\u002B02:00"",""last_activity_at"":null,""last_activity_source"":null}",2026-05-01T14:02:49.313141+00:00,c08d69de-a442-4fa0-a743-576149a5da31,,
7a733a1b-1631-42e3-b699-07fe9101ae8d,0ac90631-46f1-4112-a678-025ec614e9b3,app_launch,2026-05-01 14:02:49.311209,"{""type"":""app_launch"",""install_id"":""0ac90631-46f1-4112-a678-025ec614e9b3"",""run_id"":""35ce2165-9a21-46b1-96a6-a5c02cce4e16"",""app_version"":""1.4.0"",""timestamp"":""2026-05-01T14:02:49.3112087Z"",""app_launched_count"":5}",2026-05-01T14:02:49.467762+00:00,35ce2165-9a21-46b1-96a6-a5c02cce4e16,,
1e76754f-384e-4023-aa84-a19f449ec30d,0ac90631-46f1-4112-a678-025ec614e9b3,unclean_exit,2026-05-01 14:03:08.455615,"{""type"":""unclean_exit"",""run_id"":""35ce2165-9a21-46b1-96a6-a5c02cce4e16"",""app_version"":""1.4.0"",""timestamp"":""2026-05-01T14:03:08.4555072Z"",""started_at"":""2026-05-01T16:02:49.3112087\u002B02:00"",""last_activity_at"":null,""last_activity_source"":null}",2026-05-01T14:03:08.465299+00:00,35ce2165-9a21-46b1-96a6-a5c02cce4e16,,
3f022a95-0647-4bc0-935c-0a3cdd58c261,0ac90631-46f1-4112-a678-025ec614e9b3,app_launch,2026-05-01 14:03:08.464391,"{""type"":""app_launch"",""install_id"":""0ac90631-46f1-4112-a678-025ec614e9b3"",""run_id"":""58265bff-e281-4452-8fd1-2c97073b198e"",""app_version"":""1.4.0"",""timestamp"":""2026-05-01T14:03:08.4643907Z"",""app_launched_count"":6}",2026-05-01T14:03:08.618668+00:00,58265bff-e281-4452-8fd1-2c97073b198e,,
d0e23c0d-d879-4356-b87f-e2b003a11a40,0ac90631-46f1-4112-a678-025ec614e9b3,unclean_exit,2026-05-01 14:03:27.998090,"{""type"":""unclean_exit"",""run_id"":""58265bff-e281-4452-8fd1-2c97073b198e"",""app_version"":""1.4.0"",""timestamp"":""2026-05-01T14:03:27.9980166Z"",""started_at"":""2026-05-01T16:03:08.4643907\u002B02:00"",""last_activity_at"":null,""last_activity_source"":null}",2026-05-01T14:03:28.008154+00:00,58265bff-e281-4452-8fd1-2c97073b198e,,
4469cb73-daf2-4887-ade6-b1bd41c11ac1,0ac90631-46f1-4112-a678-025ec614e9b3,app_launch,2026-05-01 14:03:28.005115,"{""type"":""app_launch"",""install_id"":""0ac90631-46f1-4112-a678-025ec614e9b3"",""run_id"":""9a892707-4598-432e-8642-b40c759e488c"",""app_version"":""1.4.0"",""timestamp"":""2026-05-01T14:03:28.0051153Z"",""app_launched_count"":7}",2026-05-01T14:03:28.16303+00:00,9a892707-4598-432e-8642-b40c759e488c,,
74399535-b224-4e2e-adb5-511f5c436ca5,0ac90631-46f1-4112-a678-025ec614e9b3,unclean_exit,2026-05-01 14:03:48.755734,"{""type"":""unclean_exit"",""run_id"":""9a892707-4598-432e-8642-b40c759e488c"",""app_version"":""1.4.0"",""timestamp"":""2026-05-01T14:03:48.7556436Z"",""started_at"":""2026-05-01T16:03:28.0051153\u002B02:00"",""last_activity_at"":null,""last_activity_source"":null}",2026-05-01T14:03:48.763757+00:00,9a892707-4598-432e-8642-b40c759e488c,,
183e289e-71aa-4d33-bf73-063ec5e21475,0ac90631-46f1-4112-a678-025ec614e9b3,app_launch,2026-05-01 14:03:48.798994,"{""type"":""app_launch"",""install_id"":""0ac90631-46f1-4112-a678-025ec614e9b3"",""run_id"":""a3ee4014-cc8e-4d61-942d-84e0a537b8a0"",""app_version"":""1.4.0"",""timestamp"":""2026-05-01T14:03:48.7989939Z"",""app_launched_count"":8}",2026-05-01T14:03:48.800934+00:00,a3ee4014-cc8e-4d61-942d-84e0a537b8a0,,
e10c7f91-7c08-4c52-aed1-59d060451927,0ac90631-46f1-4112-a678-025ec614e9b3,unclean_exit,2026-05-01 14:04:14.196148,"{""type"":""unclean_exit"",""run_id"":""a3ee4014-cc8e-4d61-942d-84e0a537b8a0"",""app_version"":""1.4.0"",""timestamp"":""2026-05-01T14:04:14.1960389Z"",""started_at"":""2026-05-01T16:03:48.7989939\u002B02:00"",""last_activity_at"":null,""last_activity_source"":null}",2026-05-01T14:04:14.205426+00:00,a3ee4014-cc8e-4d61-942d-84e0a537b8a0,,
e740eca8-53fe-4c31-ba3d-470321cce736,0ac90631-46f1-4112-a678-025ec614e9b3,app_launch,2026-05-01 14:04:14.203808,"{""type"":""app_launch"",""install_id"":""0ac90631-46f1-4112-a678-025ec614e9b3"",""run_id"":""77709f68-5fff-4216-b51b-3052633e64c3"",""app_version"":""1.4.0"",""timestamp"":""2026-05-01T14:04:14.2038075Z"",""app_launched_count"":9}",2026-05-01T14:04:14.365412+00:00,77709f68-5fff-4216-b51b-3052633e64c3,,
dbdab7e7-89b0-42a9-b072-62b611c68346,0ac90631-46f1-4112-a678-025ec614e9b3,unclean_exit,2026-05-01 14:05:44.303819,"{""type"":""unclean_exit"",""run_id"":""77709f68-5fff-4216-b51b-3052633e64c3"",""app_version"":""1.4.0"",""timestamp"":""2026-05-01T14:05:44.3037201Z"",""started_at"":""2026-05-01T16:04:14.2038075\u002B02:00"",""last_activity_at"":null,""last_activity_source"":null}",2026-05-01T14:05:44.312603+00:00,77709f68-5fff-4216-b51b-3052633e64c3,,
7ad6835d-2686-458e-ba51-9970e009f724,0ac90631-46f1-4112-a678-025ec614e9b3,app_launch,2026-05-01 14:05:44.312869,"{""type"":""app_launch"",""install_id"":""0ac90631-46f1-4112-a678-025ec614e9b3"",""run_id"":""a79a35b8-806c-4eec-86a1-134d62b1e926"",""app_version"":""1.4.0"",""timestamp"":""2026-05-01T14:05:44.3128692Z"",""app_launched_count"":10}",2026-05-01T14:05:44.477017+00:00,a79a35b8-806c-4eec-86a1-134d62b1e926,,
26885359-1150-402a-a0da-4b8d73844d2f,0ac90631-46f1-4112-a678-025ec614e9b3,app_close,2026-05-01 14:05:47.630928,"{""type"":""app_close"",""run_id"":""a79a35b8-806c-4eec-86a1-134d62b1e926"",""reason"":""window_closed"",""app_version"":""1.4.0"",""timestamp"":""2026-05-01T14:05:47.6277683Z""}",2026-05-01T14:05:47.63478+00:00,a79a35b8-806c-4eec-86a1-134d62b1e926,,
d5c6fdd8-9857-4638-bd74-21a621740a7e,0ac90631-46f1-4112-a678-025ec614e9b3,app_launch,2026-05-01 14:26:22.660076,"{""type"":""app_launch"",""install_id"":""0ac90631-46f1-4112-a678-025ec614e9b3"",""run_id"":""ff92f569-13a9-4e1b-b1f1-ed85353a637c"",""app_version"":""1.4.0"",""timestamp"":""2026-05-01T14:26:22.6600765Z"",""app_launched_count"":11}",2026-05-01T14:26:22.670028+00:00,ff92f569-13a9-4e1b-b1f1-ed85353a637c,,
5371356f-56f2-466a-925c-3c5aade3b491,0ac90631-46f1-4112-a678-025ec614e9b3,unclean_exit,2026-05-01 14:26:38.264513,"{""type"":""unclean_exit"",""run_id"":""ff92f569-13a9-4e1b-b1f1-ed85353a637c"",""app_version"":""1.4.0"",""timestamp"":""2026-05-01T14:26:38.2641970Z"",""started_at"":""2026-05-01T16:26:22.6600765\u002B02:00"",""last_activity_at"":null,""last_activity_source"":null}",2026-05-01T14:26:38.274763+00:00,ff92f569-13a9-4e1b-b1f1-ed85353a637c,,
52e6f204-a95c-4a9c-8489-e687d3f4b2a4,0ac90631-46f1-4112-a678-025ec614e9b3,app_launch,2026-05-01 14:26:38.272871,"{""type"":""app_launch"",""install_id"":""0ac90631-46f1-4112-a678-025ec614e9b3"",""run_id"":""b8a18a25-65e5-4543-b5c3-e72ca2654654"",""app_version"":""1.4.0"",""timestamp"":""2026-05-01T14:26:38.2728709Z"",""app_launched_count"":12}",2026-05-01T14:26:38.437234+00:00,b8a18a25-65e5-4543-b5c3-e72ca2654654,,
7e7aac38-eb56-4810-a438-2f8fff4f357d,fdeb7b71-5543-4755-926d-89ed20f4e78a,DashboardRefreshFailed,2026-05-02 13:42:58.316157,"{""Error"":""The added or subtracted value results in an un-representable DateTime. (Parameter \u0027value\u0027)""}",2026-05-02T13:42:58.327338+00:00,,,
7b0f76c1-b4e6-44a0-9c46-590a27c6e043,0ac90631-46f1-4112-a678-025ec614e9b3,unclean_exit,2026-05-01 14:29:32.536216,"{""type"":""unclean_exit"",""run_id"":""b8a18a25-65e5-4543-b5c3-e72ca2654654"",""app_version"":""1.4.0"",""timestamp"":""2026-05-01T14:29:32.5360589Z"",""started_at"":""2026-05-01T16:26:38.2728709\u002B02:00"",""last_activity_at"":null,""last_activity_source"":null}",2026-05-01T14:29:32.546679+00:00,b8a18a25-65e5-4543-b5c3-e72ca2654654,,
004ff029-3a45-4f70-ad46-bf0d931efd6c,0ac90631-46f1-4112-a678-025ec614e9b3,app_launch,2026-05-01 14:29:32.545078,"{""type"":""app_launch"",""install_id"":""0ac90631-46f1-4112-a678-025ec614e9b3"",""run_id"":""7036d9fd-070b-4c6e-ab45-f33a4d8adc62"",""app_version"":""1.4.0"",""timestamp"":""2026-05-01T14:29:32.5450782Z"",""app_launched_count"":13}",2026-05-01T14:29:32.69911+00:00,7036d9fd-070b-4c6e-ab45-f33a4d8adc62,,
d0c4157a-b181-4271-9610-f9f3fcbebda9,0ac90631-46f1-4112-a678-025ec614e9b3,app_launch,2026-05-01 17:57:07.864491,"{""type"":""app_launch"",""install_id"":""0ac90631-46f1-4112-a678-025ec614e9b3"",""app_version"":""1.3.2"",""timestamp"":""2026-05-01T17:57:07.7630457Z"",""windows_version"":""Microsoft Windows 10.0.26200"",""os_architecture"":""X64"",""dotnet_runtime_version"":"".NET 8.0.26"",""ram_bucket"":""8-16GB"",""cpu_core_bucket"":""9-16 Cores"",""screen_resolution_bucket"":""1920x1080"",""build_number"":""1200"",""release_channel"":""production"",""first_run_at"":""2026-05-01T13:20:39.9787124Z"",""last_seen_at"":""2026-05-01T17:57:07.7647478Z"",""days_since_install"":""0"",""days_since_last_seen"":""0"",""country_setting"":""BE"",""currency_setting"":""EUR"",""startup_time_bucket_ms"":""1000-2000"",""feature_flags"":[""new_checkout"",""tax_inclusive""],""last_update_prompt_at"":null,""last_update_installed_at"":null,""crash_count"":0,""internet_status"":true,""app_launched_count"":14}",2026-05-01T17:57:07.869444+00:00,,,
e070cf34-f724-4bd1-9012-35d61b804be7,f6f42705-1953-4bec-a294-e4a8668a1868,unclean_exit,2026-05-01 18:11:23.291202,"{""type"":""unclean_exit"",""run_id"":""e8098151-a0ce-4248-af7e-b8d2cf2c9d0b"",""app_version"":""1.4.0"",""timestamp"":""2026-05-01T18:11:23.2909906Z"",""started_at"":""2026-05-01T14:17:28.5395394\u002B01:00"",""last_activity_at"":null,""last_activity_source"":null}",2026-05-01T18:11:23.598645+00:00,e8098151-a0ce-4248-af7e-b8d2cf2c9d0b,,
b149ce80-fa07-4759-8c43-eda114f8c70c,f6f42705-1953-4bec-a294-e4a8668a1868,app_launch,2026-05-01 18:11:23.669164,"{""type"":""app_launch"",""install_id"":""f6f42705-1953-4bec-a294-e4a8668a1868"",""run_id"":""0297da9e-6824-46dd-aed5-919057c255f9"",""app_version"":""1.4.0"",""timestamp"":""2026-05-01T18:11:23.6691640Z"",""app_launched_count"":12}",2026-05-01T18:11:23.674018+00:00,0297da9e-6824-46dd-aed5-919057c255f9,,
7263c19c-0217-4a4b-8b69-fa3e0ab96957,0ac90631-46f1-4112-a678-025ec614e9b3,app_close,2026-05-01 18:34:21.272158,"{""type"":""app_close"",""reason"":""window_closed"",""app_version"":""1.3.2"",""timestamp"":""2026-05-01T18:34:21.2708616Z""}",2026-05-01T18:34:21.274992+00:00,,,
1bf36b1e-5318-475f-8982-a4d91aadfe9b,0ac90631-46f1-4112-a678-025ec614e9b3,unclean_exit,2026-05-01 18:43:39.976767,"{""type"":""unclean_exit"",""run_id"":""7036d9fd-070b-4c6e-ab45-f33a4d8adc62"",""app_version"":""1.4.0"",""timestamp"":""2026-05-01T18:43:39.9765260Z"",""started_at"":""2026-05-01T16:29:32.5450782\u002B02:00"",""last_activity_at"":null,""last_activity_source"":null}",2026-05-01T18:43:39.985905+00:00,7036d9fd-070b-4c6e-ab45-f33a4d8adc62,,
18340fa0-e181-4995-92e6-8fad39e82a56,0ac90631-46f1-4112-a678-025ec614e9b3,app_launch,2026-05-01 18:43:39.984361,"{""type"":""app_launch"",""install_id"":""0ac90631-46f1-4112-a678-025ec614e9b3"",""run_id"":""9930d636-d549-43bf-9868-f7c039f9a537"",""app_version"":""1.4.0"",""timestamp"":""2026-05-01T18:43:39.9843606Z"",""app_launched_count"":15}",2026-05-01T18:43:40.145718+00:00,9930d636-d549-43bf-9868-f7c039f9a537,,
a8a7eb13-95e0-432f-8590-3854bcddcb61,0ac90631-46f1-4112-a678-025ec614e9b3,unclean_exit,2026-05-01 18:44:03.177618,"{""type"":""unclean_exit"",""run_id"":""9930d636-d549-43bf-9868-f7c039f9a537"",""app_version"":""1.4.0"",""timestamp"":""2026-05-01T18:44:03.1775429Z"",""started_at"":""2026-05-01T20:43:39.9843606\u002B02:00"",""last_activity_at"":null,""last_activity_source"":null}",2026-05-01T18:44:03.184993+00:00,9930d636-d549-43bf-9868-f7c039f9a537,,
fcbe6ec0-1379-4f60-9ec7-f86f686b9051,0ac90631-46f1-4112-a678-025ec614e9b3,app_launch,2026-05-01 18:44:03.187071,"{""type"":""app_launch"",""install_id"":""0ac90631-46f1-4112-a678-025ec614e9b3"",""run_id"":""e5676216-3332-4d8c-bb79-0fe220a076f8"",""app_version"":""1.4.0"",""timestamp"":""2026-05-01T18:44:03.1870710Z"",""app_launched_count"":16}",2026-05-01T18:44:03.348685+00:00,e5676216-3332-4d8c-bb79-0fe220a076f8,,
897272a4-7495-4ead-ba63-794c48f383db,0ac90631-46f1-4112-a678-025ec614e9b3,unclean_exit,2026-05-01 19:17:38.866729,"{""type"":""unclean_exit"",""run_id"":""e5676216-3332-4d8c-bb79-0fe220a076f8"",""app_version"":""1.4.0"",""timestamp"":""2026-05-01T19:17:38.8665908Z"",""started_at"":""2026-05-01T20:44:03.1870710\u002B02:00"",""last_activity_at"":null,""last_activity_source"":null}",2026-05-01T19:17:38.879115+00:00,e5676216-3332-4d8c-bb79-0fe220a076f8,,
21c6ea05-2bf2-450d-b6e8-da8f0aef7619,0ac90631-46f1-4112-a678-025ec614e9b3,app_launch,2026-05-01 19:17:38.878416,"{""type"":""app_launch"",""install_id"":""0ac90631-46f1-4112-a678-025ec614e9b3"",""run_id"":""8f9665be-2195-49d9-b7ef-a8dcc96ac377"",""app_version"":""1.4.0"",""timestamp"":""2026-05-01T19:17:38.8784164Z"",""app_launched_count"":17}",2026-05-01T19:17:39.035299+00:00,8f9665be-2195-49d9-b7ef-a8dcc96ac377,,
5801b2f3-2e99-4f5a-b57f-2959894cc7ba,0ac90631-46f1-4112-a678-025ec614e9b3,unclean_exit,2026-05-01 19:18:34.275266,"{""type"":""unclean_exit"",""run_id"":""8f9665be-2195-49d9-b7ef-a8dcc96ac377"",""app_version"":""1.4.0"",""timestamp"":""2026-05-01T19:18:34.2751765Z"",""started_at"":""2026-05-01T21:17:38.8784164\u002B02:00"",""last_activity_at"":null,""last_activity_source"":null}",2026-05-01T19:18:34.285093+00:00,8f9665be-2195-49d9-b7ef-a8dcc96ac377,,
b62673a7-e6d9-4db7-a2ab-d013a934f163,0ac90631-46f1-4112-a678-025ec614e9b3,app_launch,2026-05-01 19:18:34.283844,"{""type"":""app_launch"",""install_id"":""0ac90631-46f1-4112-a678-025ec614e9b3"",""run_id"":""85e0aa58-487c-4ff5-9c70-5f671c31900f"",""app_version"":""1.4.0"",""timestamp"":""2026-05-01T19:18:34.2838436Z"",""app_launched_count"":18}",2026-05-01T19:18:34.449107+00:00,85e0aa58-487c-4ff5-9c70-5f671c31900f,,
3a9a31a1-054d-4fca-922d-e2178e10b471,0ac90631-46f1-4112-a678-025ec614e9b3,unclean_exit,2026-05-01 19:27:29.162786,"{""type"":""unclean_exit"",""run_id"":""85e0aa58-487c-4ff5-9c70-5f671c31900f"",""app_version"":""1.4.0"",""timestamp"":""2026-05-01T19:27:29.1626819Z"",""started_at"":""2026-05-01T21:18:34.2838436\u002B02:00"",""last_activity_at"":null,""last_activity_source"":null}",2026-05-01T19:27:29.172761+00:00,85e0aa58-487c-4ff5-9c70-5f671c31900f,,
93aa40c2-0e00-4ccd-be12-c8bc089d1e73,0ac90631-46f1-4112-a678-025ec614e9b3,app_launch,2026-05-01 19:27:29.169946,"{""type"":""app_launch"",""install_id"":""0ac90631-46f1-4112-a678-025ec614e9b3"",""run_id"":""cb894f79-ffba-44e3-8841-e746f00b019c"",""app_version"":""1.4.0"",""timestamp"":""2026-05-01T19:27:29.1699465Z"",""app_launched_count"":19}",2026-05-01T19:27:29.324076+00:00,cb894f79-ffba-44e3-8841-e746f00b019c,,
1b7ed3a1-793c-4d00-9902-dfc68ee85d56,0ac90631-46f1-4112-a678-025ec614e9b3,unclean_exit,2026-05-01 19:30:38.704429,"{""type"":""unclean_exit"",""run_id"":""cb894f79-ffba-44e3-8841-e746f00b019c"",""app_version"":""1.4.0"",""timestamp"":""2026-05-01T19:30:38.7043229Z"",""started_at"":""2026-05-01T21:27:29.1699465\u002B02:00"",""last_activity_at"":null,""last_activity_source"":null}",2026-05-01T19:30:38.716369+00:00,cb894f79-ffba-44e3-8841-e746f00b019c,,
1c806785-8da1-40f5-a1b5-d12a4c843b33,0ac90631-46f1-4112-a678-025ec614e9b3,app_launch,2026-05-01 19:30:38.717139,"{""type"":""app_launch"",""install_id"":""0ac90631-46f1-4112-a678-025ec614e9b3"",""run_id"":""f3281308-efda-40c8-aeb9-c640a46e7c60"",""app_version"":""1.4.0"",""timestamp"":""2026-05-01T19:30:38.7171390Z"",""app_launched_count"":20}",2026-05-01T19:30:38.883023+00:00,f3281308-efda-40c8-aeb9-c640a46e7c60,,
67a6627c-1dd6-4792-9c3d-bf8223e329da,0ac90631-46f1-4112-a678-025ec614e9b3,unclean_exit,2026-05-01 19:31:08.572576,"{""type"":""unclean_exit"",""run_id"":""f3281308-efda-40c8-aeb9-c640a46e7c60"",""app_version"":""1.4.0"",""timestamp"":""2026-05-01T19:31:08.5724644Z"",""started_at"":""2026-05-01T21:30:38.7171390\u002B02:00"",""last_activity_at"":null,""last_activity_source"":null}",2026-05-01T19:31:08.584758+00:00,f3281308-efda-40c8-aeb9-c640a46e7c60,,
32911eb7-0aa1-4ef7-9304-35fe23e502de,0ac90631-46f1-4112-a678-025ec614e9b3,app_launch,2026-05-01 19:31:08.581923,"{""type"":""app_launch"",""install_id"":""0ac90631-46f1-4112-a678-025ec614e9b3"",""run_id"":""58c5afe6-ccb0-409e-8eb5-1862d2dd6e9f"",""app_version"":""1.4.0"",""timestamp"":""2026-05-01T19:31:08.5819231Z"",""app_launched_count"":21}",2026-05-01T19:31:08.738318+00:00,58c5afe6-ccb0-409e-8eb5-1862d2dd6e9f,,
7f85047a-239b-4a66-93bd-da7bff92e7ac,fdeb7b71-5543-4755-926d-89ed20f4e78a,DashboardRefreshFailed,2026-05-02 13:43:03.244242,"{""Error"":""The added or subtracted value results in an un-representable DateTime. (Parameter \u0027value\u0027)""}",2026-05-02T13:43:03.252589+00:00,,,
b57ebaff-5a28-4279-af3f-42660b9c10c4,0ac90631-46f1-4112-a678-025ec614e9b3,unclean_exit,2026-05-01 19:35:01.149272,"{""type"":""unclean_exit"",""run_id"":""58c5afe6-ccb0-409e-8eb5-1862d2dd6e9f"",""app_version"":""1.4.0"",""timestamp"":""2026-05-01T19:35:01.1491992Z"",""started_at"":""2026-05-01T21:31:08.5819231\u002B02:00"",""last_activity_at"":null,""last_activity_source"":null}",2026-05-01T19:35:01.156382+00:00,58c5afe6-ccb0-409e-8eb5-1862d2dd6e9f,,
8e58e204-c3ca-4088-b58b-4418e953adee,0ac90631-46f1-4112-a678-025ec614e9b3,app_launch,2026-05-01 19:35:01.159184,"{""type"":""app_launch"",""install_id"":""0ac90631-46f1-4112-a678-025ec614e9b3"",""run_id"":""577f8dd9-561d-4127-b2a5-bdf91e96119d"",""app_version"":""1.4.0"",""timestamp"":""2026-05-01T19:35:01.1591838Z"",""app_launched_count"":22}",2026-05-01T19:35:01.1634+00:00,577f8dd9-561d-4127-b2a5-bdf91e96119d,,
610db69f-f6cf-4864-a6f1-2e2ec2c9c4f7,0ac90631-46f1-4112-a678-025ec614e9b3,unclean_exit,2026-05-01 20:04:17.996932,"{""type"":""unclean_exit"",""run_id"":""577f8dd9-561d-4127-b2a5-bdf91e96119d"",""app_version"":""1.4.0"",""timestamp"":""2026-05-01T20:04:17.9968176Z"",""started_at"":""2026-05-01T21:35:01.1591838\u002B02:00"",""last_activity_at"":null,""last_activity_source"":null}",2026-05-01T20:04:18.005263+00:00,577f8dd9-561d-4127-b2a5-bdf91e96119d,,
1fc5a334-150e-40a8-ac71-ab1ad17da8d8,0ac90631-46f1-4112-a678-025ec614e9b3,app_launch,2026-05-01 20:04:18.003873,"{""type"":""app_launch"",""install_id"":""0ac90631-46f1-4112-a678-025ec614e9b3"",""run_id"":""812cf6a3-15e2-409a-935f-7059cd6b6a26"",""app_version"":""1.4.0"",""timestamp"":""2026-05-01T20:04:18.0038728Z"",""app_launched_count"":23}",2026-05-01T20:04:18.157587+00:00,812cf6a3-15e2-409a-935f-7059cd6b6a26,,
aa71706a-2133-440b-9762-78c9f7db6004,0ac90631-46f1-4112-a678-025ec614e9b3,unclean_exit,2026-05-01 20:04:44.148986,"{""type"":""unclean_exit"",""run_id"":""812cf6a3-15e2-409a-935f-7059cd6b6a26"",""app_version"":""1.4.0"",""timestamp"":""2026-05-01T20:04:44.1489095Z"",""started_at"":""2026-05-01T22:04:18.0038728\u002B02:00"",""last_activity_at"":null,""last_activity_source"":null}",2026-05-01T20:04:44.160168+00:00,812cf6a3-15e2-409a-935f-7059cd6b6a26,,
25c8da82-2689-4457-95a4-6146ca06d432,0ac90631-46f1-4112-a678-025ec614e9b3,app_launch,2026-05-01 20:04:44.156210,"{""type"":""app_launch"",""install_id"":""0ac90631-46f1-4112-a678-025ec614e9b3"",""run_id"":""83d8a599-5484-42b1-8098-9acc933e3949"",""app_version"":""1.4.0"",""timestamp"":""2026-05-01T20:04:44.1562098Z"",""app_launched_count"":24}",2026-05-01T20:04:44.316221+00:00,83d8a599-5484-42b1-8098-9acc933e3949,,
3ff616b1-5d7d-4275-a377-c416a2b1fde1,0ac90631-46f1-4112-a678-025ec614e9b3,unclean_exit,2026-05-02 06:15:17.920375,"{""type"":""unclean_exit"",""run_id"":""83d8a599-5484-42b1-8098-9acc933e3949"",""app_version"":""1.4.0"",""timestamp"":""2026-05-02T06:15:17.9202712Z"",""started_at"":""2026-05-01T22:04:44.1562098\u002B02:00"",""last_activity_at"":null,""last_activity_source"":null}",2026-05-02T06:15:17.929203+00:00,83d8a599-5484-42b1-8098-9acc933e3949,,
45d5ff71-8873-4b06-b424-d75e0d13762d,0ac90631-46f1-4112-a678-025ec614e9b3,app_launch,2026-05-02 06:15:17.928843,"{""type"":""app_launch"",""install_id"":""0ac90631-46f1-4112-a678-025ec614e9b3"",""run_id"":""2d3c18d1-2b2e-4e1f-b635-3a0b4212821b"",""app_version"":""1.4.0"",""timestamp"":""2026-05-02T06:15:17.9288433Z"",""app_launched_count"":25}",2026-05-02T06:15:18.080777+00:00,2d3c18d1-2b2e-4e1f-b635-3a0b4212821b,,
d457546c-5147-436b-bf6c-c6a0acfe1a16,0ac90631-46f1-4112-a678-025ec614e9b3,unclean_exit,2026-05-02 06:16:14.148199,"{""type"":""unclean_exit"",""run_id"":""2d3c18d1-2b2e-4e1f-b635-3a0b4212821b"",""app_version"":""1.4.0"",""timestamp"":""2026-05-02T06:16:14.1480990Z"",""started_at"":""2026-05-02T08:15:17.9288433\u002B02:00"",""last_activity_at"":null,""last_activity_source"":null}",2026-05-02T06:16:14.157922+00:00,2d3c18d1-2b2e-4e1f-b635-3a0b4212821b,,
a9d620f8-5b72-49b6-af09-d46befa8ce7f,0ac90631-46f1-4112-a678-025ec614e9b3,app_launch,2026-05-02 06:16:14.156426,"{""type"":""app_launch"",""install_id"":""0ac90631-46f1-4112-a678-025ec614e9b3"",""run_id"":""64ac3aa0-3003-4b27-87bf-1f056bc49d02"",""app_version"":""1.4.0"",""timestamp"":""2026-05-02T06:16:14.1564259Z"",""app_launched_count"":26}",2026-05-02T06:16:14.320771+00:00,64ac3aa0-3003-4b27-87bf-1f056bc49d02,,
6dfa0719-8093-4aa1-9826-9717682ed1ea,0ac90631-46f1-4112-a678-025ec614e9b3,unclean_exit,2026-05-02 06:17:12.672398,"{""type"":""unclean_exit"",""run_id"":""64ac3aa0-3003-4b27-87bf-1f056bc49d02"",""app_version"":""1.4.0"",""timestamp"":""2026-05-02T06:17:12.6722739Z"",""started_at"":""2026-05-02T08:16:14.1564259\u002B02:00"",""last_activity_at"":null,""last_activity_source"":null}",2026-05-02T06:17:12.679046+00:00,64ac3aa0-3003-4b27-87bf-1f056bc49d02,,
ad83df45-a044-40b8-b8aa-45f80deef264,0ac90631-46f1-4112-a678-025ec614e9b3,app_launch,2026-05-02 06:17:12.708746,"{""type"":""app_launch"",""install_id"":""0ac90631-46f1-4112-a678-025ec614e9b3"",""run_id"":""ff783d7a-8408-45b6-830a-b9a4825c1f5a"",""app_version"":""1.4.0"",""timestamp"":""2026-05-02T06:17:12.7087455Z"",""app_launched_count"":27}",2026-05-02T06:17:12.709901+00:00,ff783d7a-8408-45b6-830a-b9a4825c1f5a,,
53439602-369e-41fa-a5da-da3327ca127d,0ac90631-46f1-4112-a678-025ec614e9b3,app_close,2026-05-02 06:17:16.679346,"{""type"":""app_close"",""run_id"":""ff783d7a-8408-45b6-830a-b9a4825c1f5a"",""reason"":""window_closed"",""app_version"":""1.4.0"",""timestamp"":""2026-05-02T06:17:16.6779963Z""}",2026-05-02T06:17:16.681548+00:00,ff783d7a-8408-45b6-830a-b9a4825c1f5a,,
a620c5c5-0626-4bea-861e-afc752bc4809,0ac90631-46f1-4112-a678-025ec614e9b3,app_launch,2026-05-02 06:19:31.304479,"{""type"":""app_launch"",""install_id"":""0ac90631-46f1-4112-a678-025ec614e9b3"",""run_id"":""b41572f1-10d8-44f4-8760-b169305419d8"",""app_version"":""1.4.0"",""timestamp"":""2026-05-02T06:19:31.3044792Z"",""app_launched_count"":28}",2026-05-02T06:19:31.313142+00:00,b41572f1-10d8-44f4-8760-b169305419d8,,
7fcc1100-0a0f-4522-82ad-de7976a938b5,0ac90631-46f1-4112-a678-025ec614e9b3,unclean_exit,2026-05-02 06:20:07.780869,"{""type"":""unclean_exit"",""run_id"":""b41572f1-10d8-44f4-8760-b169305419d8"",""app_version"":""1.4.0"",""timestamp"":""2026-05-02T06:20:07.7807903Z"",""started_at"":""2026-05-02T08:19:31.3044792\u002B02:00"",""last_activity_at"":null,""last_activity_source"":null}",2026-05-02T06:20:07.791034+00:00,b41572f1-10d8-44f4-8760-b169305419d8,,
14b73cd2-87da-4786-a8e5-d99651f0270c,0ac90631-46f1-4112-a678-025ec614e9b3,app_launch,2026-05-02 06:20:07.787959,"{""type"":""app_launch"",""install_id"":""0ac90631-46f1-4112-a678-025ec614e9b3"",""run_id"":""5715c32f-762e-498f-8df0-586cb72ac9b7"",""app_version"":""1.4.0"",""timestamp"":""2026-05-02T06:20:07.7879587Z"",""app_launched_count"":29}",2026-05-02T06:20:07.953531+00:00,5715c32f-762e-498f-8df0-586cb72ac9b7,,
fa884961-1780-460c-a939-51be0d589bc9,0ac90631-46f1-4112-a678-025ec614e9b3,unclean_exit,2026-05-02 06:20:26.204774,"{""type"":""unclean_exit"",""run_id"":""5715c32f-762e-498f-8df0-586cb72ac9b7"",""app_version"":""1.4.0"",""timestamp"":""2026-05-02T06:20:26.2046741Z"",""started_at"":""2026-05-02T08:20:07.7879587\u002B02:00"",""last_activity_at"":null,""last_activity_source"":null}",2026-05-02T06:20:26.214659+00:00,5715c32f-762e-498f-8df0-586cb72ac9b7,,
3b14c5fe-c00b-4733-bbb0-c5d1b4090cb7,0ac90631-46f1-4112-a678-025ec614e9b3,app_launch,2026-05-02 06:20:26.212789,"{""type"":""app_launch"",""install_id"":""0ac90631-46f1-4112-a678-025ec614e9b3"",""run_id"":""6866b914-e7f9-4e98-93a4-3ca50c9826f9"",""app_version"":""1.4.0"",""timestamp"":""2026-05-02T06:20:26.2127890Z"",""app_launched_count"":30}",2026-05-02T06:20:26.376601+00:00,6866b914-e7f9-4e98-93a4-3ca50c9826f9,,
d50465b0-7c56-42c3-9e00-827264b37098,0ac90631-46f1-4112-a678-025ec614e9b3,unclean_exit,2026-05-02 06:35:44.403388,"{""type"":""unclean_exit"",""run_id"":""6866b914-e7f9-4e98-93a4-3ca50c9826f9"",""app_version"":""1.4.0"",""timestamp"":""2026-05-02T06:35:44.4033079Z"",""started_at"":""2026-05-02T08:20:26.2127890\u002B02:00"",""last_activity_at"":null,""last_activity_source"":null}",2026-05-02T06:35:44.410141+00:00,6866b914-e7f9-4e98-93a4-3ca50c9826f9,,
273cf117-6f39-4938-9f91-68a5092c3d0a,0ac90631-46f1-4112-a678-025ec614e9b3,app_launch,2026-05-02 06:35:44.440403,"{""type"":""app_launch"",""install_id"":""0ac90631-46f1-4112-a678-025ec614e9b3"",""run_id"":""5303cd9c-f7df-49c5-b594-f8904a8608bd"",""app_version"":""1.4.0"",""timestamp"":""2026-05-02T06:35:44.4404029Z"",""app_launched_count"":31}",2026-05-02T06:35:44.441577+00:00,5303cd9c-f7df-49c5-b594-f8904a8608bd,,
0061594d-3fd3-4ebc-87a3-cef5b5838701,e9202f60-d69f-4427-afa8-753dd21ee93c,app_launch,2026-04-29 19:03:16.815878,"{""type"":""app_launch"",""install_id"":""e9202f60-d69f-4427-afa8-753dd21ee93c"",""run_id"":""9cde8a7a-e19d-4093-8ebe-52627389a0b8"",""app_version"":""1.4.0"",""timestamp"":""2026-04-29T19:03:16.8158781Z"",""app_launched_count"":14}",2026-04-29T19:03:16.973026+00:00,9cde8a7a-e19d-4093-8ebe-52627389a0b8,,
4bc771d1-4c96-409c-9ee9-32243be0a16d,e9202f60-d69f-4427-afa8-753dd21ee93c,unclean_exit,2026-05-02 10:33:33.297584,"{""type"":""unclean_exit"",""run_id"":""9cde8a7a-e19d-4093-8ebe-52627389a0b8"",""app_version"":""1.4.0"",""timestamp"":""2026-05-02T10:33:33.2973652Z"",""started_at"":""2026-04-30T03:03:16.8158781\u002B08:00"",""last_activity_at"":null,""last_activity_source"":null}",2026-05-02T10:33:33.32161+00:00,9cde8a7a-e19d-4093-8ebe-52627389a0b8,,
724e5ea5-5477-4354-bdf4-a8b8f5c9a5de,0ac90631-46f1-4112-a678-025ec614e9b3,unclean_exit,2026-05-02 11:20:47.336385,"{""type"":""unclean_exit"",""run_id"":""5303cd9c-f7df-49c5-b594-f8904a8608bd"",""app_version"":""1.4.0"",""timestamp"":""2026-05-02T11:20:47.3357084Z"",""started_at"":""2026-05-02T08:35:44.4404029\u002B02:00"",""last_activity_at"":null,""last_activity_source"":null}",2026-05-02T11:20:47.347568+00:00,5303cd9c-f7df-49c5-b594-f8904a8608bd,,
a6a6d5e9-f241-404c-a78e-4f5566f4e2aa,0ac90631-46f1-4112-a678-025ec614e9b3,app_launch,2026-05-02 11:22:35.390597,"{""type"":""app_launch"",""install_id"":""0ac90631-46f1-4112-a678-025ec614e9b3"",""app_version"":""1.3.2"",""timestamp"":""2026-05-02T11:22:35.0115733Z"",""windows_version"":""Microsoft Windows 10.0.26200"",""os_architecture"":""X64"",""dotnet_runtime_version"":"".NET 8.0.26"",""ram_bucket"":""8-16GB"",""cpu_core_bucket"":""9-16 Cores"",""screen_resolution_bucket"":""1920x1080"",""build_number"":""1200"",""release_channel"":""production"",""first_run_at"":""2026-05-01T13:20:39.9787124Z"",""last_seen_at"":""2026-05-02T11:22:35.0134098Z"",""days_since_install"":""1"",""days_since_last_seen"":""0"",""country_setting"":""BE"",""currency_setting"":""EUR"",""startup_time_bucket_ms"":""1000-2000"",""feature_flags"":[""new_checkout"",""tax_inclusive""],""last_update_prompt_at"":null,""last_update_installed_at"":null,""crash_count"":0,""internet_status"":true,""app_launched_count"":33}",2026-05-02T11:22:35.393992+00:00,,,
1f9beced-6c9a-4658-8667-fb99b735b098,0ac90631-46f1-4112-a678-025ec614e9b3,app_launch,2026-05-02 12:30:13.573478,"{""type"":""app_launch"",""install_id"":""0ac90631-46f1-4112-a678-025ec614e9b3"",""app_version"":""1.3.2"",""timestamp"":""2026-05-02T12:30:13.4005577Z"",""windows_version"":""Microsoft Windows 10.0.26200"",""os_architecture"":""X64"",""dotnet_runtime_version"":"".NET 8.0.26"",""ram_bucket"":""8-16GB"",""cpu_core_bucket"":""9-16 Cores"",""screen_resolution_bucket"":""1920x1080"",""build_number"":""1200"",""release_channel"":""production"",""first_run_at"":""2026-05-01T13:20:39.9787124Z"",""last_seen_at"":""2026-05-02T12:30:13.4011258Z"",""days_since_install"":""1"",""days_since_last_seen"":""0"",""country_setting"":""BE"",""currency_setting"":""EUR"",""startup_time_bucket_ms"":""1000-2000"",""feature_flags"":[""new_checkout"",""tax_inclusive""],""last_update_prompt_at"":null,""last_update_installed_at"":null,""crash_count"":0,""internet_status"":true,""app_launched_count"":34}",2026-05-02T12:30:13.590513+00:00,,,
747446da-288e-4d4d-87f8-46cdc4c2d34c,fdeb7b71-5543-4755-926d-89ed20f4e78a,unclean_exit,2026-05-02 12:34:52.421012,"{""type"":""unclean_exit"",""run_id"":""81e6624e-f5e3-4c02-839c-1c008da21fdb"",""app_version"":""1.4.0"",""timestamp"":""2026-05-02T12:34:52.4207449Z"",""started_at"":""2026-05-01T08:16:11.8304904Z"",""last_activity_at"":null,""last_activity_source"":null}",2026-05-02T12:34:52.473186+00:00,81e6624e-f5e3-4c02-839c-1c008da21fdb,,
029467d8-c900-41ed-b15b-b70f5c6546e0,fdeb7b71-5543-4755-926d-89ed20f4e78a,app_launch,2026-05-02 12:34:52.459902,"{""type"":""app_launch"",""install_id"":""fdeb7b71-5543-4755-926d-89ed20f4e78a"",""run_id"":""c110a91f-5d8c-4025-ae71-bf87a5c16580"",""app_version"":""1.4.0"",""timestamp"":""2026-05-02T12:34:52.4599020Z"",""app_launched_count"":177}",2026-05-02T12:34:52.623644+00:00,c110a91f-5d8c-4025-ae71-bf87a5c16580,,
ce5341e6-33b3-43f9-9722-d7818947854a,fdeb7b71-5543-4755-926d-89ed20f4e78a,DashboardRefreshFailed,2026-05-02 12:37:46.371673,"{""Error"":""The added or subtracted value results in an un-representable DateTime. (Parameter \u0027value\u0027)""}",2026-05-02T12:37:46.386842+00:00,,,
629091ce-1dc9-49dc-b366-310cd5aa7a2e,fdeb7b71-5543-4755-926d-89ed20f4e78a,DashboardRefreshFailed,2026-05-02 12:37:46.751971,"{""Error"":""The added or subtracted value results in an un-representable DateTime. (Parameter \u0027value\u0027)""}",2026-05-02T12:37:46.756522+00:00,,,
01cf98eb-76b8-474a-a166-0fca2024791b,fdeb7b71-5543-4755-926d-89ed20f4e78a,DashboardRefreshFailed,2026-05-02 12:38:12.115804,"{""Error"":""The added or subtracted value results in an un-representable DateTime. (Parameter \u0027value\u0027)""}",2026-05-02T12:38:12.121094+00:00,,,
184a6041-3a9a-4801-95b2-443a02eeab58,fdeb7b71-5543-4755-926d-89ed20f4e78a,DashboardRefreshFailed,2026-05-02 12:38:17.063898,"{""Error"":""The added or subtracted value results in an un-representable DateTime. (Parameter \u0027value\u0027)""}",2026-05-02T12:38:17.064595+00:00,,,
fe8536c9-41f5-4ae4-b668-af3e0d6fc25c,fdeb7b71-5543-4755-926d-89ed20f4e78a,readiness_run_completed,2026-05-02 12:38:17.422678,"{""run_id"":""c240b4fb65b2486f84967389e7881a19"",""status"":""Failed"",""blocking_failures"":1,""observations"":2,""profile"":""representative""}",2026-05-02T12:38:17.426641+00:00,,,
bf33fd68-6180-49fc-8594-49e12db41efc,fdeb7b71-5543-4755-926d-89ed20f4e78a,DashboardRefreshFailed,2026-05-02 12:38:39.879946,"{""Error"":""The added or subtracted value results in an un-representable DateTime. (Parameter \u0027value\u0027)""}",2026-05-02T12:38:39.88069+00:00,,,
c8df82f8-4ea4-48fa-beac-fdebafb9cc48,fdeb7b71-5543-4755-926d-89ed20f4e78a,DashboardRefreshFailed,2026-05-02 12:38:48.711404,"{""Error"":""The added or subtracted value results in an un-representable DateTime. (Parameter \u0027value\u0027)""}",2026-05-02T12:38:48.712425+00:00,,,
df2f8ed2-1dbd-4cb7-90a6-80ae4cc8932e,fdeb7b71-5543-4755-926d-89ed20f4e78a,readiness_run_completed,2026-05-02 12:38:48.925291,"{""run_id"":""667da41809644981afad40d3e7c1ab66"",""status"":""Failed"",""blocking_failures"":1,""observations"":2,""profile"":""representative""}",2026-05-02T12:38:48.926305+00:00,,,
e2a63cf2-a9b7-4573-8efe-727b57376c59,fdeb7b71-5543-4755-926d-89ed20f4e78a,unclean_exit,2026-05-02 12:56:41.090272,"{""type"":""unclean_exit"",""run_id"":""c110a91f-5d8c-4025-ae71-bf87a5c16580"",""app_version"":""1.4.0"",""timestamp"":""2026-05-02T12:56:41.0896856Z"",""started_at"":""2026-05-02T12:34:52.4599020Z"",""last_activity_at"":null,""last_activity_source"":null}",2026-05-02T12:56:41.156775+00:00,c110a91f-5d8c-4025-ae71-bf87a5c16580,,
3dea6803-8abc-42e9-818a-bd5c5e3052dd,fdeb7b71-5543-4755-926d-89ed20f4e78a,app_launch,2026-05-02 12:56:41.155768,"{""type"":""app_launch"",""install_id"":""fdeb7b71-5543-4755-926d-89ed20f4e78a"",""run_id"":""d160b09e-8424-4b2f-9b4e-e623299f4eca"",""app_version"":""1.4.0"",""timestamp"":""2026-05-02T12:56:41.1557682Z"",""app_launched_count"":178}",2026-05-02T12:56:41.323882+00:00,d160b09e-8424-4b2f-9b4e-e623299f4eca,,
71b0179a-a6a5-437b-aecd-246fd0e01f36,fdeb7b71-5543-4755-926d-89ed20f4e78a,DashboardRefreshFailed,2026-05-02 12:57:42.704139,"{""Error"":""The added or subtracted value results in an un-representable DateTime. (Parameter \u0027value\u0027)""}",2026-05-02T12:57:42.727119+00:00,,,
b8863174-12b2-40f2-bd98-a682e71d6ee3,fdeb7b71-5543-4755-926d-89ed20f4e78a,DashboardRefreshFailed,2026-05-02 12:57:42.912193,"{""Error"":""The added or subtracted value results in an un-representable DateTime. (Parameter \u0027value\u0027)""}",2026-05-02T12:57:42.91995+00:00,,,
9dcdd507-13c7-447a-825d-81ffe7abf383,fdeb7b71-5543-4755-926d-89ed20f4e78a,DashboardRefreshFailed,2026-05-02 12:57:49.417882,"{""Error"":""The added or subtracted value results in an un-representable DateTime. (Parameter \u0027value\u0027)""}",2026-05-02T12:57:49.425159+00:00,,,
24fdf6ed-84f2-4f1c-91fd-4b0b56779c6d,fdeb7b71-5543-4755-926d-89ed20f4e78a,readiness_run_completed,2026-05-02 12:57:49.753072,"{""run_id"":""d910ccb055874bbe9c674233f36acfbf"",""status"":""Failed"",""blocking_failures"":1,""observations"":2,""profile"":""representative""}",2026-05-02T12:57:49.766045+00:00,,,
345d4bbd-558a-4127-b817-46f6e312a114,fdeb7b71-5543-4755-926d-89ed20f4e78a,DashboardRefreshFailed,2026-05-02 12:58:18.790057,"{""Error"":""The added or subtracted value results in an un-representable DateTime. (Parameter \u0027value\u0027)""}",2026-05-02T12:58:18.802376+00:00,,,
5fde0ff5-59be-49f7-8e32-b424b36b395e,fdeb7b71-5543-4755-926d-89ed20f4e78a,DashboardRefreshFailed,2026-05-02 13:03:22.623194,"{""Error"":""The added or subtracted value results in an un-representable DateTime. (Parameter \u0027value\u0027)""}",2026-05-02T13:03:22.631602+00:00,,,
2283eb73-cd61-4c85-93d9-1a352556a76b,fdeb7b71-5543-4755-926d-89ed20f4e78a,DashboardRefreshFailed,2026-05-02 13:03:22.454109,"{""Error"":""The added or subtracted value results in an un-representable DateTime. (Parameter \u0027value\u0027)""}",2026-05-02T13:03:22.462257+00:00,,,
ec76f58b-0ce6-415b-b5a7-562e87455c03,fdeb7b71-5543-4755-926d-89ed20f4e78a,DashboardRefreshFailed,2026-05-02 13:06:57.185001,"{""Error"":""The added or subtracted value results in an un-representable DateTime. (Parameter \u0027value\u0027)""}",2026-05-02T13:06:57.19696+00:00,,,
272e3780-0460-4fdb-bc64-af460ef4b048,fdeb7b71-5543-4755-926d-89ed20f4e78a,DashboardRefreshFailed,2026-05-02 13:06:57.492502,"{""Error"":""The added or subtracted value results in an un-representable DateTime. (Parameter \u0027value\u0027)""}",2026-05-02T13:06:57.500233+00:00,,,
0492fd90-4f4a-445d-8d4c-3f969e8c88fe,fdeb7b71-5543-4755-926d-89ed20f4e78a,app_close,2026-05-02 13:07:17.556571,"{""type"":""app_close"",""run_id"":""d160b09e-8424-4b2f-9b4e-e623299f4eca"",""reason"":""window_closed"",""app_version"":""1.4.0"",""timestamp"":""2026-05-02T13:07:17.5493246Z""}",2026-05-02T13:07:17.563962+00:00,d160b09e-8424-4b2f-9b4e-e623299f4eca,,
ae9dffdd-3b1d-4d8c-a938-a70bba27b241,fdeb7b71-5543-4755-926d-89ed20f4e78a,DashboardRefreshFailed,2026-05-02 13:07:32.004989,"{""Error"":""The added or subtracted value results in an un-representable DateTime. (Parameter \u0027value\u0027)""}",2026-05-02T13:07:32.017814+00:00,,,
214a2377-880c-4083-a40c-d096c6e476d6,fdeb7b71-5543-4755-926d-89ed20f4e78a,app_launch,2026-05-02 13:07:20.090650,"{""type"":""app_launch"",""install_id"":""fdeb7b71-5543-4755-926d-89ed20f4e78a"",""run_id"":""095fe5fc-c064-491e-8db2-e3eec092c8f1"",""app_version"":""1.4.0"",""timestamp"":""2026-05-02T13:07:20.0906497Z"",""app_launched_count"":179}",2026-05-02T13:07:20.118095+00:00,095fe5fc-c064-491e-8db2-e3eec092c8f1,,
bf8948ea-856a-426f-a2c7-b35a748e0954,fdeb7b71-5543-4755-926d-89ed20f4e78a,DashboardRefreshFailed,2026-05-02 13:07:31.870214,"{""Error"":""The added or subtracted value results in an un-representable DateTime. (Parameter \u0027value\u0027)""}",2026-05-02T13:07:31.883182+00:00,,,
744c8eec-c3ea-4f3b-8859-bb9017f68c55,fdeb7b71-5543-4755-926d-89ed20f4e78a,app_close,2026-05-02 13:08:31.665243,"{""type"":""app_close"",""run_id"":""095fe5fc-c064-491e-8db2-e3eec092c8f1"",""reason"":""window_closed"",""app_version"":""1.4.0"",""timestamp"":""2026-05-02T13:08:31.6635087Z""}",2026-05-02T13:08:31.670234+00:00,095fe5fc-c064-491e-8db2-e3eec092c8f1,,
65cafd8a-3f61-4c9a-a2a4-60f2b1739f53,fdeb7b71-5543-4755-926d-89ed20f4e78a,app_launch,2026-05-02 13:19:16.192140,"{""type"":""app_launch"",""install_id"":""fdeb7b71-5543-4755-926d-89ed20f4e78a"",""run_id"":""ee7c5848-e23d-4903-ac1f-34d8554494f6"",""app_version"":""1.4.0"",""timestamp"":""2026-05-02T13:19:16.1921398Z"",""app_launched_count"":180}",2026-05-02T13:19:16.241594+00:00,ee7c5848-e23d-4903-ac1f-34d8554494f6,,
d77d0770-8137-428f-ac89-b3ffdb163e4e,fdeb7b71-5543-4755-926d-89ed20f4e78a,DashboardRefreshFailed,2026-05-02 13:20:42.294733,"{""Error"":""The added or subtracted value results in an un-representable DateTime. (Parameter \u0027value\u0027)""}",2026-05-02T13:20:42.303371+00:00,,,
28a3760e-b7bc-4ea3-897b-7f99389031b4,fdeb7b71-5543-4755-926d-89ed20f4e78a,DashboardRefreshFailed,2026-05-02 13:20:42.486049,"{""Error"":""The added or subtracted value results in an un-representable DateTime. (Parameter \u0027value\u0027)""}",2026-05-02T13:20:42.494429+00:00,,,
47b1a1e1-7dba-4ce9-85ac-eeb6a853b3d2,fdeb7b71-5543-4755-926d-89ed20f4e78a,app_close,2026-05-02 13:21:14.910366,"{""type"":""app_close"",""run_id"":""ee7c5848-e23d-4903-ac1f-34d8554494f6"",""reason"":""window_closed"",""app_version"":""1.4.0"",""timestamp"":""2026-05-02T13:21:14.9002190Z""}",2026-05-02T13:21:14.917601+00:00,ee7c5848-e23d-4903-ac1f-34d8554494f6,,
1511c7af-3255-4cfd-a7dd-40af94cf9c9a,fdeb7b71-5543-4755-926d-89ed20f4e78a,app_launch,2026-05-02 13:21:17.437174,"{""type"":""app_launch"",""install_id"":""fdeb7b71-5543-4755-926d-89ed20f4e78a"",""run_id"":""300d4356-429a-414b-acf1-60243c9331db"",""app_version"":""1.4.0"",""timestamp"":""2026-05-02T13:21:17.4371739Z"",""app_launched_count"":181}",2026-05-02T13:21:17.463967+00:00,300d4356-429a-414b-acf1-60243c9331db,,
6aaa33aa-0bfa-4c07-8930-f624dd593b68,fdeb7b71-5543-4755-926d-89ed20f4e78a,DashboardRefreshFailed,2026-05-02 13:24:09.672772,"{""Error"":""The added or subtracted value results in an un-representable DateTime. (Parameter \u0027value\u0027)""}",2026-05-02T13:24:09.686435+00:00,,,
28ea2631-c710-484e-96c5-79c31eae375d,fdeb7b71-5543-4755-926d-89ed20f4e78a,DashboardRefreshFailed,2026-05-02 13:24:09.794865,"{""Error"":""The added or subtracted value results in an un-representable DateTime. (Parameter \u0027value\u0027)""}",2026-05-02T13:24:09.804649+00:00,,,
2a61560e-b119-4bc8-b751-2f7b7029f5f5,fdeb7b71-5543-4755-926d-89ed20f4e78a,app_close,2026-05-02 13:24:53.986742,"{""type"":""app_close"",""run_id"":""300d4356-429a-414b-acf1-60243c9331db"",""reason"":""window_closed"",""app_version"":""1.4.0"",""timestamp"":""2026-05-02T13:24:53.9850199Z""}",2026-05-02T13:24:53.990411+00:00,300d4356-429a-414b-acf1-60243c9331db,,
42858c64-3397-4622-86f8-ea27450bd8be,fdeb7b71-5543-4755-926d-89ed20f4e78a,app_launch,2026-05-02 13:25:02.370021,"{""type"":""app_launch"",""install_id"":""fdeb7b71-5543-4755-926d-89ed20f4e78a"",""run_id"":""44d1ea48-4a53-4c60-88a7-3b727d48e7c8"",""app_version"":""1.4.0"",""timestamp"":""2026-05-02T13:25:02.3700214Z"",""app_launched_count"":182}",2026-05-02T13:25:02.409398+00:00,44d1ea48-4a53-4c60-88a7-3b727d48e7c8,,
7980be88-c3bf-4913-a433-51cac335fc94,fdeb7b71-5543-4755-926d-89ed20f4e78a,DashboardRefreshFailed,2026-05-02 13:27:25.670467,"{""Error"":""The added or subtracted value results in an un-representable DateTime. (Parameter \u0027value\u0027)""}",2026-05-02T13:27:25.684586+00:00,,,
301f2c40-2260-4da9-ae01-8f83e6522529,fdeb7b71-5543-4755-926d-89ed20f4e78a,DashboardRefreshFailed,2026-05-02 13:27:25.831654,"{""Error"":""The added or subtracted value results in an un-representable DateTime. (Parameter \u0027value\u0027)""}",2026-05-02T13:27:25.838943+00:00,,,
51207fc1-3a20-4a44-a6a2-fc1928ddae7c,fdeb7b71-5543-4755-926d-89ed20f4e78a,unclean_exit,2026-05-02 13:37:04.513071,"{""type"":""unclean_exit"",""run_id"":""44d1ea48-4a53-4c60-88a7-3b727d48e7c8"",""app_version"":""1.4.0"",""timestamp"":""2026-05-02T13:37:04.5123149Z"",""started_at"":""2026-05-02T13:25:02.3700214Z"",""last_activity_at"":null,""last_activity_source"":null}",2026-05-02T13:37:04.552741+00:00,44d1ea48-4a53-4c60-88a7-3b727d48e7c8,,
031bcb88-c9b0-49c1-82cf-b94d044ba2e2,fdeb7b71-5543-4755-926d-89ed20f4e78a,app_launch,2026-05-02 13:37:04.545530,"{""type"":""app_launch"",""install_id"":""fdeb7b71-5543-4755-926d-89ed20f4e78a"",""run_id"":""cbe2a637-0b11-4b9c-9a70-d756f1dd15bc"",""app_version"":""1.4.0"",""timestamp"":""2026-05-02T13:37:04.5455300Z"",""app_launched_count"":183}",2026-05-02T13:37:04.706785+00:00,cbe2a637-0b11-4b9c-9a70-d756f1dd15bc,,
caf40e18-5c62-499a-aec1-4e1aefe398cf,fdeb7b71-5543-4755-926d-89ed20f4e78a,DashboardRefreshFailed,2026-05-02 13:37:14.837421,"{""Error"":""The added or subtracted value results in an un-representable DateTime. (Parameter \u0027value\u0027)""}",2026-05-02T13:37:14.850742+00:00,,,
2c9502dc-8a98-4c07-9f8a-72ebd65e8d5d,fdeb7b71-5543-4755-926d-89ed20f4e78a,DashboardRefreshFailed,2026-05-02 13:37:15.013343,"{""Error"":""The added or subtracted value results in an un-representable DateTime. (Parameter \u0027value\u0027)""}",2026-05-02T13:37:15.021218+00:00,,,
195d8c67-2d39-484f-b133-4d2f72637e72,fdeb7b71-5543-4755-926d-89ed20f4e78a,DashboardRefreshFailed,2026-05-02 13:37:35.037561,"{""Error"":""The added or subtracted value results in an un-representable DateTime. (Parameter \u0027value\u0027)""}",2026-05-02T13:37:35.05301+00:00,,,
4ae4a964-a509-4847-a2fe-d0c8e01d655c,fdeb7b71-5543-4755-926d-89ed20f4e78a,DashboardRefreshFailed,2026-05-02 13:37:35.203748,"{""Error"":""The added or subtracted value results in an un-representable DateTime. (Parameter \u0027value\u0027)""}",2026-05-02T13:37:35.214139+00:00,,,
228cc102-00a1-49db-a89c-62a0eeca073f,fdeb7b71-5543-4755-926d-89ed20f4e78a,DashboardRefreshFailed,2026-05-02 13:38:59.346500,"{""Error"":""The added or subtracted value results in an un-representable DateTime. (Parameter \u0027value\u0027)""}",2026-05-02T13:38:59.354768+00:00,,,
bdda6a32-9ba4-4266-b431-d5d8ddc33a4c,fdeb7b71-5543-4755-926d-89ed20f4e78a,DashboardRefreshFailed,2026-05-02 13:38:59.480554,"{""Error"":""The added or subtracted value results in an un-representable DateTime. (Parameter \u0027value\u0027)""}",2026-05-02T13:38:59.488371+00:00,,,
d67225b1-1344-486b-b714-4c88b5aa498d,fdeb7b71-5543-4755-926d-89ed20f4e78a,DashboardRefreshFailed,2026-05-02 13:41:50.497830,"{""Error"":""The added or subtracted value results in an un-representable DateTime. (Parameter \u0027value\u0027)""}",2026-05-02T13:41:50.504416+00:00,,,
d8bf3277-19cd-43a3-83ca-543410722b6e,fdeb7b71-5543-4755-926d-89ed20f4e78a,DashboardRefreshFailed,2026-05-02 13:41:50.702954,"{""Error"":""The added or subtracted value results in an un-representable DateTime. (Parameter \u0027value\u0027)""}",2026-05-02T13:41:50.710513+00:00,,,
95a89565-335c-4300-84ea-5bf1d065b99a,fdeb7b71-5543-4755-926d-89ed20f4e78a,DashboardRefreshFailed,2026-05-02 13:42:10.014586,"{""Error"":""The added or subtracted value results in an un-representable DateTime. (Parameter \u0027value\u0027)""}",2026-05-02T13:42:10.02134+00:00,,,
68bdbd17-260c-49f5-a81f-6f24bfdde0f0,fdeb7b71-5543-4755-926d-89ed20f4e78a,DashboardRefreshFailed,2026-05-02 13:42:10.138654,"{""Error"":""The added or subtracted value results in an un-representable DateTime. (Parameter \u0027value\u0027)""}",2026-05-02T13:42:10.148096+00:00,,,
001a987b-770f-4c2f-9e08-1a2ba2dde54c,fdeb7b71-5543-4755-926d-89ed20f4e78a,DashboardRefreshFailed,2026-05-02 13:42:22.001824,"{""Error"":""The added or subtracted value results in an un-representable DateTime. (Parameter \u0027value\u0027)""}",2026-05-02T13:42:22.006648+00:00,,,
f195295c-3833-4d8d-b2e4-2110b85f1da7,fdeb7b71-5543-4755-926d-89ed20f4e78a,DashboardRefreshFailed,2026-05-02 13:42:22.169571,"{""Error"":""The added or subtracted value results in an un-representable DateTime. (Parameter \u0027value\u0027)""}",2026-05-02T13:42:22.177185+00:00,,,
892ed7ca-969e-4db2-8ee3-a34f6cc12dfc,fdeb7b71-5543-4755-926d-89ed20f4e78a,DashboardRefreshFailed,2026-05-02 13:42:34.788538,"{""Error"":""The added or subtracted value results in an un-representable DateTime. (Parameter \u0027value\u0027)""}",2026-05-02T13:42:34.795458+00:00,,,
3d905bea-697d-417a-a52a-8bb7a6b4a3af,fdeb7b71-5543-4755-926d-89ed20f4e78a,DashboardRefreshFailed,2026-05-02 13:42:34.996848,"{""Error"":""The added or subtracted value results in an un-representable DateTime. (Parameter \u0027value\u0027)""}",2026-05-02T13:42:35.007986+00:00,,,
14897d3f-8446-4a6b-9262-a26c7ca14e58,fdeb7b71-5543-4755-926d-89ed20f4e78a,DashboardRefreshFailed,2026-05-02 13:42:58.169651,"{""Error"":""The added or subtracted value results in an un-representable DateTime. (Parameter \u0027value\u0027)""}",2026-05-02T13:42:58.17904+00:00,,,
aa3bb5ad-6bc9-4afd-8980-d426bbd858c4,fdeb7b71-5543-4755-926d-89ed20f4e78a,app_close,2026-05-02 13:43:59.484228,"{""type"":""app_close"",""run_id"":""cbe2a637-0b11-4b9c-9a70-d756f1dd15bc"",""reason"":""window_closed"",""app_version"":""1.4.0"",""timestamp"":""2026-05-02T13:43:59.4754651Z""}",2026-05-02T13:43:59.488565+00:00,cbe2a637-0b11-4b9c-9a70-d756f1dd15bc,,
fa177202-0a7f-4ef8-8f01-a820b6650949,fdeb7b71-5543-4755-926d-89ed20f4e78a,app_launch,2026-05-02 13:44:02.520998,"{""type"":""app_launch"",""install_id"":""fdeb7b71-5543-4755-926d-89ed20f4e78a"",""run_id"":""05b647b5-0eeb-4578-9e94-cd661a441c60"",""app_version"":""1.4.0"",""timestamp"":""2026-05-02T13:44:02.5209982Z"",""app_launched_count"":184}",2026-05-02T13:44:02.54532+00:00,05b647b5-0eeb-4578-9e94-cd661a441c60,,
52b1f35c-e28b-4bec-b845-326607d0b18c,fdeb7b71-5543-4755-926d-89ed20f4e78a,DashboardRefreshFailed,2026-05-02 13:44:13.783735,"{""Error"":""The added or subtracted value results in an un-representable DateTime. (Parameter \u0027value\u0027)""}",2026-05-02T13:44:13.793116+00:00,,,
be6c025e-94ee-43e4-a221-433e4c7b6f4e,fdeb7b71-5543-4755-926d-89ed20f4e78a,DashboardRefreshFailed,2026-05-02 13:44:13.919469,"{""Error"":""The added or subtracted value results in an un-representable DateTime. (Parameter \u0027value\u0027)""}",2026-05-02T13:44:13.925977+00:00,,,
3a7a8b05-6151-4fc4-abaf-fe87eb9f0afc,a697521a-c52a-477a-a275-8b302730a1f6,app_launch,2026-05-02 14:06:42.553765,"{""type"":""app_launch"",""install_id"":""a697521a-c52a-477a-a275-8b302730a1f6"",""app_version"":""1.3.2"",""timestamp"":""2026-05-02T14:06:41.8082798Z"",""windows_version"":""Microsoft Windows 10.0.19045"",""os_architecture"":""X64"",""dotnet_runtime_version"":"".NET 8.0.25"",""ram_bucket"":""0-4GB"",""cpu_core_bucket"":""1-2 Cores"",""screen_resolution_bucket"":""1366x768"",""build_number"":""1200"",""release_channel"":""production"",""first_run_at"":""2026-04-07T06:47:45.8045562Z"",""last_seen_at"":""2026-05-02T14:06:41.8096739Z"",""days_since_install"":""25"",""days_since_last_seen"":""0"",""country_setting"":""ZM"",""currency_setting"":""ZMW"",""startup_time_bucket_ms"":""1000-2000"",""feature_flags"":[""new_checkout"",""tax_inclusive""],""last_update_prompt_at"":null,""last_update_installed_at"":null,""crash_count"":2,""internet_status"":true,""app_launched_count"":7}",2026-05-02T14:06:42.978101+00:00,,,
2581330c-7365-468b-8042-671c7a17d0ea,2f7a7a2b-5104-454a-a685-787f910b4eab,app_launch,2026-05-02 14:06:42.596627,"{""type"":""app_launch"",""install_id"":""2f7a7a2b-5104-454a-a685-787f910b4eab"",""app_version"":""1.3.2"",""timestamp"":""2026-05-02T14:06:42.1719006Z"",""windows_version"":""Microsoft Windows 10.0.19045"",""os_architecture"":""X64"",""dotnet_runtime_version"":"".NET 8.0.25"",""ram_bucket"":""0-4GB"",""cpu_core_bucket"":""1-2 Cores"",""screen_resolution_bucket"":""1366x768"",""build_number"":""1200"",""release_channel"":""production"",""first_run_at"":""2026-05-02T14:06:33.2366727Z"",""last_seen_at"":""2026-05-02T14:06:42.1742856Z"",""days_since_install"":""0"",""days_since_last_seen"":""0"",""country_setting"":""ZM"",""currency_setting"":""ZMW"",""startup_time_bucket_ms"":""1000-2000"",""feature_flags"":[""new_checkout"",""tax_inclusive""],""last_update_prompt_at"":null,""last_update_installed_at"":null,""crash_count"":0,""internet_status"":true,""app_launched_count"":1}",2026-05-02T14:06:43.105148+00:00,,,
81db4947-cabb-4c44-b052-4383ad783590,a697521a-c52a-477a-a275-8b302730a1f6,app_close,2026-05-02 14:06:45.940442,"{""type"":""app_close"",""reason"":""window_closed"",""app_version"":""1.3.2"",""timestamp"":""2026-05-02T14:06:45.9371901Z""}",2026-05-02T14:06:46.213342+00:00,,,
a3ae159c-4e28-44cf-aead-ac370779a6bd,fdeb7b71-5543-4755-926d-89ed20f4e78a,app_close,2026-05-02 14:07:32.235082,"{""type"":""app_close"",""run_id"":""05b647b5-0eeb-4578-9e94-cd661a441c60"",""reason"":""window_closed"",""app_version"":""1.4.0"",""timestamp"":""2026-05-02T14:07:32.2325732Z""}",2026-05-02T14:07:32.241825+00:00,05b647b5-0eeb-4578-9e94-cd661a441c60,,
a7f3674c-76ec-4c15-be4e-cd62e22efd70,fdeb7b71-5543-4755-926d-89ed20f4e78a,app_launch,2026-05-02 14:11:31.854570,"{""type"":""app_launch"",""install_id"":""fdeb7b71-5543-4755-926d-89ed20f4e78a"",""run_id"":""2fc71fb1-9dfd-44eb-b8ca-c4fbe718390e"",""app_version"":""1.4.0"",""timestamp"":""2026-05-02T14:11:31.8545705Z"",""app_launched_count"":185}",2026-05-02T14:11:31.894359+00:00,2fc71fb1-9dfd-44eb-b8ca-c4fbe718390e,,
a408ac76-60ee-4214-b57b-3a1a4cf9d2a5,fdeb7b71-5543-4755-926d-89ed20f4e78a,DashboardRefreshFailed,2026-05-02 14:12:51.298177,"{""Error"":""The added or subtracted value results in an un-representable DateTime. (Parameter \u0027value\u0027)""}",2026-05-02T14:12:51.31273+00:00,,,
dacf6008-f5ee-41e4-a0bf-c139b1766f6f,fdeb7b71-5543-4755-926d-89ed20f4e78a,DashboardRefreshFailed,2026-05-02 14:12:51.491451,"{""Error"":""The added or subtracted value results in an un-representable DateTime. (Parameter \u0027value\u0027)""}",2026-05-02T14:12:51.499876+00:00,,,
1db12c30-f474-4424-a809-c513acfa6a7e,2f7a7a2b-5104-454a-a685-787f910b4eab,app_launch,2026-05-02 14:09:16.143587,"{""type"":""app_launch"",""install_id"":""2f7a7a2b-5104-454a-a685-787f910b4eab"",""app_version"":""1.3.2"",""timestamp"":""2026-05-02T14:09:05.9978146Z"",""windows_version"":""Microsoft Windows 10.0.19045"",""os_architecture"":""X64"",""dotnet_runtime_version"":"".NET 8.0.25"",""ram_bucket"":""0-4GB"",""cpu_core_bucket"":""1-2 Cores"",""screen_resolution_bucket"":""1366x768"",""build_number"":""1200"",""release_channel"":""production"",""first_run_at"":""2026-05-02T14:06:33.2366727Z"",""last_seen_at"":""2026-05-02T14:09:05.9994438Z"",""days_since_install"":""0"",""days_since_last_seen"":""0"",""country_setting"":null,""currency_setting"":""ZMW"",""startup_time_bucket_ms"":""1000-2000"",""feature_flags"":[""new_checkout"",""tax_inclusive""],""last_update_prompt_at"":null,""last_update_installed_at"":null,""crash_count"":0,""internet_status"":true,""app_launched_count"":2}",2026-05-02T14:09:16.261964+00:00,,,
3305f29a-d46a-435d-80f8-b0a8a611710e,a697521a-c52a-477a-a275-8b302730a1f6,app_launch,2026-05-02 14:09:16.770564,"{""type"":""app_launch"",""install_id"":""a697521a-c52a-477a-a275-8b302730a1f6"",""app_version"":""1.3.2"",""timestamp"":""2026-05-02T14:09:06.6374484Z"",""windows_version"":""Microsoft Windows 10.0.19045"",""os_architecture"":""X64"",""dotnet_runtime_version"":"".NET 8.0.25"",""ram_bucket"":""0-4GB"",""cpu_core_bucket"":""1-2 Cores"",""screen_resolution_bucket"":""1366x768"",""build_number"":""1200"",""release_channel"":""production"",""first_run_at"":""2026-04-07T06:47:45.8045562Z"",""last_seen_at"":""2026-05-02T14:09:06.6390094Z"",""days_since_install"":""25"",""days_since_last_seen"":""0"",""country_setting"":null,""currency_setting"":""ZMW"",""startup_time_bucket_ms"":""1000-2000"",""feature_flags"":[""new_checkout"",""tax_inclusive""],""last_update_prompt_at"":null,""last_update_installed_at"":null,""crash_count"":2,""internet_status"":true,""app_launched_count"":8}",2026-05-02T14:09:16.971064+00:00,,,
88774efd-329f-4db6-8d33-14ef858d4da8,2f7a7a2b-5104-454a-a685-787f910b4eab,app_close,2026-05-02 14:16:55.464543,"{""type"":""app_close"",""reason"":""window_closed"",""app_version"":""1.3.2"",""timestamp"":""2026-05-02T14:16:55.3366369Z""}",2026-05-02T14:16:56.14152+00:00,,,
f65a18ef-2cc9-47cb-ad7c-b3b755ddcd30,f6f42705-1953-4bec-a294-e4a8668a1868,unclean_exit,2026-05-02 14:24:07.174724,"{""type"":""unclean_exit"",""run_id"":""0297da9e-6824-46dd-aed5-919057c255f9"",""app_version"":""1.4.0"",""timestamp"":""2026-05-02T14:24:07.1738655Z"",""started_at"":""2026-05-01T19:11:23.6691640\u002B01:00"",""last_activity_at"":null,""last_activity_source"":null}",2026-05-02T14:24:07.204488+00:00,0297da9e-6824-46dd-aed5-919057c255f9,,
2ea7a8a7-a1d1-46fa-a3d7-b2eaa9b24dce,f6f42705-1953-4bec-a294-e4a8668a1868,app_launch,2026-05-02 14:24:07.260418,"{""type"":""app_launch"",""install_id"":""f6f42705-1953-4bec-a294-e4a8668a1868"",""run_id"":""e4872c3f-8f25-4f2a-8dc7-7ab76867ad70"",""app_version"":""1.4.0"",""timestamp"":""2026-05-02T14:24:07.2604177Z"",""app_launched_count"":13}",2026-05-02T14:24:07.266307+00:00,e4872c3f-8f25-4f2a-8dc7-7ab76867ad70,,
4fc1049e-1445-444e-b2dd-80e3ceea2bed,fdeb7b71-5543-4755-926d-89ed20f4e78a,unclean_exit,2026-05-02 14:26:36.931986,"{""type"":""unclean_exit"",""run_id"":""2fc71fb1-9dfd-44eb-b8ca-c4fbe718390e"",""app_version"":""1.4.0"",""timestamp"":""2026-05-02T14:26:36.9314939Z"",""started_at"":""2026-05-02T14:11:31.8545705Z"",""last_activity_at"":null,""last_activity_source"":null}",2026-05-02T14:26:36.988936+00:00,2fc71fb1-9dfd-44eb-b8ca-c4fbe718390e,,
2a33eecf-65c3-4c31-aa0a-c1ec83c7b856,fdeb7b71-5543-4755-926d-89ed20f4e78a,app_launch,2026-05-02 14:26:36.981017,"{""type"":""app_launch"",""install_id"":""fdeb7b71-5543-4755-926d-89ed20f4e78a"",""run_id"":""2d46f1ea-eacd-4652-8ff4-917c4c652e55"",""app_version"":""1.4.0"",""timestamp"":""2026-05-02T14:26:36.9810171Z"",""app_launched_count"":186}",2026-05-02T14:26:37.14677+00:00,2d46f1ea-eacd-4652-8ff4-917c4c652e55,,
c6c48252-c39f-4a96-8e1f-30966308de22,fdeb7b71-5543-4755-926d-89ed20f4e78a,DashboardRefreshFailed,2026-05-02 14:26:46.908932,"{""Error"":""The added or subtracted value results in an un-representable DateTime. (Parameter \u0027value\u0027)""}",2026-05-02T14:26:46.922635+00:00,,,
3db35dbe-d33b-46bd-82a1-a80aa16be034,fdeb7b71-5543-4755-926d-89ed20f4e78a,app_close,2026-05-02 14:27:06.751448,"{""type"":""app_close"",""run_id"":""2d46f1ea-eacd-4652-8ff4-917c4c652e55"",""reason"":""window_closed"",""app_version"":""1.4.0"",""timestamp"":""2026-05-02T14:27:06.7469255Z""}",2026-05-02T14:27:06.75643+00:00,2d46f1ea-eacd-4652-8ff4-917c4c652e55,,
28434cf0-2645-4517-b1fb-72a6ff2aafe4,fdeb7b71-5543-4755-926d-89ed20f4e78a,DashboardRefreshFailed,2026-05-02 14:27:17.452034,"{""Error"":""The added or subtracted value results in an un-representable DateTime. (Parameter \u0027value\u0027)""}",2026-05-02T14:27:17.466068+00:00,,,
4140cfc9-b5e4-4be8-a100-93ce646b4c23,fdeb7b71-5543-4755-926d-89ed20f4e78a,app_launch,2026-05-02 14:27:09.283949,"{""type"":""app_launch"",""install_id"":""fdeb7b71-5543-4755-926d-89ed20f4e78a"",""run_id"":""78aff183-b1a9-4662-ae46-6deaff152f2a"",""app_version"":""1.4.0"",""timestamp"":""2026-05-02T14:27:09.2839490Z"",""app_launched_count"":187}",2026-05-02T14:27:09.313205+00:00,78aff183-b1a9-4662-ae46-6deaff152f2a,,
45c6e31b-2119-4061-a0b8-546ee4caf8c1,fdeb7b71-5543-4755-926d-89ed20f4e78a,DashboardRefreshFailed,2026-05-02 14:27:17.596135,"{""Error"":""The added or subtracted value results in an un-representable DateTime. (Parameter \u0027value\u0027)""}",2026-05-02T14:27:17.603843+00:00,,,
d5ea82f0-59f2-4223-a2ef-bc60a36fa9a9,fdeb7b71-5543-4755-926d-89ed20f4e78a,app_close,2026-05-02 14:30:40.447235,"{""type"":""app_close"",""run_id"":""78aff183-b1a9-4662-ae46-6deaff152f2a"",""reason"":""window_closed"",""app_version"":""1.4.0"",""timestamp"":""2026-05-02T14:30:40.4454719Z""}",2026-05-02T14:30:40.451568+00:00,78aff183-b1a9-4662-ae46-6deaff152f2a,,
51e6f729-3a9b-4b29-b331-46d754ee51c8,fdeb7b71-5543-4755-926d-89ed20f4e78a,app_launch,2026-05-02 14:30:48.746215,"{""type"":""app_launch"",""install_id"":""fdeb7b71-5543-4755-926d-89ed20f4e78a"",""run_id"":""8c77b1c5-b1b4-4546-9db6-12446c03ef60"",""app_version"":""1.4.0"",""timestamp"":""2026-05-02T14:30:48.7462154Z"",""app_launched_count"":188}",2026-05-02T14:30:48.789506+00:00,8c77b1c5-b1b4-4546-9db6-12446c03ef60,,
fa80fbfa-5c0f-4f40-97e5-98e2e7a1d6c7,fdeb7b71-5543-4755-926d-89ed20f4e78a,DashboardRefreshFailed,2026-05-02 14:30:59.235511,"{""Error"":""The added or subtracted value results in an un-representable DateTime. (Parameter \u0027value\u0027)""}",2026-05-02T14:30:59.254126+00:00,,,
bd76a6ca-dee4-4697-8859-cc914264a2b4,fdeb7b71-5543-4755-926d-89ed20f4e78a,DashboardRefreshFailed,2026-05-02 14:30:59.435416,"{""Error"":""The added or subtracted value results in an un-representable DateTime. (Parameter \u0027value\u0027)""}",2026-05-02T14:30:59.44334+00:00,,,
6a099bba-ac65-4530-b8e5-a4f8537b7068,fdeb7b71-5543-4755-926d-89ed20f4e78a,app_close,2026-05-02 14:31:15.464905,"{""type"":""app_close"",""run_id"":""8c77b1c5-b1b4-4546-9db6-12446c03ef60"",""reason"":""window_closed"",""app_version"":""1.4.0"",""timestamp"":""2026-05-02T14:31:15.4601509Z""}",2026-05-02T14:31:15.473877+00:00,8c77b1c5-b1b4-4546-9db6-12446c03ef60,,
658008f2-22fd-44bd-8977-59f9acdb9097,fdeb7b71-5543-4755-926d-89ed20f4e78a,app_launch,2026-05-02 14:31:17.880338,"{""type"":""app_launch"",""install_id"":""fdeb7b71-5543-4755-926d-89ed20f4e78a"",""run_id"":""6f1dec83-d208-45ba-a04a-96067bf19947"",""app_version"":""1.4.0"",""timestamp"":""2026-05-02T14:31:17.8803376Z"",""app_launched_count"":189}",2026-05-02T14:31:17.90722+00:00,6f1dec83-d208-45ba-a04a-96067bf19947,,
c46ea090-1ab5-49a1-a3fb-62269a7a7aa7,fdeb7b71-5543-4755-926d-89ed20f4e78a,DashboardRefreshFailed,2026-05-02 14:31:27.273244,"{""Error"":""The added or subtracted value results in an un-representable DateTime. (Parameter \u0027value\u0027)""}",2026-05-02T14:31:27.286562+00:00,,,
99c314da-b92f-4091-b05b-763d2880be3c,fdeb7b71-5543-4755-926d-89ed20f4e78a,DashboardRefreshFailed,2026-05-02 14:31:27.406297,"{""Error"":""The added or subtracted value results in an un-representable DateTime. (Parameter \u0027value\u0027)""}",2026-05-02T14:31:27.414631+00:00,,,
5f967cd7-1a75-4d6e-a6f6-9b77b50a3f50,fdeb7b71-5543-4755-926d-89ed20f4e78a,DashboardRefreshFailed,2026-05-02 14:31:49.508545,"{""Error"":""The added or subtracted value results in an un-representable DateTime. (Parameter \u0027value\u0027)""}",2026-05-02T14:31:49.516318+00:00,,,
de46efbc-65eb-40d4-9933-a9631608a428,fdeb7b71-5543-4755-926d-89ed20f4e78a,DashboardRefreshFailed,2026-05-02 14:31:54.675698,"{""Error"":""The added or subtracted value results in an un-representable DateTime. (Parameter \u0027value\u0027)""}",2026-05-02T14:31:54.683544+00:00,,,
506ccfa1-2971-4306-9272-67b15b9a9720,fdeb7b71-5543-4755-926d-89ed20f4e78a,DashboardRefreshFailed,2026-05-02 14:31:54.745141,"{""Error"":""The added or subtracted value results in an un-representable DateTime. (Parameter \u0027value\u0027)""}",2026-05-02T14:31:54.751942+00:00,,,
474c24ac-5db2-4dd6-8db0-72b25e5220d9,2e0cbf04-24a5-4055-9071-c63a4b938d79,app_launch,2026-05-02 14:31:18.504989,"{""type"":""app_launch"",""install_id"":""2e0cbf04-24a5-4055-9071-c63a4b938d79"",""run_id"":""628e75aa-cb45-48f2-950a-e789ec3e236c"",""app_version"":""1.4.0"",""timestamp"":""2026-05-02T14:31:18.5049892Z"",""app_launched_count"":1}",2026-05-02T14:31:18.527914+00:00,628e75aa-cb45-48f2-950a-e789ec3e236c,,
b28a3d95-e50c-41ab-bc23-bc0a4fc5adf1,fdeb7b71-5543-4755-926d-89ed20f4e78a,DashboardRefreshFailed,2026-05-02 14:56:22.355520,"{""Error"":""The added or subtracted value results in an un-representable DateTime. (Parameter \u0027value\u0027)""}",2026-05-02T14:56:22.372087+00:00,,,
9a221694-3056-4e88-9bf4-072916e5140d,fdeb7b71-5543-4755-926d-89ed20f4e78a,DashboardRefreshFailed,2026-05-02 14:56:22.483384,"{""Error"":""The added or subtracted value results in an un-representable DateTime. (Parameter \u0027value\u0027)""}",2026-05-02T14:56:22.491641+00:00,,,
eebb53d9-c703-4292-be15-7ffac9d1758d,fdeb7b71-5543-4755-926d-89ed20f4e78a,app_close,2026-05-02 14:56:36.209398,"{""type"":""app_close"",""run_id"":""6f1dec83-d208-45ba-a04a-96067bf19947"",""reason"":""window_closed"",""app_version"":""1.4.0"",""timestamp"":""2026-05-02T14:56:36.2078112Z""}",2026-05-02T14:56:36.213232+00:00,6f1dec83-d208-45ba-a04a-96067bf19947,,
3f69fabd-418a-4007-9d30-2ea8d75fca25,fdeb7b71-5543-4755-926d-89ed20f4e78a,app_launch,2026-05-02 14:56:44.675846,"{""type"":""app_launch"",""install_id"":""fdeb7b71-5543-4755-926d-89ed20f4e78a"",""run_id"":""1286031f-00e3-41d6-ba2a-116ac28993e0"",""app_version"":""1.4.0"",""timestamp"":""2026-05-02T14:56:44.6758459Z"",""app_launched_count"":190}",2026-05-02T14:56:44.696213+00:00,1286031f-00e3-41d6-ba2a-116ac28993e0,,
4503d135-6608-4525-aa2a-684a0326aab1,fdeb7b71-5543-4755-926d-89ed20f4e78a,DashboardRefreshFailed,2026-05-02 14:57:13.953019,"{""Error"":""The added or subtracted value results in an un-representable DateTime. (Parameter \u0027value\u0027)""}",2026-05-02T14:57:13.962282+00:00,,,
7d8fe0a4-4ae0-4cb1-bd99-e59d865fe729,fdeb7b71-5543-4755-926d-89ed20f4e78a,DashboardRefreshFailed,2026-05-02 14:57:14.056026,"{""Error"":""The added or subtracted value results in an un-representable DateTime. (Parameter \u0027value\u0027)""}",2026-05-02T14:57:14.06678+00:00,,,
cc90a630-4fe9-4670-af1f-0b5cf11faff1,b174abd8-b521-4b06-9c9e-678ae8e56c62,app_launch,2026-05-02 15:18:28.714122,"{""type"":""app_launch"",""install_id"":""b174abd8-b521-4b06-9c9e-678ae8e56c62"",""run_id"":""e3c93c5a-3978-4c09-8d59-b41ad6a8390a"",""app_version"":""1.4.0"",""timestamp"":""2026-05-02T15:18:28.7141219Z"",""app_launched_count"":1}",2026-05-02T15:18:28.722792+00:00,e3c93c5a-3978-4c09-8d59-b41ad6a8390a,,
1e9490d0-2469-4f55-b84b-3373cf7360ed,0ac90631-46f1-4112-a678-025ec614e9b3,app_launch,2026-05-02 18:07:49.852556,"{""type"":""app_launch"",""install_id"":""0ac90631-46f1-4112-a678-025ec614e9b3"",""app_version"":""1.3.2"",""timestamp"":""2026-05-02T18:07:49.7713259Z"",""windows_version"":""Microsoft Windows 10.0.26200"",""os_architecture"":""X64"",""dotnet_runtime_version"":"".NET 8.0.26"",""ram_bucket"":""8-16GB"",""cpu_core_bucket"":""9-16 Cores"",""screen_resolution_bucket"":""1920x1080"",""build_number"":""1200"",""release_channel"":""production"",""first_run_at"":""2026-05-01T13:20:39.9787124Z"",""last_seen_at"":""2026-05-02T18:07:49.7724024Z"",""days_since_install"":""1"",""days_since_last_seen"":""0"",""country_setting"":""BE"",""currency_setting"":""EUR"",""startup_time_bucket_ms"":""1000-2000"",""feature_flags"":[""new_checkout"",""tax_inclusive""],""last_update_prompt_at"":null,""last_update_installed_at"":null,""crash_count"":0,""internet_status"":true,""app_launched_count"":35}",2026-05-02T18:07:49.867796+00:00,,,
42cccafe-84a5-4c13-8aab-0f1a2a9b3002,fdeb7b71-5543-4755-926d-89ed20f4e78a,DashboardRefreshFailed,2026-05-02 18:59:29.574959,"{""Error"":""The added or subtracted value results in an un-representable DateTime. (Parameter \u0027value\u0027)""}",2026-05-02T18:59:29.581748+00:00,,,
23e0698c-b1bd-4b71-b1ad-3d5dbbc0f7f2,fdeb7b71-5543-4755-926d-89ed20f4e78a,DashboardRefreshFailed,2026-05-02 18:59:29.482732,"{""Error"":""The added or subtracted value results in an un-representable DateTime. (Parameter \u0027value\u0027)""}",2026-05-02T18:59:29.496943+00:00,,,
6dea2cd7-92f0-453e-99f5-7da25d8ebbb2,fdeb7b71-5543-4755-926d-89ed20f4e78a,DashboardRefreshFailed,2026-05-02 19:04:17.427286,"{""Error"":""The added or subtracted value results in an un-representable DateTime. (Parameter \u0027value\u0027)""}",2026-05-02T19:04:17.433499+00:00,,,
30dd9f5b-2cd9-476e-9c4a-160da380ff09,fdeb7b71-5543-4755-926d-89ed20f4e78a,DashboardRefreshFailed,2026-05-02 19:04:17.502243,"{""Error"":""The added or subtracted value results in an un-representable DateTime. (Parameter \u0027value\u0027)""}",2026-05-02T19:04:17.508493+00:00,,,
6c933485-f856-4db7-8dc1-b0076317066f,fdeb7b71-5543-4755-926d-89ed20f4e78a,app_close,2026-05-02 19:23:18.254148,"{""type"":""app_close"",""run_id"":""1286031f-00e3-41d6-ba2a-116ac28993e0"",""reason"":""window_closed"",""app_version"":""1.4.0"",""timestamp"":""2026-05-02T19:23:18.2516659Z""}",2026-05-02T19:23:18.260253+00:00,1286031f-00e3-41d6-ba2a-116ac28993e0,,
c14a5148-d65b-43ff-b5f2-bff0f60ba84b,fdeb7b71-5543-4755-926d-89ed20f4e78a,app_launch,2026-05-02 19:23:36.834100,"{""type"":""app_launch"",""install_id"":""fdeb7b71-5543-4755-926d-89ed20f4e78a"",""run_id"":""478799e1-c0cf-4465-86a6-33f92608fa66"",""app_version"":""1.4.0"",""timestamp"":""2026-05-02T19:23:36.8341002Z"",""app_launched_count"":191}",2026-05-02T19:23:36.866051+00:00,478799e1-c0cf-4465-86a6-33f92608fa66,,
df0ee6c6-3588-4b35-994e-ec0c14471028,fdeb7b71-5543-4755-926d-89ed20f4e78a,DashboardRefreshFailed,2026-05-02 19:29:29.662725,"{""Error"":""The added or subtracted value results in an un-representable DateTime. (Parameter \u0027value\u0027)""}",2026-05-02T19:29:29.675138+00:00,,,
5b1e7551-4223-4820-8fa5-694e125c2c4c,fdeb7b71-5543-4755-926d-89ed20f4e78a,DashboardRefreshFailed,2026-05-02 19:29:29.888725,"{""Error"":""The added or subtracted value results in an un-representable DateTime. (Parameter \u0027value\u0027)""}",2026-05-02T19:29:29.894512+00:00,,,
a6ea4ed6-7135-413d-8c3a-efe076a4df82,fdeb7b71-5543-4755-926d-89ed20f4e78a,DashboardRefreshFailed,2026-05-02 19:30:17.363660,"{""Error"":""The added or subtracted value results in an un-representable DateTime. (Parameter \u0027value\u0027)""}",2026-05-02T19:30:17.370578+00:00,,,
86c579c0-8aee-442e-beed-643bcfc73985,fdeb7b71-5543-4755-926d-89ed20f4e78a,DashboardRefreshFailed,2026-05-02 19:30:17.518666,"{""Error"":""The added or subtracted value results in an un-representable DateTime. (Parameter \u0027value\u0027)""}",2026-05-02T19:30:17.524005+00:00,,,
5e58666a-05e7-454c-99f5-a0b1d0572ca2,fdeb7b71-5543-4755-926d-89ed20f4e78a,DashboardRefreshFailed,2026-05-02 19:30:49.572616,"{""Error"":""The added or subtracted value results in an un-representable DateTime. (Parameter \u0027value\u0027)""}",2026-05-02T19:30:49.583619+00:00,,,
8af10fb0-0c1f-4d05-b7b2-e2046df5075e,fdeb7b71-5543-4755-926d-89ed20f4e78a,DashboardRefreshFailed,2026-05-02 19:30:49.680802,"{""Error"":""The added or subtracted value results in an un-representable DateTime. (Parameter \u0027value\u0027)""}",2026-05-02T19:30:49.691156+00:00,,,
42ff91f8-f6da-41d8-8e8a-795622a629a5,fdeb7b71-5543-4755-926d-89ed20f4e78a,DashboardRefreshFailed,2026-05-02 19:34:08.600143,"{""Error"":""The added or subtracted value results in an un-representable DateTime. (Parameter \u0027value\u0027)""}",2026-05-02T19:34:08.605962+00:00,,,
501b502e-9f81-4a28-951e-9703299905b5,fdeb7b71-5543-4755-926d-89ed20f4e78a,DashboardRefreshFailed,2026-05-02 19:34:08.422722,"{""Error"":""The added or subtracted value results in an un-representable DateTime. (Parameter \u0027value\u0027)""}",2026-05-02T19:34:08.427964+00:00,,,
2d0deda0-d542-47fb-896b-00225439f1c1,fdeb7b71-5543-4755-926d-89ed20f4e78a,DashboardRefreshFailed,2026-05-02 19:35:49.995729,"{""Error"":""The added or subtracted value results in an un-representable DateTime. (Parameter \u0027value\u0027)""}",2026-05-02T19:35:50.008917+00:00,,,
c5904378-2a47-406c-9a5e-0c0c10f555f9,fdeb7b71-5543-4755-926d-89ed20f4e78a,DashboardRefreshFailed,2026-05-02 19:35:50.154871,"{""Error"":""The added or subtracted value results in an un-representable DateTime. (Parameter \u0027value\u0027)""}",2026-05-02T19:35:50.161152+00:00,,,
996471fe-ef6a-4b0c-964d-8c12cfceb246,fdeb7b71-5543-4755-926d-89ed20f4e78a,DashboardRefreshFailed,2026-05-02 19:37:49.439596,"{""Error"":""The added or subtracted value results in an un-representable DateTime. (Parameter \u0027value\u0027)""}",2026-05-02T19:37:49.451103+00:00,,,
f6764e1e-76d9-4d08-ac87-c1d5c42b6fb6,fdeb7b71-5543-4755-926d-89ed20f4e78a,DashboardRefreshFailed,2026-05-02 19:37:49.571649,"{""Error"":""The added or subtracted value results in an un-representable DateTime. (Parameter \u0027value\u0027)""}",2026-05-02T19:37:49.578772+00:00,,,
23bb5656-7e90-4940-a96a-b1ac5f2b012c,fdeb7b71-5543-4755-926d-89ed20f4e78a,DashboardRefreshFailed,2026-05-02 19:42:38.271584,"{""Error"":""The added or subtracted value results in an un-representable DateTime. (Parameter \u0027value\u0027)""}",2026-05-02T19:42:38.279752+00:00,,,
b27a3adb-b8cf-45e0-8f07-23d642f6d109,fdeb7b71-5543-4755-926d-89ed20f4e78a,DashboardRefreshFailed,2026-05-02 19:42:38.424446,"{""Error"":""The added or subtracted value results in an un-representable DateTime. (Parameter \u0027value\u0027)""}",2026-05-02T19:42:38.431689+00:00,,,
ea3a805f-0778-47fb-bc62-97da41542001,fdeb7b71-5543-4755-926d-89ed20f4e78a,DashboardRefreshFailed,2026-05-02 19:44:57.418683,"{""Error"":""The added or subtracted value results in an un-representable DateTime. (Parameter \u0027value\u0027)""}",2026-05-02T19:44:57.425446+00:00,,,
1cade274-17e3-4a41-9c7c-4a8d5bc9dd1a,fdeb7b71-5543-4755-926d-89ed20f4e78a,DashboardRefreshFailed,2026-05-02 19:44:57.667438,"{""Error"":""The added or subtracted value results in an un-representable DateTime. (Parameter \u0027value\u0027)""}",2026-05-02T19:44:57.668818+00:00,,,
e38387ab-8c85-44fd-92b6-92ef1429f772,fdeb7b71-5543-4755-926d-89ed20f4e78a,unclean_exit,2026-05-02 19:49:39.651001,"{""type"":""unclean_exit"",""run_id"":""478799e1-c0cf-4465-86a6-33f92608fa66"",""app_version"":""1.4.0"",""timestamp"":""2026-05-02T19:49:39.6504238Z"",""started_at"":""2026-05-02T19:23:36.8341002Z"",""last_activity_at"":null,""last_activity_source"":null}",2026-05-02T19:49:39.69622+00:00,478799e1-c0cf-4465-86a6-33f92608fa66,,
89919db7-b198-4541-b099-18deb52fe183,fdeb7b71-5543-4755-926d-89ed20f4e78a,app_launch,2026-05-02 19:49:39.689821,"{""type"":""app_launch"",""install_id"":""fdeb7b71-5543-4755-926d-89ed20f4e78a"",""run_id"":""b918057a-9dfa-4685-9260-7ab98ae689ed"",""app_version"":""1.4.0"",""timestamp"":""2026-05-02T19:49:39.6898213Z"",""app_launched_count"":192}",2026-05-02T19:49:39.853065+00:00,b918057a-9dfa-4685-9260-7ab98ae689ed,,
5af52b52-90f5-45ad-8c6a-bfc4b1616c18,fdeb7b71-5543-4755-926d-89ed20f4e78a,DashboardRefreshFailed,2026-05-02 19:50:07.868224,"{""Error"":""The added or subtracted value results in an un-representable DateTime. (Parameter \u0027value\u0027)""}",2026-05-02T19:50:07.879522+00:00,,,
f2ad80a8-9c4a-400d-a814-05054e9174bc,fdeb7b71-5543-4755-926d-89ed20f4e78a,DashboardRefreshFailed,2026-05-02 19:50:08.151309,"{""Error"":""The added or subtracted value results in an un-representable DateTime. (Parameter \u0027value\u0027)""}",2026-05-02T19:50:08.156938+00:00,,,
4f8ea6cc-d6f2-4c6b-9641-27dd06ccc452,fdeb7b71-5543-4755-926d-89ed20f4e78a,DashboardRefreshFailed,2026-05-02 19:51:50.488412,"{""Error"":""The added or subtracted value results in an un-representable DateTime. (Parameter \u0027value\u0027)""}",2026-05-02T19:51:50.494624+00:00,,,
e9313414-ce22-49e7-8e5f-a45671095e82,fdeb7b71-5543-4755-926d-89ed20f4e78a,DashboardRefreshFailed,2026-05-02 19:51:50.650970,"{""Error"":""The added or subtracted value results in an un-representable DateTime. (Parameter \u0027value\u0027)""}",2026-05-02T19:51:50.657402+00:00,,,
fe245bc0-18b0-4bcd-851a-ad15aa46eed1,fdeb7b71-5543-4755-926d-89ed20f4e78a,DashboardRefreshFailed,2026-05-02 19:53:19.201186,"{""Error"":""The added or subtracted value results in an un-representable DateTime. (Parameter \u0027value\u0027)""}",2026-05-02T19:53:19.207024+00:00,,,
eee10fd7-2315-4019-a7b8-888e8d4f43fa,fdeb7b71-5543-4755-926d-89ed20f4e78a,DashboardRefreshFailed,2026-05-02 19:53:19.338242,"{""Error"":""The added or subtracted value results in an un-representable DateTime. (Parameter \u0027value\u0027)""}",2026-05-02T19:53:19.343376+00:00,,,
226ee2e9-f982-4ce6-bdb1-8da6217b93e3,fdeb7b71-5543-4755-926d-89ed20f4e78a,unclean_exit,2026-05-02 19:54:49.030185,"{""type"":""unclean_exit"",""run_id"":""b918057a-9dfa-4685-9260-7ab98ae689ed"",""app_version"":""1.4.0"",""timestamp"":""2026-05-02T19:54:49.0296240Z"",""started_at"":""2026-05-02T19:49:39.6898213Z"",""last_activity_at"":null,""last_activity_source"":null}",2026-05-02T19:54:49.097682+00:00,b918057a-9dfa-4685-9260-7ab98ae689ed,,
ce4c111e-dbc1-4644-a21a-93f11e71a4b7,fdeb7b71-5543-4755-926d-89ed20f4e78a,app_launch,2026-05-02 19:54:49.212916,"{""type"":""app_launch"",""install_id"":""fdeb7b71-5543-4755-926d-89ed20f4e78a"",""run_id"":""05ba41b1-82a9-45b1-9b95-0c87f594c986"",""app_version"":""1.4.0"",""timestamp"":""2026-05-02T19:54:49.2129159Z"",""app_launched_count"":193}",2026-05-02T19:54:49.219314+00:00,05ba41b1-82a9-45b1-9b95-0c87f594c986,,
6eb2d687-efbe-480b-aa24-5ffeba1a4e41,fdeb7b71-5543-4755-926d-89ed20f4e78a,app_close,2026-05-02 19:55:33.595127,"{""type"":""app_close"",""run_id"":""05ba41b1-82a9-45b1-9b95-0c87f594c986"",""reason"":""window_closed"",""app_version"":""1.4.0"",""timestamp"":""2026-05-02T19:55:33.5852272Z""}",2026-05-02T19:55:33.599717+00:00,05ba41b1-82a9-45b1-9b95-0c87f594c986,,
af842395-3041-4fd5-9452-aaa9fedd52c9,fdeb7b71-5543-4755-926d-89ed20f4e78a,app_launch,2026-05-02 19:55:36.638383,"{""type"":""app_launch"",""install_id"":""fdeb7b71-5543-4755-926d-89ed20f4e78a"",""run_id"":""4070b02f-e31c-434d-b469-d947d6a317a7"",""app_version"":""1.4.0"",""timestamp"":""2026-05-02T19:55:36.6383833Z"",""app_launched_count"":194}",2026-05-02T19:55:36.664314+00:00,4070b02f-e31c-434d-b469-d947d6a317a7,,
b353e394-a299-44aa-be2c-5986b4e5e02e,fdeb7b71-5543-4755-926d-89ed20f4e78a,DashboardRefreshFailed,2026-05-02 19:56:27.452003,"{""Error"":""The added or subtracted value results in an un-representable DateTime. (Parameter \u0027value\u0027)""}",2026-05-02T19:56:27.461886+00:00,,,
801a8886-3e56-4062-b02c-20080e963c4e,fdeb7b71-5543-4755-926d-89ed20f4e78a,DashboardRefreshFailed,2026-05-02 19:56:27.550274,"{""Error"":""The added or subtracted value results in an un-representable DateTime. (Parameter \u0027value\u0027)""}",2026-05-02T19:56:27.556175+00:00,,,
90c1c850-e448-4cb2-a546-8a6580ced043,fdeb7b71-5543-4755-926d-89ed20f4e78a,app_close,2026-05-02 19:56:34.788381,"{""type"":""app_close"",""run_id"":""4070b02f-e31c-434d-b469-d947d6a317a7"",""reason"":""window_closed"",""app_version"":""1.4.0"",""timestamp"":""2026-05-02T19:56:34.7872036Z""}",2026-05-02T19:56:34.79216+00:00,4070b02f-e31c-434d-b469-d947d6a317a7,,
525202da-d6ac-4620-897d-ea9204b26e9c,fdeb7b71-5543-4755-926d-89ed20f4e78a,app_launch,2026-05-02 19:56:43.540908,"{""type"":""app_launch"",""install_id"":""fdeb7b71-5543-4755-926d-89ed20f4e78a"",""run_id"":""206dfc88-195a-4e37-a6c6-25f02312a226"",""app_version"":""1.4.0"",""timestamp"":""2026-05-02T19:56:43.5409080Z"",""app_launched_count"":195}",2026-05-02T19:56:43.565792+00:00,206dfc88-195a-4e37-a6c6-25f02312a226,,
d290f3d9-e7b3-456f-8077-3c32a7c591cb,fdeb7b71-5543-4755-926d-89ed20f4e78a,DashboardRefreshFailed,2026-05-02 19:56:57.285683,"{""Error"":""The added or subtracted value results in an un-representable DateTime. (Parameter \u0027value\u0027)""}",2026-05-02T19:56:57.298808+00:00,,,
cbc78879-5fab-4b06-ac43-9d8a6de9f65e,fdeb7b71-5543-4755-926d-89ed20f4e78a,DashboardRefreshFailed,2026-05-02 19:56:57.478520,"{""Error"":""The added or subtracted value results in an un-representable DateTime. (Parameter \u0027value\u0027)""}",2026-05-02T19:56:57.483195+00:00,,,
91b7a9a0-3c5c-4e44-b988-5def7b47e582,fdeb7b71-5543-4755-926d-89ed20f4e78a,app_close,2026-05-02 19:57:23.765738,"{""type"":""app_close"",""run_id"":""206dfc88-195a-4e37-a6c6-25f02312a226"",""reason"":""window_closed"",""app_version"":""1.4.0"",""timestamp"":""2026-05-02T19:57:23.7618292Z""}",2026-05-02T19:57:23.770094+00:00,206dfc88-195a-4e37-a6c6-25f02312a226,,
b437bb7e-dc73-4923-b4df-867f776cfb9a,fdeb7b71-5543-4755-926d-89ed20f4e78a,app_launch,2026-05-02 20:02:18.535965,"{""type"":""app_launch"",""install_id"":""fdeb7b71-5543-4755-926d-89ed20f4e78a"",""run_id"":""da9da0a0-0ccd-41f4-8f79-e152fa6c8eb3"",""app_version"":""1.4.0"",""timestamp"":""2026-05-02T20:02:18.5359649Z"",""app_launched_count"":196}",2026-05-02T20:02:18.562947+00:00,da9da0a0-0ccd-41f4-8f79-e152fa6c8eb3,,
ce2d8a7f-e9d8-424b-9edc-9adcbeca1e09,fdeb7b71-5543-4755-926d-89ed20f4e78a,unclean_exit,2026-05-02 20:02:31.903562,"{""type"":""unclean_exit"",""run_id"":""da9da0a0-0ccd-41f4-8f79-e152fa6c8eb3"",""app_version"":""1.4.0"",""timestamp"":""2026-05-02T20:02:31.9031684Z"",""started_at"":""2026-05-02T20:02:18.5359649Z"",""last_activity_at"":null,""last_activity_source"":null}",2026-05-02T20:02:31.933724+00:00,da9da0a0-0ccd-41f4-8f79-e152fa6c8eb3,,
d05f2089-473f-4383-bd15-54d441bf3712,fdeb7b71-5543-4755-926d-89ed20f4e78a,app_launch,2026-05-02 20:02:31.929232,"{""type"":""app_launch"",""install_id"":""fdeb7b71-5543-4755-926d-89ed20f4e78a"",""run_id"":""0f53c93a-6ea8-44e2-8f29-31859d4bf46a"",""app_version"":""1.4.0"",""timestamp"":""2026-05-02T20:02:31.9292315Z"",""app_launched_count"":197}",2026-05-02T20:02:32.091424+00:00,0f53c93a-6ea8-44e2-8f29-31859d4bf46a,,
3f541f90-6559-4e79-a53f-ccf5bf2c2cda,fdeb7b71-5543-4755-926d-89ed20f4e78a,crash_feedback,2026-05-02 20:02:40.698292,"{""category"":""startup"",""details"":""""}",2026-05-02T20:02:40.708767+00:00,,,
71899d90-b13d-4b2f-8271-a83fe941c89c,fdeb7b71-5543-4755-926d-89ed20f4e78a,app_close,2026-05-02 20:02:44.261624,"{""type"":""app_close"",""run_id"":""0f53c93a-6ea8-44e2-8f29-31859d4bf46a"",""reason"":""window_closed"",""app_version"":""1.4.0"",""timestamp"":""2026-05-02T20:02:44.2572321Z""}",2026-05-02T20:02:44.265506+00:00,0f53c93a-6ea8-44e2-8f29-31859d4bf46a,,
52e1c131-7f6a-4ff8-b48d-7768815d1699,fdeb7b71-5543-4755-926d-89ed20f4e78a,app_launch,2026-05-02 20:07:49.931862,"{""type"":""app_launch"",""install_id"":""fdeb7b71-5543-4755-926d-89ed20f4e78a"",""run_id"":""3459e898-c7b9-4576-b30c-8f995522be2f"",""app_version"":""1.4.0"",""timestamp"":""2026-05-02T20:07:49.9318621Z"",""app_launched_count"":198}",2026-05-02T20:07:49.968878+00:00,3459e898-c7b9-4576-b30c-8f995522be2f,,
904159ed-d533-4473-9c79-e23b86ed1731,fdeb7b71-5543-4755-926d-89ed20f4e78a,DashboardRefreshFailed,2026-05-02 20:08:02.497608,"{""Error"":""The added or subtracted value results in an un-representable DateTime. (Parameter \u0027value\u0027)""}",2026-05-02T20:08:02.50944+00:00,,,
fb67fa64-537d-425d-a8af-b48376063685,fdeb7b71-5543-4755-926d-89ed20f4e78a,DashboardRefreshFailed,2026-05-02 20:08:02.661922,"{""Error"":""The added or subtracted value results in an un-representable DateTime. (Parameter \u0027value\u0027)""}",2026-05-02T20:08:02.667761+00:00,,,
edb8e312-de97-46d0-89ce-0c545a83c84e,fdeb7b71-5543-4755-926d-89ed20f4e78a,DashboardRefreshFailed,2026-05-02 20:08:53.503762,"{""Error"":""The added or subtracted value results in an un-representable DateTime. (Parameter \u0027value\u0027)""}",2026-05-02T20:08:53.51181+00:00,,,
76f407ee-501d-4f7d-bed1-f14500f9589f,fdeb7b71-5543-4755-926d-89ed20f4e78a,DashboardRefreshFailed,2026-05-02 20:08:53.621726,"{""Error"":""The added or subtracted value results in an un-representable DateTime. (Parameter \u0027value\u0027)""}",2026-05-02T20:08:53.627609+00:00,,,
0af37e82-1f4d-4003-bacf-5000efad0b5e,0ac90631-46f1-4112-a678-025ec614e9b3,app_launch,2026-05-02 20:13:21.983710,"{""type"":""app_launch"",""install_id"":""0ac90631-46f1-4112-a678-025ec614e9b3"",""app_version"":""1.3.2"",""timestamp"":""2026-05-02T20:13:21.8662639Z"",""windows_version"":""Microsoft Windows 10.0.26200"",""os_architecture"":""X64"",""dotnet_runtime_version"":"".NET 8.0.26"",""ram_bucket"":""8-16GB"",""cpu_core_bucket"":""9-16 Cores"",""screen_resolution_bucket"":""1920x1080"",""build_number"":""1200"",""release_channel"":""production"",""first_run_at"":""2026-05-01T13:20:39.9787124Z"",""last_seen_at"":""2026-05-02T20:13:21.8670254Z"",""days_since_install"":""1"",""days_since_last_seen"":""0"",""country_setting"":""BE"",""currency_setting"":""EUR"",""startup_time_bucket_ms"":""1000-2000"",""feature_flags"":[""new_checkout"",""tax_inclusive""],""last_update_prompt_at"":null,""last_update_installed_at"":null,""crash_count"":0,""internet_status"":true,""app_launched_count"":36}",2026-05-02T20:13:21.99765+00:00,,,
218a0ae6-05ef-40d4-8ac3-1e3714edb315,fdeb7b71-5543-4755-926d-89ed20f4e78a,unclean_exit,2026-05-02 20:16:12.412705,"{""type"":""unclean_exit"",""run_id"":""3459e898-c7b9-4576-b30c-8f995522be2f"",""app_version"":""1.4.0"",""timestamp"":""2026-05-02T20:16:12.4122986Z"",""started_at"":""2026-05-02T20:07:49.9318621Z"",""last_activity_at"":null,""last_activity_source"":null}",2026-05-02T20:16:12.453017+00:00,3459e898-c7b9-4576-b30c-8f995522be2f,,
da221736-5f9d-4d93-9fde-eda65c6d834e,fdeb7b71-5543-4755-926d-89ed20f4e78a,app_launch,2026-05-02 20:16:12.444773,"{""type"":""app_launch"",""install_id"":""fdeb7b71-5543-4755-926d-89ed20f4e78a"",""run_id"":""be2cdfa2-ec47-4bd8-8c28-ab389c544163"",""app_version"":""1.4.0"",""timestamp"":""2026-05-02T20:16:12.4447731Z"",""app_launched_count"":199}",2026-05-02T20:16:12.604384+00:00,be2cdfa2-ec47-4bd8-8c28-ab389c544163,,
f4291fa8-cd45-4ee2-b7dc-14fc2420018b,0ac90631-46f1-4112-a678-025ec614e9b3,app_launch,2026-05-02 20:16:22.631921,"{""type"":""app_launch"",""install_id"":""0ac90631-46f1-4112-a678-025ec614e9b3"",""app_version"":""1.3.2"",""timestamp"":""2026-05-02T20:16:22.4219274Z"",""windows_version"":""Microsoft Windows 10.0.26200"",""os_architecture"":""X64"",""dotnet_runtime_version"":"".NET 8.0.26"",""ram_bucket"":""8-16GB"",""cpu_core_bucket"":""9-16 Cores"",""screen_resolution_bucket"":""1920x1080"",""build_number"":""1200"",""release_channel"":""production"",""first_run_at"":""2026-05-01T13:20:39.9787124Z"",""last_seen_at"":""2026-05-02T20:16:22.4227069Z"",""days_since_install"":""1"",""days_since_last_seen"":""0"",""country_setting"":""BE"",""currency_setting"":""EUR"",""startup_time_bucket_ms"":""1000-2000"",""feature_flags"":[""new_checkout"",""tax_inclusive""],""last_update_prompt_at"":null,""last_update_installed_at"":null,""crash_count"":0,""internet_status"":true,""app_launched_count"":37}",2026-05-02T20:16:22.650206+00:00,,,
46b6ef7c-d86e-4bef-92d6-ec1b237d2316,0ac90631-46f1-4112-a678-025ec614e9b3,app_launch,2026-05-02 20:31:50.570709,"{""type"":""app_launch"",""install_id"":""0ac90631-46f1-4112-a678-025ec614e9b3"",""app_version"":""1.3.2"",""timestamp"":""2026-05-02T20:31:50.4517673Z"",""windows_version"":""Microsoft Windows 10.0.26200"",""os_architecture"":""X64"",""dotnet_runtime_version"":"".NET 8.0.26"",""ram_bucket"":""8-16GB"",""cpu_core_bucket"":""9-16 Cores"",""screen_resolution_bucket"":""1920x1080"",""build_number"":""1200"",""release_channel"":""production"",""first_run_at"":""2026-05-01T13:20:39.9787124Z"",""last_seen_at"":""2026-05-02T20:31:50.4526060Z"",""days_since_install"":""1"",""days_since_last_seen"":""0"",""country_setting"":""BE"",""currency_setting"":""EUR"",""startup_time_bucket_ms"":""1000-2000"",""feature_flags"":[""new_checkout"",""tax_inclusive""],""last_update_prompt_at"":null,""last_update_installed_at"":null,""crash_count"":0,""internet_status"":true,""app_launched_count"":38}",2026-05-02T20:31:50.5884+00:00,,,
0776bd21-850e-4490-a35c-d1a49961c10f,0ac90631-46f1-4112-a678-025ec614e9b3,app_launch,2026-05-02 20:37:55.033810,"{""type"":""app_launch"",""install_id"":""0ac90631-46f1-4112-a678-025ec614e9b3"",""app_version"":""1.3.2"",""timestamp"":""2026-05-02T20:37:54.7606570Z"",""windows_version"":""Microsoft Windows 10.0.26200"",""os_architecture"":""X64"",""dotnet_runtime_version"":"".NET 8.0.26"",""ram_bucket"":""8-16GB"",""cpu_core_bucket"":""9-16 Cores"",""screen_resolution_bucket"":""1920x1080"",""build_number"":""1200"",""release_channel"":""production"",""first_run_at"":""2026-05-01T13:20:39.9787124Z"",""last_seen_at"":""2026-05-02T20:37:54.7612131Z"",""days_since_install"":""1"",""days_since_last_seen"":""0"",""country_setting"":""BE"",""currency_setting"":""EUR"",""startup_time_bucket_ms"":""1000-2000"",""feature_flags"":[""new_checkout"",""tax_inclusive""],""last_update_prompt_at"":null,""last_update_installed_at"":null,""crash_count"":0,""internet_status"":true,""app_launched_count"":39}",2026-05-02T20:37:55.049458+00:00,,,
57ecb108-4b60-4959-b8f0-a851be47f7d0,0ac90631-46f1-4112-a678-025ec614e9b3,app_close,2026-05-02 20:38:42.573185,"{""type"":""app_close"",""reason"":""window_closed"",""app_version"":""1.3.2"",""timestamp"":""2026-05-02T20:38:42.5698977Z""}",2026-05-02T20:38:42.590198+00:00,,,
a0697332-6f5f-4348-b642-c8ceb0d5220f,0ac90631-46f1-4112-a678-025ec614e9b3,app_launch,2026-05-03 02:47:44.882754,"{""type"":""app_launch"",""install_id"":""0ac90631-46f1-4112-a678-025ec614e9b3"",""app_version"":""1.3.2"",""timestamp"":""2026-05-03T02:47:44.7952082Z"",""windows_version"":""Microsoft Windows 10.0.26200"",""os_architecture"":""X64"",""dotnet_runtime_version"":"".NET 8.0.26"",""ram_bucket"":""8-16GB"",""cpu_core_bucket"":""9-16 Cores"",""screen_resolution_bucket"":""1920x1080"",""build_number"":""1200"",""release_channel"":""production"",""first_run_at"":""2026-05-01T13:20:39.9787124Z"",""last_seen_at"":""2026-05-03T02:47:44.7958148Z"",""days_since_install"":""2"",""days_since_last_seen"":""0"",""country_setting"":""BE"",""currency_setting"":""EUR"",""startup_time_bucket_ms"":""1000-2000"",""feature_flags"":[""new_checkout"",""tax_inclusive""],""last_update_prompt_at"":null,""last_update_installed_at"":null,""crash_count"":0,""internet_status"":true,""app_launched_count"":40}",2026-05-03T02:47:44.887912+00:00,,,
4fe8e25e-5fcd-4fae-a27a-17e50401c51f,b1dee3cd-f084-4e27-942a-fa3829fe06d8,app_launch,2026-05-03 03:11:27.548230,"{""type"":""app_launch"",""install_id"":""b1dee3cd-f084-4e27-942a-fa3829fe06d8"",""run_id"":""461305f8-b263-4c6b-85ee-a9bbb685a5cd"",""app_version"":""1.4.1"",""timestamp"":""2026-05-03T03:11:27.5482301Z"",""app_launched_count"":1}",2026-05-03T03:11:27.575395+00:00,461305f8-b263-4c6b-85ee-a9bbb685a5cd,,
30c64146-141c-46f1-9e5f-d46393a23612,b1dee3cd-f084-4e27-942a-fa3829fe06d8,app_close,2026-05-03 03:11:35.926112,"{""type"":""app_close"",""run_id"":""461305f8-b263-4c6b-85ee-a9bbb685a5cd"",""reason"":""window_closed"",""app_version"":""1.4.1"",""timestamp"":""2026-05-03T03:11:35.9219354Z""}",2026-05-03T03:11:35.92957+00:00,461305f8-b263-4c6b-85ee-a9bbb685a5cd,,
71cb1114-5c38-46b0-b44b-54fc2db8bdfc,b1dee3cd-f084-4e27-942a-fa3829fe06d8,app_launch,2026-05-03 03:11:46.267462,"{""type"":""app_launch"",""install_id"":""b1dee3cd-f084-4e27-942a-fa3829fe06d8"",""run_id"":""2cda828a-25e2-47d8-a708-93fe9765c3bc"",""app_version"":""1.4.1"",""timestamp"":""2026-05-03T03:11:46.2674625Z"",""app_launched_count"":2}",2026-05-03T03:11:46.286667+00:00,2cda828a-25e2-47d8-a708-93fe9765c3bc,,
438ac459-2d20-4809-aa64-d4aef572de87,0ac90631-46f1-4112-a678-025ec614e9b3,app_launch,2026-05-03 04:01:37.413357,"{""type"":""app_launch"",""install_id"":""0ac90631-46f1-4112-a678-025ec614e9b3"",""app_version"":""1.3.2"",""timestamp"":""2026-05-03T04:01:37.3401669Z"",""windows_version"":""Microsoft Windows 10.0.26200"",""os_architecture"":""X64"",""dotnet_runtime_version"":"".NET 8.0.26"",""ram_bucket"":""8-16GB"",""cpu_core_bucket"":""9-16 Cores"",""screen_resolution_bucket"":""1920x1080"",""build_number"":""1200"",""release_channel"":""production"",""first_run_at"":""2026-05-01T13:20:39.9787124Z"",""last_seen_at"":""2026-05-03T04:01:37.3408237Z"",""days_since_install"":""2"",""days_since_last_seen"":""0"",""country_setting"":""BE"",""currency_setting"":""EUR"",""startup_time_bucket_ms"":""1000-2000"",""feature_flags"":[""new_checkout"",""tax_inclusive""],""last_update_prompt_at"":null,""last_update_installed_at"":null,""crash_count"":0,""internet_status"":true,""app_launched_count"":41}",2026-05-03T04:01:37.429411+00:00,,,
67c9d91c-5344-4119-a1ad-f27158620440,0ac90631-46f1-4112-a678-025ec614e9b3,app_launch,2026-05-03 09:09:15.715137,"{""type"":""app_launch"",""install_id"":""0ac90631-46f1-4112-a678-025ec614e9b3"",""app_version"":""1.3.2"",""timestamp"":""2026-05-03T09:09:15.5888917Z"",""windows_version"":""Microsoft Windows 10.0.26200"",""os_architecture"":""X64"",""dotnet_runtime_version"":"".NET 8.0.26"",""ram_bucket"":""8-16GB"",""cpu_core_bucket"":""9-16 Cores"",""screen_resolution_bucket"":""1920x1080"",""build_number"":""1200"",""release_channel"":""production"",""first_run_at"":""2026-05-01T13:20:39.9787124Z"",""last_seen_at"":""2026-05-03T09:09:15.5894997Z"",""days_since_install"":""2"",""days_since_last_seen"":""0"",""country_setting"":""BE"",""currency_setting"":""EUR"",""startup_time_bucket_ms"":""1000-2000"",""feature_flags"":[""new_checkout"",""tax_inclusive""],""last_update_prompt_at"":null,""last_update_installed_at"":null,""crash_count"":0,""internet_status"":true,""app_launched_count"":42}",2026-05-03T09:09:15.731532+00:00,,,
f1efbb16-a353-4edc-851c-5c000bd6001e,0ac90631-46f1-4112-a678-025ec614e9b3,app_launch,2026-05-03 09:41:57.983831,"{""type"":""app_launch"",""install_id"":""0ac90631-46f1-4112-a678-025ec614e9b3"",""app_version"":""1.3.2"",""timestamp"":""2026-05-03T09:41:57.7843674Z"",""windows_version"":""Microsoft Windows 10.0.26200"",""os_architecture"":""X64"",""dotnet_runtime_version"":"".NET 8.0.26"",""ram_bucket"":""8-16GB"",""cpu_core_bucket"":""9-16 Cores"",""screen_resolution_bucket"":""1920x1080"",""build_number"":""1200"",""release_channel"":""production"",""first_run_at"":""2026-05-01T13:20:39.9787124Z"",""last_seen_at"":""2026-05-03T09:41:57.7850146Z"",""days_since_install"":""2"",""days_since_last_seen"":""0"",""country_setting"":""BE"",""currency_setting"":""EUR"",""startup_time_bucket_ms"":""1000-2000"",""feature_flags"":[""new_checkout"",""tax_inclusive""],""last_update_prompt_at"":null,""last_update_installed_at"":null,""crash_count"":0,""internet_status"":true,""app_launched_count"":43}",2026-05-03T09:41:57.999953+00:00,,,
95d92fcf-724b-478e-bee2-731cca266384,0ac90631-46f1-4112-a678-025ec614e9b3,app_close,2026-05-03 09:42:07.219780,"{""type"":""app_close"",""reason"":""window_closed"",""app_version"":""1.3.2"",""timestamp"":""2026-05-03T09:42:07.2177895Z""}",2026-05-03T09:42:07.235968+00:00,,,
e9f1cb95-68db-4718-942a-a6573d72933d,0ac90631-46f1-4112-a678-025ec614e9b3,app_launch,2026-05-03 09:47:21.773301,"{""type"":""app_launch"",""install_id"":""0ac90631-46f1-4112-a678-025ec614e9b3"",""app_version"":""1.3.2"",""timestamp"":""2026-05-03T09:47:21.6291506Z"",""windows_version"":""Microsoft Windows 10.0.26200"",""os_architecture"":""X64"",""dotnet_runtime_version"":"".NET 8.0.26"",""ram_bucket"":""8-16GB"",""cpu_core_bucket"":""9-16 Cores"",""screen_resolution_bucket"":""1920x1080"",""build_number"":""1200"",""release_channel"":""production"",""first_run_at"":""2026-05-01T13:20:39.9787124Z"",""last_seen_at"":""2026-05-03T09:47:21.6296138Z"",""days_since_install"":""2"",""days_since_last_seen"":""0"",""country_setting"":""BE"",""currency_setting"":""EUR"",""startup_time_bucket_ms"":""1000-2000"",""feature_flags"":[""new_checkout"",""tax_inclusive""],""last_update_prompt_at"":null,""last_update_installed_at"":null,""crash_count"":0,""internet_status"":true,""app_launched_count"":44}",2026-05-03T09:47:21.77723+00:00,,,
ed4041eb-d3f1-4c74-81a9-218c6094b228,0ac90631-46f1-4112-a678-025ec614e9b3,app_close,2026-05-03 09:48:11.131419,"{""type"":""app_close"",""reason"":""window_closed"",""app_version"":""1.3.2"",""timestamp"":""2026-05-03T09:48:11.1284724Z""}",2026-05-03T09:48:11.147509+00:00,,,
127e5b96-ec68-4902-8d49-926dd8961652,b1dee3cd-f084-4e27-942a-fa3829fe06d8,app_close,2026-05-03 03:11:50.756313,"{""type"":""app_close"",""run_id"":""2cda828a-25e2-47d8-a708-93fe9765c3bc"",""reason"":""window_closed"",""app_version"":""1.4.1"",""timestamp"":""2026-05-03T03:11:50.7550414Z""}",2026-05-03T03:11:50.760162+00:00,2cda828a-25e2-47d8-a708-93fe9765c3bc,,
a3626eff-190b-493a-b7ee-c7d84d826638,b1dee3cd-f084-4e27-942a-fa3829fe06d8,app_launch,2026-05-03 10:00:12.357740,"{""type"":""app_launch"",""install_id"":""b1dee3cd-f084-4e27-942a-fa3829fe06d8"",""run_id"":""5869cf10-35bd-43ab-9ca9-871e069baecc"",""app_version"":""1.4.1"",""timestamp"":""2026-05-03T10:00:12.3577405Z"",""app_launched_count"":3}",2026-05-03T10:00:12.439014+00:00,5869cf10-35bd-43ab-9ca9-871e069baecc,,
3b45f628-10d9-46ea-8484-1d6635a10ad8,0ac90631-46f1-4112-a678-025ec614e9b3,app_launch,2026-05-03 09:49:52.019809,"{""type"":""app_launch"",""install_id"":""0ac90631-46f1-4112-a678-025ec614e9b3"",""app_version"":""1.3.2"",""timestamp"":""2026-05-03T09:49:51.9147830Z"",""windows_version"":""Microsoft Windows 10.0.26200"",""os_architecture"":""X64"",""dotnet_runtime_version"":"".NET 8.0.26"",""ram_bucket"":""8-16GB"",""cpu_core_bucket"":""9-16 Cores"",""screen_resolution_bucket"":""1920x1080"",""build_number"":""1200"",""release_channel"":""production"",""first_run_at"":""2026-05-01T13:20:39.9787124Z"",""last_seen_at"":""2026-05-03T09:49:51.9152926Z"",""days_since_install"":""2"",""days_since_last_seen"":""0"",""country_setting"":""BE"",""currency_setting"":""EUR"",""startup_time_bucket_ms"":""1000-2000"",""feature_flags"":[""new_checkout"",""tax_inclusive""],""last_update_prompt_at"":null,""last_update_installed_at"":null,""crash_count"":0,""internet_status"":true,""app_launched_count"":46}",2026-05-03T09:49:52.035901+00:00,,,
880635a1-a60b-4fa1-83c2-51eb5589bae8,0ac90631-46f1-4112-a678-025ec614e9b3,app_launch,2026-05-03 09:49:52.177996,"{""type"":""app_launch"",""install_id"":""0ac90631-46f1-4112-a678-025ec614e9b3"",""app_version"":""1.3.2"",""timestamp"":""2026-05-03T09:49:51.9632024Z"",""windows_version"":""Microsoft Windows 10.0.26200"",""os_architecture"":""X64"",""dotnet_runtime_version"":"".NET 8.0.26"",""ram_bucket"":""8-16GB"",""cpu_core_bucket"":""9-16 Cores"",""screen_resolution_bucket"":""1920x1080"",""build_number"":""1200"",""release_channel"":""production"",""first_run_at"":""2026-05-01T13:20:39.9787124Z"",""last_seen_at"":""2026-05-03T09:49:51.9640529Z"",""days_since_install"":""2"",""days_since_last_seen"":""0"",""country_setting"":""BE"",""currency_setting"":""EUR"",""startup_time_bucket_ms"":""1000-2000"",""feature_flags"":[""new_checkout"",""tax_inclusive""],""last_update_prompt_at"":null,""last_update_installed_at"":null,""crash_count"":0,""internet_status"":true,""app_launched_count"":46}",2026-05-03T09:49:52.187386+00:00,,,
60ce313e-d555-4589-811c-7fbf2b65402b,0ac90631-46f1-4112-a678-025ec614e9b3,app_close,2026-05-03 09:49:58.722893,"{""type"":""app_close"",""reason"":""window_closed"",""app_version"":""1.3.2"",""timestamp"":""2026-05-03T09:49:58.7215104Z""}",2026-05-03T09:49:58.727113+00:00,,,
9d9de1d6-0b4c-45c5-9dda-11d897921b85,0ac90631-46f1-4112-a678-025ec614e9b3,app_close,2026-05-03 09:50:00.404998,"{""type"":""app_close"",""reason"":""window_closed"",""app_version"":""1.3.2"",""timestamp"":""2026-05-03T09:50:00.4033365Z""}",2026-05-03T09:50:00.420892+00:00,,,
9c2141e3-6fc7-4286-a58f-9537a240259e,0ac90631-46f1-4112-a678-025ec614e9b3,app_launch,2026-05-03 09:51:36.119637,"{""type"":""app_launch"",""install_id"":""0ac90631-46f1-4112-a678-025ec614e9b3"",""app_version"":""1.3.2"",""timestamp"":""2026-05-03T09:51:35.9935046Z"",""windows_version"":""Microsoft Windows 10.0.26200"",""os_architecture"":""X64"",""dotnet_runtime_version"":"".NET 8.0.26"",""ram_bucket"":""8-16GB"",""cpu_core_bucket"":""9-16 Cores"",""screen_resolution_bucket"":""1920x1080"",""build_number"":""1200"",""release_channel"":""production"",""first_run_at"":""2026-05-01T13:20:39.9787124Z"",""last_seen_at"":""2026-05-03T09:51:35.9939896Z"",""days_since_install"":""2"",""days_since_last_seen"":""0"",""country_setting"":""BE"",""currency_setting"":""EUR"",""startup_time_bucket_ms"":""1000-2000"",""feature_flags"":[""new_checkout"",""tax_inclusive""],""last_update_prompt_at"":null,""last_update_installed_at"":null,""crash_count"":0,""internet_status"":true,""app_launched_count"":47}",2026-05-03T09:51:36.136562+00:00,,,
ecee40af-f2cc-48c2-8954-f498348062dc,0ac90631-46f1-4112-a678-025ec614e9b3,app_close,2026-05-03 09:51:42.751538,"{""type"":""app_close"",""reason"":""window_closed"",""app_version"":""1.3.2"",""timestamp"":""2026-05-03T09:51:42.7495631Z""}",2026-05-03T09:51:42.754978+00:00,,,
d204e9e2-aa86-4e06-9413-86b0c11d3a1e,0ac90631-46f1-4112-a678-025ec614e9b3,app_launch,2026-05-03 09:52:42.851567,"{""type"":""app_launch"",""install_id"":""0ac90631-46f1-4112-a678-025ec614e9b3"",""app_version"":""1.3.2"",""timestamp"":""2026-05-03T09:52:42.7312247Z"",""windows_version"":""Microsoft Windows 10.0.26200"",""os_architecture"":""X64"",""dotnet_runtime_version"":"".NET 8.0.26"",""ram_bucket"":""8-16GB"",""cpu_core_bucket"":""9-16 Cores"",""screen_resolution_bucket"":""1920x1080"",""build_number"":""1200"",""release_channel"":""production"",""first_run_at"":""2026-05-01T13:20:39.9787124Z"",""last_seen_at"":""2026-05-03T09:52:42.7318373Z"",""days_since_install"":""2"",""days_since_last_seen"":""0"",""country_setting"":""BE"",""currency_setting"":""EUR"",""startup_time_bucket_ms"":""1000-2000"",""feature_flags"":[""new_checkout"",""tax_inclusive""],""last_update_prompt_at"":null,""last_update_installed_at"":null,""crash_count"":0,""internet_status"":true,""app_launched_count"":48}",2026-05-03T09:52:42.868747+00:00,,,
5606036b-4b3d-4876-bae3-8557013f7740,0ac90631-46f1-4112-a678-025ec614e9b3,app_close,2026-05-03 09:52:49.385333,"{""type"":""app_close"",""reason"":""window_closed"",""app_version"":""1.3.2"",""timestamp"":""2026-05-03T09:52:49.3841619Z""}",2026-05-03T09:52:49.38814+00:00,,,
b6de1377-3852-4a14-8b19-d2e94d910601,0ac90631-46f1-4112-a678-025ec614e9b3,app_launch,2026-05-03 09:53:27.188507,"{""type"":""app_launch"",""install_id"":""0ac90631-46f1-4112-a678-025ec614e9b3"",""app_version"":""1.3.2"",""timestamp"":""2026-05-03T09:53:27.0806705Z"",""windows_version"":""Microsoft Windows 10.0.26200"",""os_architecture"":""X64"",""dotnet_runtime_version"":"".NET 8.0.26"",""ram_bucket"":""8-16GB"",""cpu_core_bucket"":""9-16 Cores"",""screen_resolution_bucket"":""1920x1080"",""build_number"":""1200"",""release_channel"":""production"",""first_run_at"":""2026-05-01T13:20:39.9787124Z"",""last_seen_at"":""2026-05-03T09:53:27.0811912Z"",""days_since_install"":""2"",""days_since_last_seen"":""0"",""country_setting"":""BE"",""currency_setting"":""EUR"",""startup_time_bucket_ms"":""1000-2000"",""feature_flags"":[""new_checkout"",""tax_inclusive""],""last_update_prompt_at"":null,""last_update_installed_at"":null,""crash_count"":0,""internet_status"":true,""app_launched_count"":49}",2026-05-03T09:53:27.191672+00:00,,,
2cdb5068-ed3f-42af-8cfd-85b07c13d563,0ac90631-46f1-4112-a678-025ec614e9b3,app_close,2026-05-03 09:53:28.618894,"{""type"":""app_close"",""reason"":""window_closed"",""app_version"":""1.3.2"",""timestamp"":""2026-05-03T09:53:28.6164276Z""}",2026-05-03T09:53:28.635911+00:00,,,
286fb1f3-186a-4f75-ab64-6f01a35022bf,fd7528d7-2a5e-48d4-8fff-ebcc0731aa82,app_launch,2026-05-03 09:54:13.339654,"{""type"":""app_launch"",""install_id"":""fd7528d7-2a5e-48d4-8fff-ebcc0731aa82"",""app_version"":""1.3.2"",""timestamp"":""2026-05-03T09:54:13.2271617Z"",""windows_version"":""Microsoft Windows 10.0.26200"",""os_architecture"":""X64"",""dotnet_runtime_version"":"".NET 8.0.26"",""ram_bucket"":""8-16GB"",""cpu_core_bucket"":""9-16 Cores"",""screen_resolution_bucket"":""1920x1080"",""build_number"":""1200"",""release_channel"":""production"",""first_run_at"":""2026-05-03T09:54:12.4702073Z"",""last_seen_at"":""2026-05-03T09:54:13.2276702Z"",""days_since_install"":""0"",""days_since_last_seen"":""0"",""country_setting"":""BE"",""currency_setting"":""EUR"",""startup_time_bucket_ms"":""1000-2000"",""feature_flags"":[""new_checkout"",""tax_inclusive""],""last_update_prompt_at"":null,""last_update_installed_at"":null,""crash_count"":0,""internet_status"":true,""app_launched_count"":1}",2026-05-03T09:54:13.348882+00:00,,,
8721dc9e-6156-431d-ba91-d6d3d2d553cf,fd7528d7-2a5e-48d4-8fff-ebcc0731aa82,app_close,2026-05-03 09:54:46.266898,"{""type"":""app_close"",""reason"":""window_closed"",""app_version"":""1.3.2"",""timestamp"":""2026-05-03T09:54:46.2656694Z""}",2026-05-03T09:54:46.289772+00:00,,,
c15937a8-1df3-4cdd-89e4-63a2470c251c,94bb426a-3d1e-4b69-bf61-517608eea479,app_close,2026-05-03 09:56:42.177220,"{""type"":""app_close"",""run_id"":""4d6a177e-f2ad-45f3-a18e-802d397afd08"",""reason"":""window_closed"",""app_version"":""1.4.0"",""timestamp"":""2026-05-03T09:56:42.1744843Z""}",2026-05-03T09:56:42.180083+00:00,4d6a177e-f2ad-45f3-a18e-802d397afd08,,
457fa84c-ac2c-4127-a479-7bf7b20a3e4f,94bb426a-3d1e-4b69-bf61-517608eea479,app_launch,2026-05-03 09:56:44.188848,"{""type"":""app_launch"",""install_id"":""94bb426a-3d1e-4b69-bf61-517608eea479"",""run_id"":""3fadb793-224f-4857-a2b8-21b174559fcb"",""app_version"":""1.4.0"",""timestamp"":""2026-05-03T09:56:44.1888476Z"",""app_launched_count"":2}",2026-05-03T09:56:44.209911+00:00,3fadb793-224f-4857-a2b8-21b174559fcb,,
bbf83ed6-ea33-4c0b-bfcf-9dbbd6cb1571,b1dee3cd-f084-4e27-942a-fa3829fe06d8,app_close,2026-05-03 02:42:24.496542,"{""type"":""app_close"",""reason"":""window_closed"",""app_version"":""1.3.0"",""timestamp"":""2026-05-03T02:42:24.3890245Z""}",2026-05-03T02:42:24.506396+00:00,,,
f0640c79-7b7a-4f91-b4a8-007a43709e24,b1dee3cd-f084-4e27-942a-fa3829fe06d8,DashboardRefreshFailed,2026-05-03 10:01:17.722420,"{""Error"":""The added or subtracted value results in an un-representable DateTime. (Parameter \u0027value\u0027)""}",2026-05-03T10:01:17.731072+00:00,,,
fd717abb-f3b3-4a7e-a15b-28521b7c42cf,b1dee3cd-f084-4e27-942a-fa3829fe06d8,DashboardRefreshFailed,2026-05-03 10:01:17.922904,"{""Error"":""The added or subtracted value results in an un-representable DateTime. (Parameter \u0027value\u0027)""}",2026-05-03T10:01:17.928873+00:00,,,
61caf00f-eeed-4566-a249-6a990a6f2749,94bb426a-3d1e-4b69-bf61-517608eea479,app_launch,2026-05-03 09:56:15.480595,"{""type"":""app_launch"",""install_id"":""94bb426a-3d1e-4b69-bf61-517608eea479"",""run_id"":""4d6a177e-f2ad-45f3-a18e-802d397afd08"",""app_version"":""1.4.0"",""timestamp"":""2026-05-03T09:56:15.4805951Z"",""app_launched_count"":1}",2026-05-03T09:56:15.485971+00:00,4d6a177e-f2ad-45f3-a18e-802d397afd08,,
f8b02688-c7ed-426c-9a63-1c971d0377a5,b1dee3cd-f084-4e27-942a-fa3829fe06d8,app_close,2026-05-03 10:02:33.293443,"{""type"":""app_close"",""run_id"":""5869cf10-35bd-43ab-9ca9-871e069baecc"",""reason"":""window_closed"",""app_version"":""1.4.1"",""timestamp"":""2026-05-03T10:02:33.2841452Z""}",2026-05-03T10:02:33.298862+00:00,5869cf10-35bd-43ab-9ca9-871e069baecc,,
23282497-9d1a-41d4-b575-a5e6cc404aec,94bb426a-3d1e-4b69-bf61-517608eea479,app_close,2026-05-03 10:16:50.782304,"{""type"":""app_close"",""run_id"":""3fadb793-224f-4857-a2b8-21b174559fcb"",""reason"":""window_closed"",""app_version"":""1.4.0"",""timestamp"":""2026-05-03T10:16:50.7787042Z""}",2026-05-03T10:16:50.800722+00:00,3fadb793-224f-4857-a2b8-21b174559fcb,,
435c2d33-48ec-4bbe-8f78-d3aeba502380,94bb426a-3d1e-4b69-bf61-517608eea479,app_launch,2026-05-03 10:19:31.358581,"{""type"":""app_launch"",""install_id"":""94bb426a-3d1e-4b69-bf61-517608eea479"",""run_id"":""67b322f5-c7c9-4098-9f0b-0410cc956d09"",""app_version"":""1.4.0"",""timestamp"":""2026-05-03T10:19:31.3585811Z"",""app_launched_count"":3}",2026-05-03T10:19:31.379746+00:00,67b322f5-c7c9-4098-9f0b-0410cc956d09,,
32d3e094-c595-49a2-9ebd-2a1abc87438d,94bb426a-3d1e-4b69-bf61-517608eea479,app_close,2026-05-03 10:30:15.098222,"{""type"":""app_close"",""run_id"":""67b322f5-c7c9-4098-9f0b-0410cc956d09"",""reason"":""window_closed"",""app_version"":""1.4.0"",""timestamp"":""2026-05-03T10:30:15.0952971Z""}",2026-05-03T10:30:15.100652+00:00,67b322f5-c7c9-4098-9f0b-0410cc956d09,,
8d8629e8-e16c-464a-9917-f41f4756cd73,94bb426a-3d1e-4b69-bf61-517608eea479,app_launch,2026-05-03 10:30:20.687788,"{""type"":""app_launch"",""install_id"":""94bb426a-3d1e-4b69-bf61-517608eea479"",""run_id"":""b8d6d92f-021e-42f7-b585-aae1a1914266"",""app_version"":""1.4.0"",""timestamp"":""2026-05-03T10:30:20.6877877Z"",""app_launched_count"":4}",2026-05-03T10:30:20.69589+00:00,b8d6d92f-021e-42f7-b585-aae1a1914266,,
eef36c3d-3610-45ad-ac0e-e466600b6df9,94bb426a-3d1e-4b69-bf61-517608eea479,unclean_exit,2026-05-03 10:30:50.802597,"{""type"":""unclean_exit"",""run_id"":""b8d6d92f-021e-42f7-b585-aae1a1914266"",""app_version"":""1.4.0"",""timestamp"":""2026-05-03T10:30:50.8024513Z"",""started_at"":""2026-05-03T12:30:20.6877877\u002B02:00"",""last_activity_at"":null,""last_activity_source"":null}",2026-05-03T10:30:50.81209+00:00,b8d6d92f-021e-42f7-b585-aae1a1914266,,
8ae08903-961f-4242-8989-6340359a9b50,94bb426a-3d1e-4b69-bf61-517608eea479,app_launch,2026-05-03 10:30:50.810360,"{""type"":""app_launch"",""install_id"":""94bb426a-3d1e-4b69-bf61-517608eea479"",""run_id"":""b81ffbbb-cff4-4811-8869-f75a9d7df539"",""app_version"":""1.4.0"",""timestamp"":""2026-05-03T10:30:50.8103600Z"",""app_launched_count"":5}",2026-05-03T10:30:50.964782+00:00,b81ffbbb-cff4-4811-8869-f75a9d7df539,,
56a5a74b-b2fd-4859-96b8-42a0208c67eb,94bb426a-3d1e-4b69-bf61-517608eea479,unclean_exit,2026-05-03 10:31:44.464461,"{""type"":""unclean_exit"",""run_id"":""b81ffbbb-cff4-4811-8869-f75a9d7df539"",""app_version"":""1.4.0"",""timestamp"":""2026-05-03T10:31:44.4643898Z"",""started_at"":""2026-05-03T12:30:50.8103600\u002B02:00"",""last_activity_at"":null,""last_activity_source"":null}",2026-05-03T10:31:44.473921+00:00,b81ffbbb-cff4-4811-8869-f75a9d7df539,,
79048822-516f-4fb2-8cca-ac48cd660096,94bb426a-3d1e-4b69-bf61-517608eea479,app_launch,2026-05-03 10:31:44.473396,"{""type"":""app_launch"",""install_id"":""94bb426a-3d1e-4b69-bf61-517608eea479"",""run_id"":""9a4dbfe5-881b-4432-bcc3-155cbbb9fb8e"",""app_version"":""1.4.0"",""timestamp"":""2026-05-03T10:31:44.4733961Z"",""app_launched_count"":6}",2026-05-03T10:31:44.63152+00:00,9a4dbfe5-881b-4432-bcc3-155cbbb9fb8e,,
c21059ff-ab5f-4900-896c-c3c1d37c173f,94bb426a-3d1e-4b69-bf61-517608eea479,unclean_exit,2026-05-03 10:32:21.595693,"{""type"":""unclean_exit"",""run_id"":""9a4dbfe5-881b-4432-bcc3-155cbbb9fb8e"",""app_version"":""1.4.0"",""timestamp"":""2026-05-03T10:32:21.5955864Z"",""started_at"":""2026-05-03T12:31:44.4733961\u002B02:00"",""last_activity_at"":null,""last_activity_source"":null}",2026-05-03T10:32:21.605258+00:00,9a4dbfe5-881b-4432-bcc3-155cbbb9fb8e,,
2e89509b-df81-4282-8797-94bf169fde17,94bb426a-3d1e-4b69-bf61-517608eea479,app_launch,2026-05-03 10:32:21.601762,"{""type"":""app_launch"",""install_id"":""94bb426a-3d1e-4b69-bf61-517608eea479"",""run_id"":""c77da1f3-118e-4c78-a3b1-fb4f7f8b29d4"",""app_version"":""1.4.0"",""timestamp"":""2026-05-03T10:32:21.6017623Z"",""app_launched_count"":7}",2026-05-03T10:32:21.756417+00:00,c77da1f3-118e-4c78-a3b1-fb4f7f8b29d4,,
6d987d75-0bb9-4e69-a593-befd39e68a55,4ff47356-71be-49d9-b452-df94f33d1195,app_launch,2026-05-03 10:33:46.134164,"{""type"":""app_launch"",""install_id"":""4ff47356-71be-49d9-b452-df94f33d1195"",""run_id"":""1ce51717-42dd-4258-a1c8-a2bdb39ea767"",""app_version"":""1.4.0"",""timestamp"":""2026-05-03T10:33:46.1341644Z"",""app_launched_count"":1}",2026-05-03T10:33:46.14161+00:00,1ce51717-42dd-4258-a1c8-a2bdb39ea767,,
abf408d9-6cce-430f-90d8-7ac364608e8b,64161519-0fde-4738-b3ee-1bd0322360a4,app_launch,2026-05-03 10:27:58.714230,"{""type"":""app_launch"",""install_id"":""64161519-0fde-4738-b3ee-1bd0322360a4"",""run_id"":""d7636e0e-deb3-4d9c-bc23-619ade151503"",""app_version"":""1.4.2"",""timestamp"":""2026-05-03T10:27:58.7142296Z"",""app_launched_count"":3}",2026-05-03T10:27:58.803384+00:00,d7636e0e-deb3-4d9c-bc23-619ade151503,,
499c9c3b-990d-4152-b148-8b6e698395bf,64161519-0fde-4738-b3ee-1bd0322360a4,app_close,2026-05-03 10:28:55.860675,"{""type"":""app_close"",""run_id"":""d7636e0e-deb3-4d9c-bc23-619ade151503"",""reason"":""window_closed"",""app_version"":""1.4.2"",""timestamp"":""2026-05-03T10:28:55.8506845Z""}",2026-05-03T10:28:55.865024+00:00,d7636e0e-deb3-4d9c-bc23-619ade151503,,
42bd5fd8-fd3a-43d6-aab1-966c0e61ff47,4ff47356-71be-49d9-b452-df94f33d1195,unclean_exit,2026-05-03 10:48:37.122242,"{""type"":""unclean_exit"",""run_id"":""1ce51717-42dd-4258-a1c8-a2bdb39ea767"",""app_version"":""1.4.0"",""timestamp"":""2026-05-03T10:48:37.1221051Z"",""started_at"":""2026-05-03T12:33:46.1341644\u002B02:00"",""last_activity_at"":null,""last_activity_source"":null}",2026-05-03T10:48:37.131731+00:00,1ce51717-42dd-4258-a1c8-a2bdb39ea767,,
ada67df1-90c6-41b5-bd4a-b14d65718a32,4ff47356-71be-49d9-b452-df94f33d1195,app_launch,2026-05-03 10:48:37.129714,"{""type"":""app_launch"",""install_id"":""4ff47356-71be-49d9-b452-df94f33d1195"",""run_id"":""a0598b5e-20b7-42e8-9fca-2bf58d1f1443"",""app_version"":""1.4.0"",""timestamp"":""2026-05-03T10:48:37.1297142Z"",""app_launched_count"":2}",2026-05-03T10:48:37.292127+00:00,a0598b5e-20b7-42e8-9fca-2bf58d1f1443,,
d3ca0bd9-1c72-4b8f-a07e-c3b5482046c4,64161519-0fde-4738-b3ee-1bd0322360a4,app_launch,2026-05-03 10:56:57.564857,"{""type"":""app_launch"",""install_id"":""64161519-0fde-4738-b3ee-1bd0322360a4"",""run_id"":""61d85482-ac5e-4a89-a5ac-fdcf5c48802b"",""app_version"":""1.4.2"",""timestamp"":""2026-05-03T10:56:57.5648570Z"",""app_launched_count"":5}",2026-05-03T10:56:57.657001+00:00,61d85482-ac5e-4a89-a5ac-fdcf5c48802b,,
e6c8b813-b5b3-417e-9ebf-1cf8eaaeec7e,01203987-6e01-4d14-901a-70b018f6e963,app_close,2026-05-03 10:59:19.905260,"{""type"":""app_close"",""run_id"":""9947fa6b-e7a7-4982-a5d6-dec9841de62a"",""reason"":""window_closed"",""app_version"":""1.4.1"",""timestamp"":""2026-05-03T10:59:19.9029679Z""}",2026-05-03T10:59:19.909988+00:00,9947fa6b-e7a7-4982-a5d6-dec9841de62a,,
bf8c86a6-1e95-4e79-9a39-0f508e8724d7,01203987-6e01-4d14-901a-70b018f6e963,app_launch,2026-05-03 10:59:23.029399,"{""type"":""app_launch"",""install_id"":""01203987-6e01-4d14-901a-70b018f6e963"",""run_id"":""3ae8127e-41e5-4180-be9b-7172620b566d"",""app_version"":""1.4.1"",""timestamp"":""2026-05-03T10:59:23.0293993Z"",""app_launched_count"":2}",2026-05-03T10:59:23.038106+00:00,3ae8127e-41e5-4180-be9b-7172620b566d,,
ac946bee-84a4-43b7-9f0c-b42c751f5f7d,64161519-0fde-4738-b3ee-1bd0322360a4,app_close,2026-05-03 10:57:24.529216,"{""type"":""app_close"",""run_id"":""61d85482-ac5e-4a89-a5ac-fdcf5c48802b"",""reason"":""window_closed"",""app_version"":""1.4.2"",""timestamp"":""2026-05-03T10:57:24.5247841Z""}",2026-05-03T10:57:24.533677+00:00,61d85482-ac5e-4a89-a5ac-fdcf5c48802b,,
6f93986d-e66b-4afd-8c16-64333499aad6,01203987-6e01-4d14-901a-70b018f6e963,app_launch,2026-05-03 10:58:59.378503,"{""type"":""app_launch"",""install_id"":""01203987-6e01-4d14-901a-70b018f6e963"",""run_id"":""9947fa6b-e7a7-4982-a5d6-dec9841de62a"",""app_version"":""1.4.1"",""timestamp"":""2026-05-03T10:58:59.3785027Z"",""app_launched_count"":1}",2026-05-03T10:58:59.384275+00:00,9947fa6b-e7a7-4982-a5d6-dec9841de62a,,
48856b93-4228-47e0-8206-6e819ad88947,01203987-6e01-4d14-901a-70b018f6e963,DashboardRefreshFailed,2026-05-03 11:11:32.578284,"{""Error"":""The added or subtracted value results in an un-representable DateTime. (Parameter \u0027value\u0027)""}",2026-05-03T11:11:32.583082+00:00,,,
3c9569ea-5f65-410b-bef5-1cdd00edba80,01203987-6e01-4d14-901a-70b018f6e963,DashboardRefreshFailed,2026-05-03 11:11:32.609822,"{""Error"":""The added or subtracted value results in an un-representable DateTime. (Parameter \u0027value\u0027)""}",2026-05-03T11:11:32.611011+00:00,,,
d77ab5ef-c0f0-48eb-b44e-b2ae10bc41e1,01203987-6e01-4d14-901a-70b018f6e963,DashboardRefreshFailed,2026-05-03 11:11:56.908095,"{""Error"":""The added or subtracted value results in an un-representable DateTime. (Parameter \u0027value\u0027)""}",2026-05-03T11:11:56.922986+00:00,,,
e7ee83df-909d-4ad3-86f2-abc0f7b7fa68,de03bce1-7c5d-4532-88b8-fb830ba8e94c,app_launch,2026-05-03 11:26:05.845959,"{""type"":""app_launch"",""install_id"":""de03bce1-7c5d-4532-88b8-fb830ba8e94c"",""run_id"":""724b4753-7d5f-4211-8a82-de02f48aac9f"",""app_version"":""1.4.2"",""timestamp"":""2026-05-03T11:26:05.8459587Z"",""app_launched_count"":2}",2026-05-03T11:26:05.945968+00:00,724b4753-7d5f-4211-8a82-de02f48aac9f,,
6c30f786-fb47-4647-b1dd-608ce8a8cc41,de03bce1-7c5d-4532-88b8-fb830ba8e94c,app_close,2026-05-03 11:07:29.276592,"{""type"":""app_close"",""reason"":""window_closed"",""app_version"":""1.2.3"",""timestamp"":""2026-05-03T11:07:29.1442270Z""}",2026-05-03T11:07:29.29966+00:00,,,
9659ada2-f89a-44ec-bec2-2f16c0832084,de03bce1-7c5d-4532-88b8-fb830ba8e94c,app_close,2026-05-03 11:30:51.110687,"{""type"":""app_close"",""run_id"":""724b4753-7d5f-4211-8a82-de02f48aac9f"",""reason"":""window_closed"",""app_version"":""1.4.2"",""timestamp"":""2026-05-03T11:30:51.1068929Z""}",2026-05-03T11:30:51.115437+00:00,724b4753-7d5f-4211-8a82-de02f48aac9f,,
cbc8658b-64bf-4e50-8a70-562a80399b0e,de03bce1-7c5d-4532-88b8-fb830ba8e94c,app_launch,2026-05-03 11:30:53.143602,"{""type"":""app_launch"",""install_id"":""de03bce1-7c5d-4532-88b8-fb830ba8e94c"",""run_id"":""8cad8f33-3582-4b0b-a758-00eccb2a3769"",""app_version"":""1.4.2"",""timestamp"":""2026-05-03T11:30:53.1436025Z"",""app_launched_count"":3}",2026-05-03T11:30:53.192887+00:00,8cad8f33-3582-4b0b-a758-00eccb2a3769,,
77aa9765-baf7-4fc1-b607-c43cca4d48b3,de03bce1-7c5d-4532-88b8-fb830ba8e94c,app_close,2026-05-03 11:35:59.200257,"{""type"":""app_close"",""run_id"":""8cad8f33-3582-4b0b-a758-00eccb2a3769"",""reason"":""window_closed"",""app_version"":""1.4.2"",""timestamp"":""2026-05-03T11:35:59.1988613Z""}",2026-05-03T11:35:59.206065+00:00,8cad8f33-3582-4b0b-a758-00eccb2a3769,,
518fa7bc-b867-4d50-893e-52772591c407,de03bce1-7c5d-4532-88b8-fb830ba8e94c,app_launch,2026-05-03 11:48:18.553838,"{""type"":""app_launch"",""install_id"":""de03bce1-7c5d-4532-88b8-fb830ba8e94c"",""run_id"":""d2558864-70a8-492d-a934-4284bc1e9d88"",""app_version"":""1.4.2"",""timestamp"":""2026-05-03T11:48:18.5538380Z"",""app_launched_count"":4}",2026-05-03T11:48:18.658525+00:00,d2558864-70a8-492d-a934-4284bc1e9d88,,
3fe79563-4c81-49cd-9724-c6a65e5aac72,de03bce1-7c5d-4532-88b8-fb830ba8e94c,unclean_exit,2026-05-03 11:53:46.472451,"{""type"":""unclean_exit"",""run_id"":""d2558864-70a8-492d-a934-4284bc1e9d88"",""app_version"":""1.4.2"",""timestamp"":""2026-05-03T11:53:46.4721716Z"",""started_at"":""2026-05-03T11:48:18.5538380Z"",""last_activity_at"":null,""last_activity_source"":null}",2026-05-03T11:53:46.569024+00:00,d2558864-70a8-492d-a934-4284bc1e9d88,,
c94733b5-64d7-4465-bc4f-49afc22ec879,de03bce1-7c5d-4532-88b8-fb830ba8e94c,app_launch,2026-05-03 11:53:46.504094,"{""type"":""app_launch"",""install_id"":""de03bce1-7c5d-4532-88b8-fb830ba8e94c"",""run_id"":""6cf4512b-14d0-4859-83dd-c2152bfe38f6"",""app_version"":""1.4.2"",""timestamp"":""2026-05-03T11:53:46.5040938Z"",""app_launched_count"":5}",2026-05-03T11:53:46.728488+00:00,6cf4512b-14d0-4859-83dd-c2152bfe38f6,,
ac32ae5e-1962-4c0c-a94f-1f1a279c161e,de03bce1-7c5d-4532-88b8-fb830ba8e94c,unclean_exit,2026-05-03 12:08:06.596043,"{""type"":""unclean_exit"",""run_id"":""6cf4512b-14d0-4859-83dd-c2152bfe38f6"",""app_version"":""1.4.2"",""timestamp"":""2026-05-03T12:08:06.5957337Z"",""started_at"":""2026-05-03T11:53:46.5040938Z"",""last_activity_at"":null,""last_activity_source"":null}",2026-05-03T12:08:06.706259+00:00,6cf4512b-14d0-4859-83dd-c2152bfe38f6,,
a9b7b07f-cefc-4a5e-a118-40a356e6e248,de03bce1-7c5d-4532-88b8-fb830ba8e94c,app_launch,2026-05-03 12:08:06.623060,"{""type"":""app_launch"",""install_id"":""de03bce1-7c5d-4532-88b8-fb830ba8e94c"",""run_id"":""45c4679c-38e0-424b-be62-7830e73cb8ac"",""app_version"":""1.4.2"",""timestamp"":""2026-05-03T12:08:06.6230602Z"",""app_launched_count"":6}",2026-05-03T12:08:06.857694+00:00,45c4679c-38e0-424b-be62-7830e73cb8ac,,
ac6eb33d-0565-4b65-97c6-5dca60caf595,de03bce1-7c5d-4532-88b8-fb830ba8e94c,app_launch,2026-05-03 12:55:14.713398,"{""type"":""app_launch"",""install_id"":""de03bce1-7c5d-4532-88b8-fb830ba8e94c"",""run_id"":""3196b162-256c-425c-82ad-d9b7fabf2c1b"",""app_version"":""1.4.2"",""timestamp"":""2026-05-03T12:55:14.7133983Z"",""app_launched_count"":7}",2026-05-03T12:55:14.792769+00:00,3196b162-256c-425c-82ad-d9b7fabf2c1b,,
818fd1df-bef8-4e59-9587-787fb0c1aa59,de03bce1-7c5d-4532-88b8-fb830ba8e94c,unclean_exit,2026-05-03 12:55:14.681417,"{""type"":""unclean_exit"",""run_id"":""45c4679c-38e0-424b-be62-7830e73cb8ac"",""app_version"":""1.4.2"",""timestamp"":""2026-05-03T12:55:14.6811151Z"",""started_at"":""2026-05-03T12:08:06.6230602Z"",""last_activity_at"":null,""last_activity_source"":null}",2026-05-03T12:55:14.971106+00:00,45c4679c-38e0-424b-be62-7830e73cb8ac,,
008fe974-5c15-4f69-9e86-68f97b6b30fc,de03bce1-7c5d-4532-88b8-fb830ba8e94c,app_launch,2026-05-03 13:15:46.708966,"{""type"":""app_launch"",""install_id"":""de03bce1-7c5d-4532-88b8-fb830ba8e94c"",""run_id"":""6e1e1d4a-3a50-43a4-9324-62d8fc42b936"",""app_version"":""1.4.2"",""timestamp"":""2026-05-03T13:15:46.7089660Z"",""app_launched_count"":8}",2026-05-03T13:15:46.832178+00:00,6e1e1d4a-3a50-43a4-9324-62d8fc42b936,,
c366cdb5-1c5b-4744-966c-4682c2dc6fa3,f36420ab-c441-475b-9f04-1c07a9e4b1b6,app_launch,2026-05-03 15:43:29.354181,"{""type"":""app_launch"",""install_id"":""f36420ab-c441-475b-9f04-1c07a9e4b1b6"",""run_id"":""0b8b01a4-ed2d-43ff-ae82-fdddcdd988fc"",""app_version"":""1.4.1"",""timestamp"":""2026-05-03T15:43:29.3541807Z"",""app_launched_count"":1}",2026-05-03T15:43:29.393285+00:00,0b8b01a4-ed2d-43ff-ae82-fdddcdd988fc,,
4ea076c6-e660-4162-875c-696613ab8df6,f36420ab-c441-475b-9f04-1c07a9e4b1b6,DashboardRefreshFailed,2026-05-03 15:51:31.562234,"{""Error"":""The added or subtracted value results in an un-representable DateTime. (Parameter \u0027value\u0027)""}",2026-05-03T15:51:31.641147+00:00,,,
3b0b3565-edcc-4f55-9070-5a40eb2b5cc0,f36420ab-c441-475b-9f04-1c07a9e4b1b6,DashboardRefreshFailed,2026-05-03 15:51:31.561974,"{""Error"":""The added or subtracted value results in an un-representable DateTime. (Parameter \u0027value\u0027)""}",2026-05-03T15:51:31.594774+00:00,,,
6abd53e2-708f-4a1a-bfc0-5433126ea5f4,f36420ab-c441-475b-9f04-1c07a9e4b1b6,app_close,2026-05-03 15:52:35.324390,"{""type"":""app_close"",""run_id"":""0b8b01a4-ed2d-43ff-ae82-fdddcdd988fc"",""reason"":""window_closed"",""app_version"":""1.4.1"",""timestamp"":""2026-05-03T15:52:35.3200735Z""}",2026-05-03T15:52:35.326478+00:00,0b8b01a4-ed2d-43ff-ae82-fdddcdd988fc,,
72a911e0-4da2-4e6d-837f-6e8d149c6bf5,f36420ab-c441-475b-9f04-1c07a9e4b1b6,app_launch,2026-05-03 15:54:01.031925,"{""type"":""app_launch"",""install_id"":""f36420ab-c441-475b-9f04-1c07a9e4b1b6"",""run_id"":""2ab4e5f7-e85e-4cf1-a77c-3f455a5a4c82"",""app_version"":""1.4.1"",""timestamp"":""2026-05-03T15:54:01.0319247Z"",""app_launched_count"":2}",2026-05-03T15:54:01.045581+00:00,2ab4e5f7-e85e-4cf1-a77c-3f455a5a4c82,,
84fe0e47-6421-4cab-93a1-95d1d52923dd,de03bce1-7c5d-4532-88b8-fb830ba8e94c,unclean_exit,2026-05-03 18:00:55.049624,"{""type"":""unclean_exit"",""run_id"":""6e1e1d4a-3a50-43a4-9324-62d8fc42b936"",""app_version"":""1.4.2"",""timestamp"":""2026-05-03T18:00:55.0492943Z"",""started_at"":""2026-05-03T13:15:46.7089660Z"",""last_activity_at"":null,""last_activity_source"":null}",2026-05-03T18:00:55.141019+00:00,6e1e1d4a-3a50-43a4-9324-62d8fc42b936,,
1dd2b4e8-ce01-4917-bf0d-b227ca519a0e,de03bce1-7c5d-4532-88b8-fb830ba8e94c,app_launch,2026-05-03 18:00:55.233972,"{""type"":""app_launch"",""install_id"":""de03bce1-7c5d-4532-88b8-fb830ba8e94c"",""run_id"":""ce12b400-6c1a-42dd-ac49-7b1ed089d018"",""app_version"":""1.4.2"",""timestamp"":""2026-05-03T18:00:55.2339716Z"",""app_launched_count"":10}",2026-05-03T18:00:55.240593+00:00,ce12b400-6c1a-42dd-ac49-7b1ed089d018,,
f0894296-63f1-4159-9b88-19c39522fed5,de03bce1-7c5d-4532-88b8-fb830ba8e94c,app_close,2026-05-03 18:19:10.878105,"{""type"":""app_close"",""run_id"":""ce12b400-6c1a-42dd-ac49-7b1ed089d018"",""reason"":""window_closed"",""app_version"":""1.4.2"",""timestamp"":""2026-05-03T18:19:10.8677071Z""}",2026-05-03T18:19:10.884066+00:00,ce12b400-6c1a-42dd-ac49-7b1ed089d018,,
16fb5f51-701e-4755-8bcc-f867f79abea0,de03bce1-7c5d-4532-88b8-fb830ba8e94c,app_launch,2026-05-03 18:28:17.346129,"{""type"":""app_launch"",""install_id"":""de03bce1-7c5d-4532-88b8-fb830ba8e94c"",""run_id"":""759fcbe2-4204-4762-a3f2-9f375e22f77e"",""app_version"":""1.4.2"",""timestamp"":""2026-05-03T18:28:17.3461286Z"",""app_launched_count"":11}",2026-05-03T18:28:17.442523+00:00,759fcbe2-4204-4762-a3f2-9f375e22f77e,,
d660f54d-e29e-46dd-a4b7-e35dbf0d2322,de03bce1-7c5d-4532-88b8-fb830ba8e94c,app_close,2026-05-03 18:33:54.096080,"{""type"":""app_close"",""run_id"":""759fcbe2-4204-4762-a3f2-9f375e22f77e"",""reason"":""window_closed"",""app_version"":""1.4.2"",""timestamp"":""2026-05-03T18:33:54.0920905Z""}",2026-05-03T18:33:54.100774+00:00,759fcbe2-4204-4762-a3f2-9f375e22f77e,,
