name,price,barcode,unit,sku
Smart Fan Iron Cooker Go Wireless Portable,585.00,3968600833473,,54
Fan,992.00,0191126950284,,49
Smart Speakerphone Charger Eco Plus Clean,940.00,7569143820621,,42
Premium Grill Trimmer Portable,324.00,2705140928037,,93
Keyboard Freezer,908.00,9830391008108,,91
Smart Fridge Plus,627.00,3039245054025,,29
Compact Dock One Portable Wireless,385.00,6194768427002,,23
Premium Cooler Digital Portable X,296.00,6978363826350,,6
Compact Fan Scooter Headphones,870.00,2666733210512,,6
Eco Dock Air,602.00,3726212774009,,11
Thermostat Stove Lamp,707.00,6886778382210,,33
Mini Powerbank Lite Plus,499.00,9632709420387,,22
Scooter Bicycle Oven,79.00,0227867819631,,58
Fan,897.00,1326983446208,,67
Wireless Light Heater Clock X,581.00,4749136042046,,84
Ultra Powerbank Scale Automatic,223.00,6282374002499,,93
Projector,699.00,3359907564212,,89
Blender,881.00,2045936905300,,83
Wireless Speakerphone Oven Advanced,601.00,4270229099796,,76
Iron Microphone,261.00,1846205234548,,45
Lock,350.00,0651020229713,,22
Automatic Speaker Wireless Plus Edge,726.00,8872341006131,,69
Eco Treadmill Plus Smart,756.00,3581173655015,,65
Smart Microphone Clock Ultra One,17.00,8108499855216,,1
Digital Router Scanner One,257.00,3287425624081,,27
Pro Stove Light,263.00,3636002675846,,4
Clean Mixer Ultra Eco,951.00,7547662604151,,33
Ultra Fan,931.00,6232473294448,,2
Ultra Drone Smart,809.00,0194012822726,,25
Smart Lock Mini Pro,989.00,9292256940884,,91
Rechargeable Keyboard Toaster Monitor Portable Fast,962.00,1884257734807,,24
Mini Mixer Freezer Trimmer Smart,399.00,0358170616393,,36
Heater Cooker,285.00,4811472870604,,40
Fast Shaver X One,894.00,0631386626401,,92
Wireless Webcam Bicycle Camera,141.00,0607700002091,,72
Clean Scale Speaker Powerbank Clean Wireless,308.00,6988842313004,,35
Advanced Fan Powerbank,711.00,5796764564586,,89
Pro Thermostat Speaker Touch Eco,865.00,7535096642818,,57
Fast Blender Treadmill Tablet One Air,409.00,5314300563345,,35
Automatic Iron Toaster Projector,787.00,9338080255944,,13
Smart Scale Stove,334.00,9990041184672,,10
Smart Webcam Mouse Digital,830.00,8985787888893,,92
Compact Drone Lite,339.00,0512595115903,,20
Digital Scale Wireless One Portable,128.00,6358706879234,,86
Clean Drone Thermostat Headphones,716.00,2864500397712,,40
Wireless Scooter,625.00,4771208434411,,1
Clean Light Advanced Smart Premium,485.00,3353269497386,,55
Compact Fan Iron Clock Digital,526.00,3674615714477,,11
Ultra Watch Eco,703.00,5786160872088,,17
Fast Lamp Scanner Vacuum,363.00,4598210880599,,60
Eco Stove Edge,52.00,1925515729316,,86
Fast Powerbank Radio Automatic Touch Ultra,685.00,1419539240556,,76
Pro Oven Scale,150.00,5047126002551,,24
Smart Printer Charger Brush Smart Ultra Touch,312.00,9297742472047,,65
Wireless Watch Premium Air,673.00,5327358796184,,39
Advanced Thermostat Microphone Scooter Clean Smart,425.00,0673364369078,,28
Pro Mouse Mini Rechargeable,478.00,3054066626701,,68
Silent Powerbank Radio Smart Plus,871.00,5772715035664,,75
Clean Speakerphone Edge Rechargeable Max,196.00,9822542327121,,77
Silent Heater Stove Scanner,747.00,1263475720975,,30
Smart Mixer Bicycle Fridge,63.00,8041785529098,,82
Smart Freezer Clean,361.00,5109263445780,,23
Automatic Blender Toaster Camera,329.00,5161284787010,,66
Premium Mouse Lamp Ultra Touch Compact,38.00,5153484969624,,46
Ultra Drone Wireless Go Clean,119.00,9613973317726,,84
Smart Monitor Cooler Dock Automatic Lite Prime,379.00,6890202499702,,47
Automatic Fridge Freezer,918.00,7998660897333,,1
Rechargeable Router Keyboard,242.00,2863748603180,,14
Digital Microphone Camera,71.00,3272423264049,,3
Smart Stove Iron,689.00,0761286910840,,4
Ultra Treadmill,65.00,7977249259236,,18
Mini Shaver Mouse Fast Mini X,84.00,3570230765743,,53
Wireless Fridge Cooker Portable Edge,712.00,6944904013299,,83
Fan Iron Cooker,795.00,5139271989938,,41
Eco Fridge Printer Mouse,367.00,1631900897637,,73
Wireless Scanner Tablet Radio,594.00,4697368151459,,99
Pro Stove Light Air Mini,976.00,8439220109668,,18
Shaver,955.00,7444904942852,,11
Smart Grill Trimmer,787.00,6855621726839,,10
Portable Vacuum Printer Go,321.00,9824059449136,,98
Projector,556.00,7629500644465,,81
Compact Powerbank Radio,551.00,2986694250021,,89
Pro Freezer Prime,713.00,4547536554059,,57
Digital Printer Webcam Wireless Edge Air,200.00,9730310602717,,87
Trimmer Cooler,862.00,2617594893505,,86
Portable Projector Portable Air,560.00,0533350984435,,63
Portable Powerbank,766.00,9090165135243,,87
Smart Lock Premium,452.00,4520822883545,,85
Automatic Printer Premium,472.00,5364368037098,,61
Eco Trimmer Touch,566.00,8479741829249,,39
Compact Powerbank Radio Lite Digital Digital,455.00,7242294927431,,27
Automatic Vacuum Fan,264.00,9657890857804,,17
Digital Iron Heater 360 Clean Edge,65.00,4795373245672,,60
Silent Scanner Mouse Digital Edge,711.00,3621597259700,,15
Silent Freezer Projector Webcam,717.00,8309548019669,,98
Clean Monitor Light Plus,668.00,7586501720683,,84
Rechargeable Freezer Powerbank Watch Wireless Rechargeable Prime,411.00,0917441923631,,55
Rechargeable Mixer Drone Fan Sense Wireless,784.00,8807432053671,,82
Wireless Brush,330.00,1245607220621,,72
Pro Trimmer Cooler,43.00,3636306557367,,5
Wireless Heater Compact,414.00,1900149128667,,65
Fast Grill Grill,759.00,1554765282359,,2
Premium Printer Fan Pro Compact,363.00,8155607097969,,69
Light,733.00,6426532341796,,97
Automatic Clock Lock 360 Premium,503.00,8981593141757,,61
Wireless Powerbank Iron Brush Pro Clean,504.00,7705334866829,,78
Mixer Toaster Toaster,704.00,2571968504339,,81
Wireless Oven Trimmer,863.00,9816898799480,,90
Fast Headphones Stove Rechargeable Clean,799.00,5985873550706,,54
Compact Heater Stove Scanner Rechargeable Silent Compact,12.00,8619764312322,,56
Compact Watch Microphone Microphone,379.00,0619438423864,,53
Rechargeable Lamp X,475.00,1406635203288,,40
Pro Cooler Vacuum Go Ultra,70.00,5676045830626,,12
Fridge Camera,61.00,1985806315963,,48
Smart Microphone Headphones Sense,802.00,8638301856372,,7
Light Toaster,940.00,6922521586174,,90
Dock Router Webcam,254.00,8769140760398,,50
Wireless Projector Freezer,848.00,2307563957221,,51
Smart Watch Headphones Kettle,519.00,6841572733125,,96
Silent Radio Prime Portable Automatic,357.00,0502358641695,,47
Compact Projector Brush Clean,29.00,5188496450488,,35
Smart Freezer,470.00,4404596100858,,67
Ultra Lamp Freezer Lite Ultra Rechargeable,924.00,8563672155765,,51
Pro Lamp Freezer Sense Edge,691.00,5237663617855,,40
Wireless Powerbank Plus,577.00,6899997271265,,67
Digital Vacuum Rechargeable X Wireless,797.00,7939271204776,,89
Stove Iron,146.00,9960111119538,,93
Mini Fan Max Wireless Wireless,918.00,2270517170529,,83
Automatic Heater Cooker Edge,136.00,9178025767169,,60
Thermostat Oven,520.00,5016609231412,,20
Dock,207.00,3032791705779,,87
Compact Heater Go Plus Smart,307.00,5786137159211,,86
Eco Thermostat Oven Eco Go Edge,801.00,1164885209480,,94
Advanced Projector Oven Thermostat Premium,220.00,8310853657989,,75
Ultra Grill Grill Scale Rechargeable,628.00,0330571958982,,79
Premium Camera Fast Ultra Go,362.00,8625606414222,,9
Wireless Watch Go Max Prime,864.00,1829752489821,,87
Smart Heater Clean Edge,272.00,7974376745595,,14
Bicycle Scooter,672.00,9186085568022,,2
Rechargeable Treadmill Dock,446.00,8657118739517,,29
Advanced Cooker,899.00,6667110304646,,57
Smart Trimmer Clock Automatic Rechargeable,376.00,6710130019493,,8
Kettle,481.00,0113458743754,,95
Projector Oven Thermostat,990.00,7471406535916,,72
Silent Watch Mini Advanced,546.00,0769343815572,,51
Digital Radio Radio Air Lite,39.00,0742006872808,,6
Premium Fan Premium,832.00,9846275804254,,97
Vacuum,931.00,2444639785453,,29
Portable Camera Vacuum Automatic Sense,337.00,4991793417914,,68
Advanced Iron Cooler Iron Pro,26.00,8020902551549,,40
Fast Tablet Blender,192.00,1453611015946,,20
Eco Scale Speaker Powerbank 360,655.00,8745776724966,,66
Silent Brush Scanner Automatic Max Sense,619.00,5541628382833,,64
Wireless Trimmer Stove Fast,400.00,2891841482463,,43
Silent Treadmill 360 Wireless One,797.00,8947674260922,,94
Smart Freezer Lite,649.00,3727053020553,,46
Compact Keyboard Speaker Portable Silent,283.00,4231898424654,,11
Pro Scale Toaster 360 Lite,426.00,6930173055979,,30
Smart Powerbank Router Silent,735.00,3727550840333,,26
Compact Lock Thermostat Silent Prime Automatic,36.00,1361258006916,,83
Ultra Clock Lock One One,709.00,1253674016658,,35
Smart Mixer Grill Automatic Air,145.00,6913151520676,,90
Smart Fan Powerbank 360 Advanced,903.00,7277229175489,,81
Eco Iron Thermostat 360,822.00,4543809032415,,15
Ultra Cooker,946.00,1475170267444,,48
Thermostat Speaker,745.00,8759302405878,,17
Eco Tablet Microphone Trimmer,663.00,7405610029824,,15
Automatic Webcam Powerbank Plus Pro,903.00,4978866545002,,47
Premium Speaker Keyboard One,234.00,9097177895295,,2
Smart Charger Mini Smart,990.00,6113291224728,,38
Premium Freezer Go Wireless One,420.00,4553708537683,,44
Silent Fan Premium Rechargeable,44.00,2769181071244,,67
Lamp Scanner Vacuum,668.00,1846697315411,,37
Pro Shaver Grill Premium,677.00,6108105710719,,1
Advanced Dock Automatic Silent Portable,563.00,1743619969434,,23
Digital Router Keyboard Portable,117.00,9402355839860,,20
Eco Tablet Cooler Fridge Ultra Wireless Mini,172.00,3960027897854,,67
Fast Oven Trimmer 360 Go Sense,687.00,5701284032125,,78
Eco Vacuum Fan Silent Mini,823.00,9709644646629,,25
Rechargeable Speakerphone Advanced Air,518.00,3140235931476,,57
Portable Speakerphone,444.00,9205621303108,,75
Rechargeable Freezer,900.00,9883555701131,,36
Smart Charger Stove Watch Advanced,753.00,2223525189731,,60
Automatic Router X Advanced,259.00,4428135073878,,87
Speakerphone,124.00,7627406577702,,22
Portable Mouse Speaker Cooler Digital Premium Air,3.00,2817279046299,,31
Automatic Drone Clean,186.00,2329348322666,,30
Wireless Webcam Mouse Silent,725.00,0828432092925,,16
Wireless Heater Mixer Shaver One Mini Compact,292.00,9349307589230,,5
Heater,429.00,6633675192004,,9
Smart Brush Touch Smart Fast,765.00,2679446441784,,70
Premium Scooter Dock Shaver Advanced Smart Go,518.00,8258374525328,,72
Heater,248.00,4462259172710,,75
Compact Powerbank Iron Brush One Lite 360,589.00,4074645566739,,95
Freezer Powerbank Watch,180.00,4731981423804,,84
Ultra Fridge Camera Rechargeable,456.00,1837225956923,,85
Eco Lock Smart Smart Wireless,516.00,3092102166842,,21
Pro Powerbank Projector,19.00,7280631221187,,57
Advanced Brush,836.00,0270226149894,,67
Clean Camera Bicycle Speakerphone,752.00,0414340892315,,54
Digital Mouse Pro Mini,553.00,2029271816644,,96
Silent Fridge Cooker Max Plus,565.00,1162443438266,,43
Smart Trimmer Cooler Ultra Rechargeable,162.00,0254732240832,,24
Digital Cooker Cooler,46.00,2268779472000,,54
Clean Kettle Brush Fan Portable Smart Digital,192.00,3649741766249,,74
Ultra Camera Router Fan,725.00,7326817653097,,93
Scanner Mouse,143.00,2578124792531,,94
Pro Webcam Webcam Stove One Sense,640.00,0835679728043,,89
Portable Webcam Webcam Treadmill Wireless Clean,532.00,4529970004130,,96
Digital Projector Fast X Ultra,608.00,9420267477192,,50
Premium Printer Webcam Pro,507.00,2417425878004,,10
Wireless Powerbank 360 Automatic,445.00,5841942570221,,45
Rechargeable Camera Monitor Charger X,256.00,1235639047082,,53
Portable Watch Fridge,95.00,6514629498239,,99
Clean Bicycle Clock Lamp,468.00,6663939022273,,77
Pro Radio,977.00,4481641323127,,40
Compact Camera Drone Fan Prime,30.00,1378824372269,,19
Pro Headphones Advanced,6.00,8354821433786,,32
Silent Charger Plus,476.00,7560616902769,,97
Smart Phone Iron Speakerphone Edge,347.00,7829663201905,,78
Smart Powerbank Eco,153.00,5358048910719,,19
Compact Scale Trimmer Grill Mini,488.00,8500213043860,,99
Stove Iron,104.00,5868014735029,,28
Smart Lamp Speakerphone Headphones,207.00,6601726863005,,43
Digital Thermostat Camera Watch,781.00,8701811129035,,37
Digital Powerbank Scooter Ultra One One,273.00,6716902477935,,90
Rechargeable Kettle Max Compact,130.00,9640239049589,,74
Automatic Brush Compact,484.00,9151810011210,,6
Smart Kettle Brush Fan,311.00,2274465923169,,54
Dock Freezer Projector,803.00,0081727489170,,7
Clean Radio Edge Edge,527.00,3070270883198,,22
Mouse Powerbank Printer,934.00,2990513887411,,96
Powerbank,352.00,7805247547324,,74
Eco Watch,768.00,9318920270191,,25
Compact Watch Go,561.00,6121781734275,,56
Ultra Speakerphone Stove Tablet Pro Max,237.00,6671938743082,,67
Compact Iron Monitor Lite,11.00,0911040072905,,30
Digital Thermostat Iron Mini,672.00,5290439640969,,72
Wireless Watch Camera Eco Sense,776.00,2430728736994,,62
Digital Scanner Keyboard Monitor Mini Touch Prime,421.00,9793631916123,,21
Clean Speakerphone Charger X Premium Silent,656.00,1983941893629,,44
Mini Lock Edge,722.00,2441289746896,,57
Premium Bicycle Scooter Touch Go Fast,567.00,4606134814962,,66
Eco Speaker Keyboard X Lite Edge,413.00,2617526410565,,47
Watch Tablet Printer,706.00,4654537127417,,1
Premium Light Drone Rechargeable,351.00,6056419607495,,21
Silent Shaver Go Premium,331.00,1056587070652,,97
Advanced Fan Automatic,798.00,3812144279597,,60
Eco Speaker Powerbank Camera,116.00,3447182026324,,63
Clean Kettle Brush Fan Mini Smart,860.00,3236290501935,,5
Smart Blender Scale Silent,810.00,4135451441051,,40
Eco Radio Portable Compact Lite,651.00,1976199426978,,28
Eco Projector Speaker Treadmill Premium Max,698.00,9177994066495,,96
Eco Heater Toaster Stove,357.00,3288305363618,,48
Rechargeable Freezer Pro,707.00,5608848275694,,98
Smart Clock Lock Air,66.00,9454881527377,,95
Automatic Tablet Eco Prime Lite,659.00,7503257171132,,87
Automatic Watch Grill Edge,789.00,2309253022790,,92
Tablet,946.00,6991336653265,,60
Silent Projector Brush Max Wireless,335.00,9529755512497,,72
Clean Fan Rechargeable Portable Air,619.00,7067684105271,,24
Automatic Keyboard One Fast Smart,168.00,9124270422537,,8
Smart Toaster Light Monitor Touch,905.00,8985671593186,,51
Wireless Router,220.00,7566263565692,,39
Mini Scale Lite,864.00,6647196199923,,57
Wireless Cooker Lite Lite,591.00,0915407396413,,12
Compact Heater Keyboard Eco,58.00,0329482752444,,65
Compact Oven Drone 360 One Sense,918.00,2425286948118,,59
Fast Scooter Scale Cooler,718.00,7612868584689,,9
Cooler,989.00,8535482593259,,17
Ultra Phone Speaker Blender X Silent,144.00,1848508897512,,78
Clock Drone Charger,282.00,5016246416777,,81
Mouse Powerbank Printer,483.00,7952035179783,,18
Ultra Clock Touch Clean Prime,314.00,1222395940184,,33
Ultra Stove Light Eco Premium Plus,418.00,6782899202195,,78
Premium Brush,414.00,2790571479173,,34
Smart Mouse Powerbank Printer 360,490.00,2427338257216,,69
Charger Radio,415.00,0402504828157,,30
Wireless Grill Grill One Clean Mini,907.00,4729829622755,,4
Fast Thermostat Speaker 360 Digital,282.00,3439273052800,,30
Grill Brush Watch,307.00,3372728162917,,67
Ultra Monitor Light Advanced Lite,422.00,7510325268120,,19
Wireless Webcam Toaster Silent Prime,778.00,8299729546797,,72
Fast Thermostat Iron Touch,545.00,7490748910588,,35
Pro Scanner Monitor Treadmill Lite Ultra,570.00,0063202807150,,67
Portable Brush Silent 360,776.00,3778306306092,,91
Clean Router Lamp,962.00,1492116804778,,18
Smart Bicycle Ultra One,886.00,2651420529343,,39
Compact Drone,848.00,3739044445238,,66
Compact Scooter Microphone Eco Sense Premium,7.00,8312592926005,,99
Tablet Powerbank Blender,95.00,3336531319975,,26
Smart Treadmill Dock Eco X Sense,471.00,2585596758743,,72
Mini Powerbank Projector Wireless Air Plus,382.00,1957486782144,,34
Pro Watch Compact,597.00,1452805605246,,62
Lamp Grill,52.00,8811414128554,,67
Automatic Lock Blender Compact,464.00,3261280900313,,95
Eco Mixer Vacuum Max Advanced Max,616.00,7739019473651,,72
Silent Powerbank Iron Brush Smart Silent,390.00,1533527717742,,87
Wireless Freezer Advanced,982.00,9213311077352,,50
Mini Mixer Treadmill Smart,604.00,5128220131412,,70
Pro Thermostat Iron X Ultra,713.00,6666211525905,,45
Cooler Vacuum,21.00,1958858588777,,37
Brush Scanner,343.00,7305265947415,,1
Advanced Webcam Webcam Treadmill Fast Edge,902.00,3731215047739,,12
Drone Thermostat Headphones,739.00,9648951705837,,43
Eco Fan Iron Clock Premium,848.00,7966580723629,,23
Iron Heater,609.00,4269496861076,,80
Smart Microphone Lamp Speaker Ultra,757.00,2578937487174,,9
Ultra Toaster Light Monitor Compact,615.00,2143216208704,,64
Premium Scale Automatic Prime,926.00,2294097501689,,56
Portable Headphones,697.00,3645712254852,,9
Iron,292.00,9967005161864,,31
Eco Fridge Fan Lamp Compact,65.00,6195796484234,,61
Compact Watch,365.00,5607506362424,,19
Ultra Cooler,839.00,8246194293626,,81
Eco Fan Thermostat Air,220.00,8030295075324,,77
Digital Freezer,553.00,7462147333299,,44
Advanced Blender Max,47.00,2976970700661,,79
Treadmill,165.00,8559466491805,,67
Headphones,65.00,6619001886397,,23
Eco Drone Rechargeable Max Silent,186.00,1134510287152,,19
Advanced Lock Wireless,562.00,5320572840220,,21
Clock Lock,40.00,0908523783298,,48
Ultra Fan Go Fast Compact,729.00,5510630611613,,9
Clean Brush,707.00,0345820426655,,83
Portable Iron Thermostat Silent Smart Ultra,279.00,0734427063330,,83
Premium Lock Bicycle Clean,553.00,4892761666023,,60
Fast Oven Speaker Fan Advanced,835.00,3326612635858,,93
Portable Radio Silent Advanced Sense,4.00,1639829731469,,41
Portable Oven Mouse Cooler Prime,971.00,2656026356256,,49
Digital Fan Clock Camera Sense,911.00,3977287490145,,18
Scooter,13.00,7279022521579,,42
Mini Webcam Webcam Treadmill Edge,26.00,2863644860007,,36
Clean Watch Fridge Plus,944.00,9819009860741,,47
Smart Fan One Smart Compact,748.00,1590063192303,,73
Silent Mouse Radio Light Fast Ultra,310.00,2979457434714,,75
Fast Blender Blender,829.00,5994904926656,,31
Wireless Stove Vacuum Speaker,199.00,4630403520520,,89
Fast Microphone Rechargeable Edge X,74.00,8758855619022,,64
Wireless Mouse Radio Light Ultra Air 360,714.00,4703644509880,,51
Pro Shaver,434.00,6365997588325,,32
Scanner Shaver Powerbank,285.00,8196128578650,,87
Pro Toaster Oven Fast Silent,145.00,4656451748945,,20
Smart Scooter Advanced Sense,594.00,4604954136738,,36
Ultra Camera Smart Plus,830.00,4619409669426,,81
Premium Vacuum Printer Fast,186.00,3062003046666,,34
Projector Oven Thermostat,576.00,4633833741237,,93
Powerbank Projector,735.00,5586302390315,,60
Automatic Cooler Fan Sense,690.00,1378866611098,,48
Ultra Heater Keyboard Silent Edge Silent,408.00,3390982809997,,92
Fan Iron Cooker,115.00,4885893040533,,21
Freezer Mixer,504.00,8989294557273,,48
Premium Scanner Keyboard Monitor One Go Edge,344.00,9594311519609,,65
Compact Printer Charger Brush Silent Silent Clean,333.00,5895664018936,,83
Silent Scanner Rechargeable X Plus,669.00,6772555773268,,6
Ultra Scooter Max,157.00,5602811347449,,21
Portable Vacuum Webcam 360 Smart,600.00,8455915808616,,32
Eco Clock Lock Prime Max,755.00,7755317922448,,84
Speaker Keyboard,213.00,2807998891539,,53
Brush,881.00,2676908892597,,11
Premium Speaker Plus Ultra,590.00,8466949874065,,86
Ultra Keyboard Speakerphone Fan Mini Edge Automatic,640.00,0693277486143,,86
Advanced Lamp Go One,475.00,8425592208702,,55
Automatic Radio Touch Wireless Mini,17.00,9454437621610,,23
Advanced Drone,74.00,4362063722487,,48
Automatic Tablet Microphone Trimmer Clean Ultra,141.00,5977459824806,,94
Smart Scale One 360,954.00,3825618122985,,14
Microphone Cooler,208.00,6422181253626,,10
Pro Router Phone,43.00,0381163570747,,78
Microphone,567.00,6212467932723,,46
Silent Mixer Freezer Trimmer,343.00,5957199756933,,5
Smart Mouse Portable Max Smart,243.00,9544708745395,,80
Smart Headphones Stove Automatic Portable Premium,802.00,1488768053824,,79
Smart Scooter Sense Silent Sense,20.00,7724011420321,,52
Ultra Monitor Cooler Dock Portable Edge Fast,14.00,2017980408892,,89
Smart Mixer Freezer Trimmer,49.00,9416517582877,,86
Vacuum Webcam,569.00,6976094266483,,9
Silent Mouse Lamp Portable,42.00,6967368381278,,90
Compact Lock Charger Compact Fast Prime,543.00,8875386137976,,17
Microphone,635.00,2885203054924,,87
Oven Drone,752.00,0562602134793,,48
Automatic Microphone Treadmill Oven,527.00,9701330117307,,58
Digital Lock,458.00,1728299431181,,7
Advanced Powerbank Cooker Iron Rechargeable,301.00,9128554241289,,60
Premium Tablet Powerbank Blender Edge Sense Eco,835.00,2559383466982,,2
Mini Blender Smart,314.00,0465724533898,,42
Ultra Thermostat Camera Watch,293.00,6630772547720,,16
Wireless Mouse Powerbank Printer,131.00,3286568539122,,38
Mini Freezer,591.00,0478567520444,,56
Clean Oven Mouse Cooler 360 Prime,386.00,0305861275827,,24
Compact Cooker Clean,77.00,0344357502795,,10
Digital Toaster,3.00,8808107091660,,53
Digital Grill Grill Scale Mini Pro X,130.00,4742913626989,,64
Smart Radio,80.00,8056577733010,,2
Rechargeable Vacuum,318.00,5647540514557,,63
Automatic Stove Light Premium,50.00,5824526447973,,73
Premium Router Freezer Webcam,426.00,9526408211950,,26
Speakerphone Oven,904.00,6052323333857,,8
Digital Speakerphone X,464.00,8910689563494,,90
Silent Watch Thermostat One Air Smart,135.00,8773470726405,,22
Silent Iron Wireless Sense,183.00,0838180239602,,32
Mouse Radio Light,378.00,5301801753603,,46
Rechargeable Brush Smart Max,319.00,1075704856627,,57
Smart Router Automatic,43.00,4138684641120,,5
Automatic Iron Cooler Iron Eco,320.00,9693755300429,,3
Advanced Camera Heater Webcam Smart Rechargeable Touch,117.00,2264195461772,,8
Shaver Grill,500.00,1085872727698,,45
Brush,300.00,7531953684281,,10
Eco Heater Ultra Go,824.00,8211812679465,,5
Mini Treadmill Pro,564.00,2576053837880,,69
Charger Tablet Brush,539.00,4856159206222,,33
Advanced Mixer Treadmill,555.00,9987927704017,,39
Fast Lamp Lamp Kettle Smart Smart Mini,338.00,7872645366628,,97
Eco Iron Touch Wireless Touch,827.00,8351224011641,,62
Portable Drone Clean,130.00,4757066252770,,21
Smart Freezer Portable Wireless,638.00,6882500117365,,35
Automatic Vacuum Webcam Advanced Compact Sense,373.00,6758926911583,,83
Digital Brush,98.00,7398600282074,,97
Wireless Brush Fridge Drone Clean,85.00,4359798686221,,95
Mini Grill Microphone Projector Automatic Plus,137.00,0201034824581,,9
Portable Camera Heater Webcam Clean Air Compact,882.00,5829079826640,,35
Ultra Shaver Fast Ultra,612.00,7120371925498,,17
Automatic Clock Brush,276.00,7068886577644,,39
Rechargeable Shaver Go Air Smart,30.00,8153311839448,,81
Pro Mouse Charger Wireless,894.00,0630492806134,,34
Compact Grill Brush Watch Silent Eco Prime,949.00,3526502424924,,69
Pro Projector Eco Sense Digital,641.00,0012103724127,,13
Advanced Fan Thermostat,26.00,7762973824368,,93
Eco Headphones Wireless Advanced,330.00,7995905704968,,44
Smart Freezer Digital Max Advanced,110.00,2105258315666,,56
Advanced Projector Freezer Eco Digital,708.00,0067571351290,,48
Microphone Treadmill Oven,897.00,2665529832044,,8
Clean Fridge,987.00,8814174722376,,1
Rechargeable Brush Scanner Portable Rechargeable,749.00,3901494928214,,29
Premium Monitor Brush Monitor,6.00,7366241263394,,5
Rechargeable Watch Fridge,509.00,4421318514953,,65
Smart Drone Portable Advanced,287.00,8052056078214,,17
Smart Clock Premium,488.00,1335318638188,,12
Rechargeable Powerbank Scooter,681.00,5439763735808,,20
Digital Tablet Prime,124.00,2648221694929,,83
Mini Webcam Webcam Stove Mini Prime,60.00,3102892436602,,4
Compact Grill Charger Headphones Premium Fast,447.00,4347840868589,,25
Portable Scooter Eco Wireless,210.00,2045307526516,,39
Monitor Light,729.00,2223254119016,,74
Rechargeable Light Headphones Tablet Eco Compact,408.00,0142657075403,,59
Advanced Light Headphones Tablet Edge 360,563.00,3118986320887,,55
Rechargeable Cooker Brush Wireless Ultra,195.00,7699167240089,,91
Automatic Treadmill,810.00,4962540108287,,20
Fast Webcam Mouse Lite Premium Portable,197.00,4723707558822,,88
Automatic Lock Freezer Automatic,159.00,2395196363380,,82
Kettle Brush Fan,363.00,4756102769258,,5
Wireless Lock Clean Sense X,872.00,1448297566950,,93
Digital Mouse One Wireless,235.00,8545915318458,,4
Compact Vacuum Fan,521.00,6775221680884,,12
Fast Iron Toaster Projector,920.00,6502527158072,,58
Watch,913.00,2638922421610,,81
Iron Monitor,209.00,5436774171601,,1
Ultra Powerbank,793.00,4143571789465,,44
Mini Tablet Mini,860.00,2903238888984,,11
Vacuum,614.00,2447254588188,,7
Portable Treadmill Pro,510.00,1880995842958,,44
Eco Charger Monitor Brush Rechargeable,389.00,4336871632511,,68
Premium Scale Silent X,716.00,0578367665038,,51
Drone,764.00,3057823296186,,85
Clean Powerbank,976.00,6260434567850,,78
Scooter Scale Cooler,980.00,7008507356449,,29
Portable Light Heater Clock Silent Sense Digital,425.00,6152531758838,,12
Wireless Scanner Fast Rechargeable,619.00,0209228301276,,93
Pro Printer Fan Shaver,461.00,6931894702494,,40
Premium Headphones Rechargeable Portable,217.00,7091338189843,,61
Smart Router Phone Automatic Clean Fast,221.00,6147509600967,,12
Automatic Freezer Mixer,543.00,7630565082109,,61
Clean Blender Edge,960.00,2195825979872,,57
Scanner,309.00,9902949454368,,84
Mini Brush Premium Portable Go,505.00,1725306495365,,40
Microphone Lamp Speaker,900.00,4594724382741,,1
Rechargeable Freezer Mini Pro,753.00,4931467235628,,32
Fast Mouse Speaker Cooler Pro Premium Advanced,620.00,7045704727634,,58
Eco Tablet,222.00,7052622146102,,14
Advanced Powerbank Projector Smart,579.00,9895661817293,,34
Scale Trimmer Grill,63.00,0754857626905,,20
Mini Webcam Powerbank 360 360,295.00,1111627244575,,33
Clean Microphone Eco,218.00,6502363133172,,98
Mini Iron Microphone Mini Clean X,906.00,6037907030780,,73
Dock,891.00,6194124985900,,56
Smart Scooter Dock Shaver,911.00,9394660329825,,93
Compact Kettle Vacuum Touch Ultra Eco,710.00,2916534546113,,58
Mouse Speaker Cooler,818.00,2064860950354,,24
Pro Lamp Speakerphone Headphones 360 Touch Go,604.00,8384198495490,,16
Pro Lamp Scanner Vacuum Compact Fast Edge,527.00,5765069673163,,15
Rechargeable Keyboard Phone Scanner Smart,429.00,7805391695957,,62
Rechargeable Charger Stove Watch,572.00,4460110410117,,98
Fan,123.00,1746672958100,,6
Silent Heater Stove Scanner,107.00,0672739162726,,17
Heater Thermostat,402.00,6213817515382,,62
Portable Lamp Smart X,441.00,1065041621392,,23
Eco Treadmill,735.00,1030925905240,,60
Smart Charger Mini Max Rechargeable,881.00,2404832225255,,60
Digital Radio Mixer Smart X Wireless,238.00,9992339399423,,14
Advanced Heater Silent,138.00,6330833948342,,10
Premium Light Webcam Cooker X,478.00,5601803925030,,89
Premium Projector Brush,35.00,8672243070076,,96
Smart Grill Trimmer Fast Compact Smart,778.00,8611078603714,,31
Pro Radio Radio,510.00,1588671131418,,9
Smart Thermostat Microphone Scooter,919.00,1083723105282,,82
Advanced Clock Router Fridge Clean Clean,14.00,9831725947704,,31
Pro Bicycle Lock Fan Automatic Touch Lite,243.00,6331988052472,,19
Ultra Trimmer Webcam Heater Digital Fast Lite,730.00,8307863835940,,21
Rechargeable Toaster Scooter,704.00,0808894617041,,1
Mouse Mouse Router,919.00,1346323392682,,98
Silent Stove Vacuum Speaker 360 Advanced Automatic,663.00,3256447805952,,51
Premium Keyboard Smart Touch Touch,694.00,4812434835570,,48
Advanced Mixer Bicycle Fridge Edge Max Automatic,249.00,9617333178262,,90
Smart Tablet Router Printer One Fast,790.00,8452469010151,,74
Eco Dock,86.00,8212001885841,,8
Ultra Microphone Heater Clean,214.00,3827596761668,,26
Smart Vacuum Silent Mini Mini,620.00,0601616373078,,61
Portable Powerbank Brush Charger Advanced Pro Fast,950.00,7950742029032,,47
Automatic Monitor Cooler Dock Compact,121.00,8201440317686,,73
Camera Router Fan,242.00,4113943632590,,4
Lamp Blender Drone,40.00,9642456783796,,10
Eco Charger Stove Watch,240.00,1907811250145,,28
Eco Microphone Treadmill Oven,123.00,9336876670858,,63
Premium Charger Stove Watch Prime Automatic,226.00,2433632773420,,59
Wireless Stove Iron Advanced,721.00,3282387261220,,88
Eco Powerbank Eco,759.00,7757559153949,,20
Premium Speakerphone Plus,80.00,2301874193835,,64
Fan,532.00,3839876488042,,12
Fast Heater Max Air,540.00,7903737669300,,86
Smart Mouse,138.00,8093941961754,,14
Ultra Printer,976.00,1311890876910,,53
Automatic Phone Scooter Prime Touch,992.00,5355005062269,,91
Automatic Oven Mouse Cooler,441.00,3146349358154,,17
Smart Tablet Tablet Kettle Premium,613.00,1973832078556,,40
Ultra Freezer Premium,527.00,4558039060282,,64
Smart Fan Monitor Toaster,4.00,7473917316459,,42
Wireless Phone Iron Speakerphone,16.00,4907290601282,,65
Portable Microphone Touch Max Lite,536.00,0817897801968,,46
Camera,872.00,4459091417550,,79
Clean Drone Rechargeable Prime,762.00,7545446867976,,86
Printer,383.00,6893137417346,,84
Rechargeable Grill Grill Scale,758.00,9663402437099,,48
Silent Freezer Mixer,564.00,8315363367472,,99
Premium Radio Stove Shaver One Silent,442.00,4923292844229,,73
Digital Webcam X Max Compact,930.00,3232667090309,,31
Advanced Camera Bicycle Speakerphone Eco Ultra,765.00,5730463855958,,95
Scanner Tablet Radio,739.00,6447864675526,,92
Heater Mixer Shaver,48.00,0882924364594,,52
Fast Mouse Charger Prime,358.00,9846328971070,,75
Compact Printer,890.00,7313149557063,,35
Premium Thermostat Oven Rechargeable,83.00,3549277350663,,8
Digital Thermostat Printer,562.00,1295976334771,,54
Mini Heater Touch,799.00,4926241138776,,71
Mouse,247.00,9691611231917,,3
Fast Webcam Mouse Advanced Compact 360,877.00,0071761346669,,51
Clean Keyboard Silent,546.00,5270861897421,,85
Advanced Keyboard Freezer Smart Portable,645.00,9702283083671,,32
Clean Lamp Blender Drone Max Pro X,871.00,1521790986576,,30
Advanced Router Portable,260.00,6135413023149,,55
Ultra Fan Iron Cooker X Rechargeable Go,819.00,6691043862553,,43
Fast Fan Clock Camera Smart Fast Ultra,187.00,2816090757032,,24
Fast Radio Silent 360 Advanced,325.00,0718809199077,,25
Keyboard,621.00,2488078419975,,91
Wireless Mouse Mouse Router,435.00,6128769749146,,83
Eco Shaver Grill,342.00,5128240728715,,3
Silent Thermostat Iron Plus Edge Eco,521.00,1031203731445,,10
Pro Freezer Prime Lite,67.00,2261993344108,,72
Eco Radio Bicycle Cooler Prime Smart Silent,76.00,9824279087422,,59
Pro Fridge Freezer Advanced Portable Plus,140.00,2833366414802,,83
Ultra Router Freezer Webcam One Edge,337.00,5189862724554,,55
Mini Watch Sense Premium Max,963.00,6485081381837,,25
Rechargeable Trimmer Smart Compact,761.00,9939226468275,,18
Smart Scanner Keyboard Monitor,164.00,5305515714530,,44
Digital Brush,337.00,7604920936352,,60
Silent Powerbank Silent Compact,956.00,3355285337707,,56
Premium Fridge Pro Mini,538.00,9020396247255,,48
Mouse,476.00,3759788196197,,44
Camera Drone Fan,583.00,2247607684136,,89
Fast Brush Fridge Drone Fast Mini,311.00,9210942239739,,98
Advanced Watch,868.00,0573612789408,,93
Silent Lock,667.00,6642276230794,,9
Mouse Speaker Cooler,730.00,5340503486129,,53
Smart Cooker Clean Sense 360,44.00,5140442199186,,94
Digital Lock Fast One,349.00,0613083910304,,53
Compact Kettle Vacuum Digital,204.00,8461539987712,,25
Pro Radio,826.00,1672242475350,,21
Advanced Mouse,29.00,5387881477301,,88
Ultra Charger Sense,846.00,7786643757565,,21
Fast Tablet Blender Clean Compact,428.00,9479829969064,,7
Rechargeable Fridge Freezer 360,158.00,5162205132704,,80
Radio,124.00,7596916508844,,13
Wireless Drone Lite Premium Ultra,739.00,2427255389946,,21
Wireless Dock Ultra Eco,671.00,7155485052013,,52
Fast Printer Silent Touch Lite,980.00,7029621197213,,36
Wireless Mixer Plus One,698.00,1820082722343,,69
Eco Powerbank 360 Clean Max,832.00,5078369144951,,45
Dock,244.00,3301541910344,,40
Smart Scanner Keyboard Monitor Sense,253.00,4736762004807,,36
Projector Brush,710.00,6979066463668,,29
Mini Watch,59.00,0592158504986,,74
Thermostat,989.00,0577114299502,,86
Digital Phone X,539.00,7968558056869,,60
Tablet Blender,993.00,6067606485451,,56
Camera,471.00,0020663780675,,55
Pro Charger Monitor Brush 360 Mini,580.00,8895413412678,,40
Digital Lamp Lamp 360,291.00,6431197259867,,18
Eco Speaker Keyboard Digital Touch,332.00,8079144211377,,10
Speaker Keyboard,603.00,7033258007289,,91
Wireless Webcam Bicycle Camera,699.00,3824782965114,,37
Smart Thermostat Microphone Scooter Pro Smart,908.00,9406124610520,,6
Automatic Powerbank,189.00,5613464845428,,24
Smart Scooter Rechargeable,579.00,1477266007613,,98
Freezer Phone,488.00,8554401005369,,62
Eco Lamp Monitor Silent,968.00,6659049939563,,93
Smart Scooter Prime,608.00,1705412558451,,52
Portable Iron Clean Clean Premium,21.00,6097723748580,,94
Rechargeable Scale Clock Max Rechargeable,370.00,8110542282740,,50
Wireless Vacuum,713.00,6868706473313,,61
Fast Fridge Mouse Monitor Air,681.00,0200132820976,,73
Smart Speaker Keyboard Mini,419.00,6519998331361,,91
Wireless Clock Brush,629.00,0173950631492,,34
Clean Mouse Heater One Prime,144.00,1948620834966,,53
Pro Mixer Vacuum Smart Smart,500.00,6259434716177,,98
Silent Bicycle Clock Lamp 360 Clean,419.00,0498988087074,,98
Headphones,944.00,5831311368863,,41
Ultra Lamp Advanced Touch,923.00,4126876285696,,28
Pro Fan Wireless,772.00,4350192082404,,6
Premium Fridge Mouse Monitor One Touch Lite,987.00,1142761132855,,3
Smart Lamp Scanner Vacuum,798.00,8283214635554,,66
Mini Dock Ultra Eco,661.00,5582857229414,,25
Silent Camera Monitor Charger Silent,789.00,4589365965415,,73
Clean Dock Mixer Router Eco,58.00,7363686460784,,50
Ultra Mixer Bicycle Fridge Plus Premium Advanced,60.00,8475510985192,,53
Ultra Toaster Light Monitor Rechargeable Smart Plus,671.00,9441595159727,,20
Clean Thermostat Stove Lamp Edge Mini,280.00,0585672832918,,42
Portable Stove Vacuum Speaker Touch,436.00,5259309999699,,85
Mini Printer Fan,450.00,7854409645675,,32
Eco Blender Toaster Camera Silent,381.00,7254024425537,,81
Smart Heater Keyboard Pro Air,408.00,5582537912865,,33
Digital Radio,222.00,6393237953282,,48
Portable Brush 360 X Mini,383.00,5550457122145,,51
Mini Toaster Scanner Fast,423.00,2810804224544,,3
Portable Cooler Treadmill Plus Plus Mini,969.00,2389866001726,,64
Pro Grill,125.00,2077368021679,,83
Portable Lamp Blender Drone Sense One,113.00,3617112655508,,46
Monitor,934.00,4284369178709,,51
Rechargeable Fan Speaker Fridge,852.00,0677108330478,,55
Digital Thermostat Drone Heater Smart,583.00,9470569304023,,83
Clean Heater Radio Wireless Lite Sense,840.00,8519000437379,,62
Rechargeable Scooter Microphone Premium Sense Fast,501.00,4681196696329,,52
Silent Thermostat Trimmer,101.00,3538368912286,,65
Portable Shaver Mouse Mini,486.00,7253356498455,,74
Smart Camera Router Fan 360 Sense,745.00,9595888563651,,65
Digital Kettle Vacuum Edge,36.00,7663212892028,,26
Rechargeable Thermostat Oven Rechargeable Eco Mini,318.00,8484916327574,,20
Eco Watch Camera Touch Automatic,804.00,9589655523733,,13
Dock,920.00,7092918492438,,20
Pro Mixer Vacuum Ultra Plus,205.00,9826117958901,,69
Bicycle Lock Fan,870.00,8719940920737,,35
Fast Tablet Air,548.00,6558504105096,,76
Rechargeable Cooker Wireless X Pro,592.00,6851372784814,,37
Premium Phone Max Clean Smart,122.00,1133536746469,,12
Smart Fan Iron Cooker 360 One,596.00,6784244884131,,15
Fan,994.00,2661815370559,,13
Compact Scanner Drone X Advanced,861.00,4199729419838,,75
Rechargeable Webcam Dock Heater Touch Smart Premium,712.00,9617753261841,,85
Silent Clock Brush Go Smart,429.00,8785049100578,,86
Webcam Trimmer Projector,811.00,8785764368758,,92
Mini Thermostat Camera Watch Sense X Fast,623.00,0695077085175,,1
Pro Lamp Lamp Kettle Lite Go,867.00,2651606627085,,85
Advanced Mixer Bicycle Fridge Rechargeable Mini,379.00,8937448856932,,94
Webcam Cooker Toaster,65.00,9754007733331,,90
Mini Cooler Automatic Portable Wireless,12.00,4026842927271,,63
Eco Microphone Lamp Speaker,449.00,5658167261908,,56
Webcam Printer,694.00,0236706534499,,85
Smart Mouse Mouse Router Rechargeable,755.00,7649482741181,,98
Fast Phone Iron Speakerphone Lite,871.00,2875267445691,,67
Automatic Printer Wireless Prime,645.00,6916716674654,,22
Rechargeable Keyboard Freezer,10.00,5686786633158,,64
Ultra Lamp Blender Drone Rechargeable One,628.00,4127435543783,,59
Automatic Powerbank,198.00,4191140645834,,37
Rechargeable Speaker Powerbank Camera Edge Premium Plus,781.00,8732427203055,,82
Smart Scale Toaster Touch,899.00,4417867143256,,97
Compact Tablet Speakerphone Rechargeable Premium,558.00,9477834455084,,30
Speaker,920.00,9943069014155,,34
Wireless Mixer Pro,418.00,6014504233455,,42
Silent Printer Webcam,175.00,7016337809196,,16
Digital Vacuum Cooler Edge Touch Compact,470.00,5146874020395,,68
Automatic Headphones Stove Sense Fast,717.00,3914043152978,,30
Mini Camera Drone Fan Premium Ultra,814.00,4231443906284,,26
Pro Powerbank Wireless Sense Premium,673.00,6941933705355,,97
Automatic Dock,201.00,8431919883507,,62
Compact Powerbank,87.00,5483686601429,,67
Wireless Mouse Charger,13.00,7976167995448,,83
Clean Blender Blender,432.00,5494199852765,,31
Silent Speakerphone Go Silent Premium,84.00,9326321472755,,85
Advanced Iron Drone,134.00,4160705580477,,32
Portable Clock Router Fridge Ultra,550.00,8537181627204,,77
Fridge,676.00,2205586910400,,49
Mini Cooker Brush One Eco Compact,981.00,7763287615079,,86
Pro Tablet Cooler Fridge Touch Rechargeable,450.00,0233425119136,,97
Scanner Tablet Radio,617.00,1928963674627,,99
Portable Scale Treadmill Go,756.00,4495303909703,,3
Eco Thermostat,520.00,2754732387127,,99
Rechargeable Lamp Monitor,373.00,6063769517459,,14
Silent Iron Thermostat Air Portable X,456.00,8971368560401,,11
Ultra Powerbank Brush Charger Max One Digital,646.00,9303759298799,,39
Digital Cooler Vacuum Lite Touch Portable,842.00,2064721298540,,91
Silent Microphone Clean Air,533.00,0959022377600,,66
Digital Router Scanner Clean Plus,979.00,6087071801860,,87
Eco Speaker Powerbank Camera Eco Prime Premium,529.00,9209212110397,,21
Wireless Mouse Speaker Cooler Compact Wireless,544.00,9897003742690,,88
Clean Charger Tablet Brush,333.00,8608684222187,,4
Bicycle Clock Lamp,745.00,5426042374940,,71
Smart Vacuum Webcam Pro,318.00,0611320916836,,66
Rechargeable Bicycle Clock Lamp,151.00,3683830365937,,97
Mini Shaver Digital Ultra,828.00,1414293824806,,53
Advanced Fan Cooler Vacuum Compact Wireless Plus,801.00,8778148556254,,68
Compact Scooter Dock Shaver Digital Silent,585.00,1172913835082,,56
Compact Scale Toaster,519.00,6251990955809,,39
Eco Brush Blender,954.00,6074048295432,,36
Automatic Phone Thermostat Wireless Go,502.00,8146987584293,,27
Premium Shaver Drone Air,647.00,8746099869686,,87
Smart Trimmer Ultra One Lite,58.00,2111690668321,,81
Pro Bicycle Scooter Pro Prime,590.00,9391791840397,,35
Speaker Keyboard,131.00,7479845771902,,37
Digital Blender Blender,456.00,5902927070027,,59
Silent Heater Stove Scanner Mini Ultra,711.00,3380622329152,,8
Silent Lamp Scanner Vacuum Sense,523.00,9472223067114,,52
Scooter,724.00,2684507466057,,37
Mouse Radio Light,114.00,6257091940508,,14
Wireless Router Fast Clean,246.00,2920828973974,,11
Pro Charger Touch Fast Touch,157.00,2150512138055,,40
Automatic Powerbank Cooker Iron 360,292.00,4199950413711,,50
Phone Grill,384.00,1975071501680,,65
Advanced Projector One Ultra,657.00,3670914846925,,5
Compact Treadmill,947.00,5826523367728,,55
Ultra Watch 360,599.00,4507292207224,,33
Advanced Freezer Projector Webcam Eco,932.00,8801317065766,,68
Smart Radio Treadmill 360,732.00,5739763255840,,94
Portable Toaster Light Monitor,557.00,4526523213186,,38
Smart Lock Lamp Fast 360 Rechargeable,585.00,5869041833030,,44
Lock,513.00,8445101755831,,74
Dock Trimmer,848.00,9104749609942,,29
Webcam Projector Lock,646.00,0362318489244,,13
Compact Watch Mini Rechargeable Digital,495.00,0151123104523,,46
Eco Scooter Edge,489.00,9776336977293,,32
Clean Scooter Microphone Edge Clean,916.00,9610388819623,,31
Clean Mouse Monitor Phone Fast Prime Rechargeable,619.00,5253147897407,,75
Blender,365.00,2453320138164,,44
Pro Fan Mini,216.00,2196161308302,,28
Clean Cooler Fan Lite Ultra,986.00,5239822098352,,36
Fast Thermostat Speaker,98.00,7532409104971,,81
Mini Iron Heater Portable,271.00,7905260005419,,5
Fast Mixer Vacuum Eco,974.00,9390019720541,,3
Pro Powerbank Projector Mini,414.00,8513427179379,,61
Advanced Thermostat Oven Smart Compact,712.00,0577139528960,,58
Smart Oven Trimmer Touch Clean 360,360.00,9805201101454,,29
Mini Lock Lite Clean,467.00,9702261653346,,61
Speakerphone Charger,839.00,9142096948727,,54
Wireless Iron Toaster Projector,569.00,0462958830878,,74
Ultra Freezer Digital,9.00,2755544515807,,41
Fast Iron Monitor X,432.00,7774631195154,,45
Fast Grill Phone Air Lite Digital,618.00,7638381935821,,41
Powerbank,481.00,5938811086591,,69
Smart Grill X Go Automatic,527.00,3646182021968,,97
Brush,281.00,7976738368930,,29
Compact Iron Monitor,150.00,2435125868514,,5
Advanced Keyboard Compact Smart,550.00,6292883126579,,41
Mini Lock Edge,855.00,0354066654128,,62
Portable Treadmill Advanced Portable Fast,836.00,1330729546121,,97
Cooker Brush,364.00,7843293669188,,8
Fan,518.00,5479807428747,,98
Clean Webcam Powerbank Automatic,603.00,2115836450276,,74
Smart Charger Digital X Eco,758.00,8499233983976,,13
Advanced Thermostat Camera Watch Ultra,567.00,7583158387894,,9
Premium Charger,951.00,8822769350897,,11
Automatic Fan,618.00,1325803194190,,69
Clean Grill Tablet Fridge Wireless Compact,147.00,2231354084868,,21
Brush Fridge Drone,699.00,6510916276825,,14
Digital Shaver Lite,89.00,9647966233397,,44
Premium Speakerphone Automatic Prime Pro,918.00,3911967537324,,40
Rechargeable Stove Blender Oven Advanced,467.00,6839873734354,,42
Portable Freezer,825.00,2425763046290,,97
Rechargeable Toaster Light Monitor Compact,893.00,5674606074014,,44
Clean Freezer Edge Automatic Portable,947.00,5410834705562,,87
Clean Blender Compact Premium Prime,35.00,2764758438413,,78
Tablet Router Printer,533.00,0142594680890,,17
Eco Lamp Go Prime,436.00,5143957310961,,53
Shaver Blender,447.00,4369376564919,,97
Smart Fan Lite Edge,823.00,3738115932103,,9
Clean Radio Iron Digital Air,176.00,0469047354659,,57
Eco Tablet Cooler Fridge Fast One Fast,683.00,0719803231350,,83
Compact Toaster Oven Ultra Fast,742.00,7867693355687,,93
Premium Bicycle Microphone Silent Smart Fast,891.00,2986953230498,,84
Silent Speaker Tablet Headphones Silent Go Max,64.00,3229665701481,,34
Eco Scanner Mouse Eco X,223.00,3867528972908,,51
Toaster Oven,748.00,1106797364154,,45
Advanced Brush Mini Pro Rechargeable,458.00,6238937766803,,90
Compact Webcam Dock Heater Go,428.00,7586820636016,,27
Clean Cooker Mouse Bicycle Lite,105.00,3646041084363,,76
Smart Lock Lamp,460.00,2583097298355,,60
Rechargeable Oven One,764.00,5280566149619,,5
Eco Freezer,946.00,3333659028802,,2
Smart Router Lamp Pro Ultra Silent,886.00,9411616238908,,90
Automatic Printer Compact Portable Smart,415.00,3540035169244,,4
Eco Iron Monitor Eco Clean,152.00,4878936552834,,17
Mouse,427.00,3135663499933,,71
Mini Freezer Premium,577.00,6312009041873,,39
Silent Camera Digital,799.00,8463128778121,,87
Mini Kettle One,53.00,7208125224506,,15
Smart Heater Mixer Shaver Compact Mini,625.00,3049226306050,,88
Rechargeable Heater Mixer Shaver Advanced Mini,475.00,7680317119164,,13
Eco Speakerphone Stove Tablet Go Prime Advanced,637.00,4684413067704,,33
Compact Watch Camera Silent Pro,371.00,0505997219775,,32
Clean Mixer Drone Toaster Pro Eco,736.00,6458685286174,,60
Smart Headphones,106.00,5769793641979,,49
Pro Microphone Cooler Clean Rechargeable,728.00,7406936082258,,54
Rechargeable Mixer Lamp Sense,761.00,6396194268345,,84
Pro Watch Camera Rechargeable,767.00,2027278086251,,34
Portable Webcam Bicycle Camera,406.00,1482502868163,,74
Portable Scooter Bicycle Oven,155.00,6263644408043,,46
Compact Treadmill Edge Sense,392.00,7644903129579,,35
Fast Charger Radio Rechargeable Compact,925.00,0954697159339,,12
Scanner Tablet Radio,367.00,6623611129454,,2
Advanced Speaker Tablet Headphones Smart,403.00,1790129937224,,97
Pro Camera Drone Fan Eco Automatic,608.00,9010838846351,,92
Iron Microphone,414.00,8299601343407,,63
Smart Fridge Portable,439.00,0504887692179,,31
Ultra Trimmer Cooler Pro,68.00,5112535523628,,56
Eco Scanner Monitor Treadmill Sense,236.00,4843158885374,,49
Wireless Freezer Mini Ultra,624.00,2265159267812,,54
Wireless Scale Headphones Wireless Touch,804.00,3291623077815,,22
Smart Router Smart Silent Touch,400.00,0620866219851,,64
Pro Charger One X Go,799.00,8994315286452,,1
Digital Scale Clock Sense,167.00,1500771318643,,18
Advanced Scale Prime Clean,538.00,1042470973834,,59
Digital Bicycle Lock Fan Digital Pro Air,845.00,2959268432192,,13
Advanced Mouse Fast,959.00,8890489992666,,6
Smart Fan Speaker Fridge Go Prime,930.00,3408952287567,,80
Advanced Treadmill Dock Digital Go,74.00,1029617493387,,13
Wireless Lock Max Plus,777.00,2316391575408,,74
Digital Camera Heater Webcam Plus Touch,927.00,5521851575936,,13
Wireless Toaster Pro Silent Rechargeable,919.00,3183594832138,,64
Vacuum Printer,855.00,5886041840950,,40
Webcam Trimmer Projector,976.00,1053711099367,,74
Charger,517.00,1975496147029,,52
Smart Shaver Mouse,393.00,1704080491923,,7
Portable Brush Wireless X Automatic,931.00,9899916031465,,20
Mini Powerbank Scooter,769.00,9850771540547,,30
Eco Toaster Oven Pro,376.00,0901854763489,,35
Premium Vacuum Iron Phone Lite Plus,240.00,9356958236116,,18
Smart Headphones Monitor Fast One Automatic,762.00,4257509348287,,40
Mini Tablet,677.00,6867501474433,,94
Digital Vacuum Cooler Prime,247.00,4185570270056,,77
Portable Radio,408.00,3888335638399,,52
Digital Dock,135.00,3418064610955,,12
Automatic Webcam Powerbank,840.00,4177606491597,,57
Mouse,483.00,7352750869189,,49
Advanced Oven Trimmer Dock Prime,421.00,7639842424311,,48
Radio Light Fan,10.00,3907123435481,,50
Digital Vacuum Fan Rechargeable,576.00,5175421632651,,83
Advanced Trimmer Heater,140.00,9090227392942,,41
Smart Clock Lock,172.00,0123729370527,,48
Mini Thermostat,535.00,8058072105118,,73
Grill Brush Watch,756.00,4640288165365,,3
Automatic Brush Wireless 360,736.00,3833000901308,,34
Smart Dock Plus Compact,205.00,1599699299561,,65
Digital Scooter Dock Shaver Rechargeable,286.00,7795494551956,,91
Fast Treadmill Portable Sense One,700.00,5295061471592,,16
Smart Heater Mini,786.00,2359935170202,,52
Automatic Headphones Charger,636.00,6674502346368,,71
Pro Powerbank Radio Fast Edge,519.00,3267146480807,,88
Portable Fridge Fan Bicycle Air Air,14.00,2258373407973,,55
Fast Drone Speaker Speaker Ultra,613.00,9885477852038,,54
Charger Stove Watch,900.00,3005423784213,,36
Rechargeable Thermostat Webcam Bicycle,867.00,3966482679943,,78
Advanced Charger Bicycle Cooker,616.00,4916687284212,,44
Eco Headphones Wireless Plus Compact,480.00,6094819774409,,49
Silent Radio Mini,417.00,6386159832483,,82
Smart Oven Trimmer Dock Smart Mini Edge,635.00,8814935572233,,25
Dock,31.00,7640052540999,,27
Fast Projector Smart,895.00,5823250142864,,45
Fast Cooker Ultra Automatic X,134.00,4303845619274,,69
Portable Radio Mixer Portable Portable,921.00,2487114596076,,85
Premium Router Freezer Webcam,284.00,9290966823367,,76
Fast Speaker Keyboard,118.00,6830847083003,,51
Webcam,900.00,8452194083123,,25
Eco Tablet Router Printer Sense Mini Go,387.00,8782467587240,,47
Smart Tablet,369.00,2622347329743,,79
Wireless Mouse Radio Light Touch Eco,394.00,4289288707474,,54
Smart Mixer Vacuum Pro,50.00,4382094024725,,79
Pro Mouse Heater Lite,99.00,4022417417178,,27
Rechargeable Powerbank Automatic,86.00,5702685566394,,26
Shaver Drone,93.00,6381985623434,,5
Advanced Tablet Cooler Fridge,679.00,9669286949062,,64
Digital Freezer,522.00,8661537215712,,88
Compact Mixer Vacuum Digital,822.00,8979757646507,,13
Automatic Clock Router Fridge,870.00,2554050187498,,60
Wireless Brush,35.00,2049326063465,,92
Ultra Webcam Cooker Toaster Automatic Go,175.00,4166216831817,,86
Ultra Heater Cooker Portable,432.00,1533282541385,,56
Radio Bicycle Cooler,648.00,0497192063676,,70
Ultra Grill Charger Headphones,701.00,7269581102623,,19
Automatic Trimmer Webcam Heater Digital Prime,540.00,0390068284758,,96
Premium Thermostat Automatic,776.00,0493202388326,,61
Advanced Blender Max,337.00,0725452581456,,81
Smart Fan,212.00,9824907435038,,85
Premium Lock Bicycle Advanced Automatic,566.00,2791107901168,,50
Automatic Cooler Treadmill,641.00,7214143188034,,73
Fan,832.00,1378286958223,,89
Clean Phone Thermostat One,150.00,7359194052153,,89
Ultra Oven Scale,692.00,7662832240974,,50
Clean Tablet,841.00,1354305227419,,61
Keyboard Speaker,978.00,1197478451508,,71
Premium Vacuum Fan Clean Advanced Fast,507.00,0441297705030,,63
Digital Lamp 360 Silent Smart,211.00,5747123372762,,65
Clean Brush Prime Pro Smart,637.00,7660237505087,,98
Eco Mouse,427.00,4632501381676,,76
Rechargeable Vacuum Webcam Clean X,659.00,6626543224716,,50
Smart Speaker Clean,888.00,2310124986684,,84
Smart Iron Thermostat Edge 360,181.00,6331448220724,,18
Silent Cooler Eco Silent,232.00,2552000684660,,1
Pro Treadmill Dock,99.00,0592576207940,,42
Mini Stove Wireless,347.00,4929685162888,,56
Clean Oven Mouse Cooler Rechargeable Air Fast,132.00,9376922874137,,72
Mini Keyboard Portable Clean,442.00,4876426589841,,53
Silent Scale Treadmill Premium,676.00,9961884915488,,27
Smart Toaster Scooter Max,252.00,3882852765293,,45
Premium Kettle Vacuum,497.00,8817385973537,,54
Portable Dock Trimmer Silent,535.00,3888604838284,,32
Automatic Webcam Printer,803.00,6747621364053,,67
Fast Fan Sense Eco,552.00,8916588650464,,15
Smart Shaver Edge,102.00,4637446205476,,18
Eco Camera Keyboard Mini Wireless,596.00,8846555333475,,76
Rechargeable Dock Portable Digital,269.00,7760950970299,,83
Clean Router Scanner,209.00,9552776357112,,42
Eco Mouse Mouse Router Portable Edge,817.00,8682053413901,,60
Silent Charger Monitor Brush Edge Touch,118.00,9307833645950,,77
Speakerphone,611.00,6431127540515,,78
Wireless Printer,735.00,1790310353291,,79
Portable Powerbank Radio Wireless Ultra,554.00,0537712124231,,95
Clean Speaker Router Lamp Smart,395.00,0648436193967,,66
Eco Webcam Projector Lock Compact Plus Silent,641.00,0938855565200,,25
Mini Heater X,222.00,4016744676759,,13
Eco Speakerphone Stove Tablet Plus Touch Silent,286.00,9473074870557,,10
Printer Charger Brush,15.00,1879500084235,,26
Premium Powerbank Edge Clean Smart,946.00,1832624361132,,12
Wireless Mouse Speaker Cooler,162.00,5244611129070,,16
Smart Watch Air,799.00,9678517310120,,47
Smart Lock,969.00,6524839047325,,17
Freezer,470.00,8212131378114,,85
Ultra Headphones,955.00,2291589515681,,82
Compact Lamp Grill Smart,202.00,4002610623606,,20
Scooter Bicycle Oven,575.00,8686279236788,,96
Mini Keyboard Speakerphone Fan,487.00,4224043009745,,81
Ultra Dock Router Webcam Silent Eco,735.00,4209528431808,,89
Automatic Printer Lock Thermostat Ultra Smart Prime,442.00,4614519254203,,66
Automatic Shaver Grill Smart,637.00,8167412646010,,98
Pro Blender Edge Wireless Portable,377.00,8683313918846,,5
Fast Projector,789.00,8269447643139,,97
Portable Router Edge Mini Digital,978.00,6271026715467,,83
Keyboard Speakerphone Fan,59.00,7504295687937,,14
Portable Headphones Stove,89.00,2841007731829,,89
Projector,392.00,7257733085474,,15
Silent Lock Lamp Lite,820.00,7582277705138,,65
Smart Projector,981.00,0205217992715,,52
Eco Blender Eco,974.00,0157678390213,,42
Compact Drone Thermostat Headphones Compact Max,293.00,4783183616027,,38
Premium Scanner,969.00,8484892346439,,21
Tablet,12.00,0144013592128,,16
Mouse,777.00,9547564092955,,39
Compact Vacuum Webcam Clean,761.00,8328813145483,,85
Watch Grill,251.00,3042499355701,,44
Mini Trimmer Cooler,741.00,1387835509076,,72
Fast Radio Light Fan Edge Touch,267.00,6020596996482,,78
Toaster Scanner,150.00,6753947109674,,19
Mini Lamp Grill,739.00,4656704834173,,40
Watch Microphone Microphone,605.00,4360100699297,,96
Mini Bicycle Automatic Automatic,520.00,1339134788270,,72
Scale Treadmill,143.00,2487073226083,,84
Automatic Camera Treadmill Heater,930.00,1888500496122,,49
Mini Dock Automatic Eco Wireless,910.00,2901226990411,,48
Ultra Phone Scooter Wireless,630.00,3802959784775,,85
Premium Dock Trimmer Silent,237.00,0886656769108,,6
Grill Grill Scale,473.00,0479963257668,,52
Silent Camera Eco,972.00,4606570940546,,45
Smart Treadmill X Silent Fast,326.00,0888961584933,,24
Smart Keyboard Phone Scanner Lite Fast,308.00,4370457088781,,48
Lock,391.00,6997969210141,,62
Compact Camera Heater Webcam Rechargeable,232.00,7821294059108,,64
Silent Shaver Grill Lite Rechargeable Go,257.00,0196916399571,,31
Portable Brush,715.00,7782635313184,,88
Portable Mixer Toaster Toaster Mini,391.00,0782270444233,,97
Wireless Fan Mini,817.00,0513867388223,,10
Smart Tablet Microphone Trimmer Clean Sense,294.00,7019763807491,,27
Grill Phone,72.00,7831236528968,,38
Fast Stove Light,632.00,8086079207863,,67
Brush Scanner,555.00,3937567012139,,67
Charger Bicycle Fan,54.00,6142654969839,,95
Phone,395.00,4695049124204,,29
Fast Toaster Touch Go Mini,664.00,7949918522576,,14
Eco Fan Clock Camera Premium 360 Air,314.00,4158084748878,,17
Mouse,844.00,9659244347481,,65
Portable Router Freezer Webcam Smart Sense Premium,757.00,1261202006088,,22
Rechargeable Dock Speaker Phone Clean,632.00,7174840100886,,84
Smart Heater,209.00,7023949721860,,79
Tablet,924.00,4349794230313,,2
Clean Kettle Prime Air Edge,366.00,6247388625737,,8
Rechargeable Treadmill,433.00,8945635546238,,98
Rechargeable Router,439.00,5275662474789,,17
Silent Mouse Treadmill Phone,589.00,1559420523303,,87
Ultra Charger Smart Premium,742.00,2209483737306,,14
Smart Mixer Drone Fan Ultra,610.00,6903654130120,,93
Silent Light,628.00,8753184361819,,27
Pro Iron Monitor Clean X Pro,338.00,1103245043784,,21
Eco Lamp Lamp Clean,879.00,6646223732515,,21
Lock Blender,804.00,5211072708847,,39
Portable Headphones Monitor 360 Pro Air,762.00,7293973332565,,82
Portable Router Lamp Smart Clean,46.00,7405932357582,,53
Powerbank Scooter,485.00,1894264910118,,17
Portable Scale Trimmer Grill Prime 360,968.00,9923233789430,,76
Premium Camera Portable,819.00,5969495190847,,91
Ultra Scale Headphones Fast Prime Fast,708.00,6387821819467,,55
Ultra Fan Go Portable Premium,173.00,0878510987612,,59
Ultra Scooter Pro,279.00,6460714305176,,99
Tablet Microphone Trimmer,340.00,8451746924860,,85
Wireless Microphone Lamp Speaker Sense One,667.00,8375220014833,,54
Clean Mouse Powerbank Printer Go Ultra,846.00,1199864599801,,73
Rechargeable Treadmill Go Fast 360,849.00,9605445555422,,90
Portable Heater Stove Scanner,234.00,2811237705587,,13
Eco Brush Ultra Portable Touch,641.00,5385956916564,,65
Pro Drone Vacuum Clean,1.00,3959013197375,,58
Wireless Trimmer Shaver Mini Sense Digital,366.00,9832986484052,,53
Premium Microphone Lamp Speaker Air 360,164.00,1498584722248,,2
Advanced Trimmer Clock Mini,250.00,7995412377815,,43
Smart Cooler Fan Compact Digital Clean,339.00,8953830283964,,8
Smart Heater Toaster Stove Smart Air Go,49.00,8475177108200,,18
Lamp Speakerphone Headphones,910.00,1388355864713,,95
Digital Brush One Lite,975.00,9913527102083,,22
Compact Charger Air One,711.00,6177156243996,,70
Smart Shaver Blender Fast Portable Clean,378.00,7978991209654,,72
Advanced Phone Mini Advanced Portable,17.00,4891987936804,,95
Compact Fan Automatic,540.00,3187954787311,,12
Smart Vacuum Printer Compact Sense,89.00,2094232581510,,24
Premium Headphones Stove Wireless Clean,728.00,1967986259824,,51
Premium Powerbank Projector Plus Ultra Touch,867.00,1771276290264,,27
Freezer,938.00,0287479360488,,21
Automatic Speaker Router Lamp X Ultra,173.00,7024031729344,,71
Clean Speaker Powerbank Camera Lite One,274.00,8403436590411,,87
Digital Dock,739.00,9371387643557,,65
Wireless Printer Go Sense,110.00,1630064558590,,57
Automatic Watch Grill Go Prime Plus,570.00,0611466735650,,93
Silent Oven Drone Edge Plus Smart,253.00,4591086948684,,65
Portable Projector Brush Sense Portable Edge,279.00,9915995452042,,12
Fast Fan,678.00,0248296812925,,20
Pro Heater Radio,294.00,0711836430052,,66
Thermostat Webcam Bicycle,808.00,7103324881218,,59
Clean Printer Pro Lite,268.00,6066196714163,,53
Compact Toaster Compact,583.00,0402237764388,,46
Tablet Blender,650.00,4264042573588,,71
Cooker Brush,778.00,8747578619983,,90
Thermostat Printer,295.00,5091348688390,,75
Smart Speakerphone Stove Tablet Max Ultra Advanced,633.00,4880383904364,,66
Rechargeable Drone Eco Prime Smart,132.00,8228577865286,,93
Scale Headphones,477.00,5103348740104,,56
Pro Printer Fast Clean,765.00,0118596907761,,21
Premium Brush Cooler Powerbank Clean,486.00,4770942242979,,49
Powerbank Projector,919.00,9772682141425,,14
Fast Lock Lamp Touch Mini One,110.00,4144485467937,,23
Rechargeable Light Edge Smart Smart,2.00,1699935427168,,24
Digital Projector Premium,585.00,3551671236603,,65
Mini Fan Iron Clock Portable Mini Compact,339.00,6647432710554,,56
Eco Lock,399.00,9995248761909,,66
Smart Dock Freezer Projector,267.00,7357492955534,,26
Pro Grill,437.00,9996909706970,,97
Mini Microphone Clock 360 Clean,152.00,8697294493803,,91
Premium Dock Router Webcam Eco Lite,406.00,0354482043247,,49
Wireless Camera Drone Fan Lite Fast,231.00,3750095825619,,90
Digital Freezer Touch Edge,534.00,2763400682150,,49
Ultra Vacuum,885.00,0048360766105,,89
Advanced Fan Monitor Toaster Compact Max One,766.00,9188435437132,,16
Eco Vacuum Iron Phone,343.00,5773333093593,,5
Silent Watch Microphone Microphone X Fast,461.00,5676537096943,,29
Advanced Mixer Drone Toaster X 360,504.00,7997233532657,,30
Charger Treadmill,799.00,2045221133562,,34
Eco Fan Advanced Lite Lite,619.00,6874742771078,,96
Silent Powerbank Radio,127.00,6438425229517,,39
Pro Trimmer Stove,277.00,5568892989582,,32
Shaver Blender,855.00,6650260380783,,88
Rechargeable Fridge Fan Bicycle 360 Max Air,487.00,8147770798057,,24
Freezer,758.00,4719179561866,,21
Mini Iron,593.00,5877688331161,,75
Mini Cooler Fan,165.00,1606592616965,,94
Wireless Bicycle Microphone Plus Smart Digital,452.00,7134783995123,,46
Treadmill Dock,82.00,0539850696229,,37
Wireless Blender Treadmill Tablet Smart X Wireless,912.00,1594685985893,,10
Watch Fridge,148.00,9156518057171,,36
Scanner,122.00,8273025357561,,60
Portable Powerbank Radio Plus,431.00,5829875834917,,26
Mini Speakerphone,658.00,3291594290435,,73
Fan,488.00,4571993615589,,90
Heater Mixer Shaver,698.00,7605611782098,,27
Silent Projector,137.00,0184215129647,,48
Rechargeable Cooler Fast Smart,456.00,4898498139168,,84
Speakerphone Oven,924.00,5302729854663,,9
Premium Mixer Drone Toaster,715.00,0405194804036,,84
Compact Router Keyboard Go Silent Max,821.00,4254797469182,,45
Compact Camera Monitor Charger Rechargeable Plus Smart,630.00,0238381448948,,61
Eco Watch Touch Premium,880.00,1670128799286,,97
Advanced Bicycle Scooter Air Eco,635.00,7514380337104,,33
Wireless Lock,353.00,4080872752838,,94
Compact Projector Oven Thermostat Air Air 360,597.00,8498445589495,,69
Wireless Webcam Scooter Edge Compact,978.00,5844593563475,,65
Eco Heater Mixer Shaver Fast Automatic,64.00,3952749961258,,53
Portable Mixer Vacuum,999.00,2327428576756,,43
Grill Charger Headphones,387.00,6773501638082,,74
Eco Webcam Projector Lock Lite Silent Wireless,959.00,4769903328319,,28
Portable Phone Speaker Blender Air Digital,610.00,6456354149591,,53
Mini Blender Ultra Sense,646.00,0987203633092,,95
Wireless Projector Brush Ultra Ultra One,247.00,8600029172560,,87
Advanced Scanner Drone Plus,434.00,8997946671291,,63
Ultra Microphone Heater,148.00,4344250683542,,17
Speakerphone Oven,47.00,5335866785064,,87
Stove,201.00,1315389665573,,84
Automatic Radio Clean Silent Digital,179.00,7603140358203,,55
Wireless Webcam Trimmer Projector Silent Edge Rechargeable,700.00,2993307378287,,52
Compact Fan Smart Plus,34.00,8055085255731,,93
Fast Thermostat Stove Lamp Silent Pro,728.00,7301366917487,,36
Fast Camera,72.00,2026372920140,,27
Clean Projector Max Silent,295.00,7445301865904,,82
Pro Lamp Lamp Kettle Advanced Premium,323.00,8459280812919,,77
Rechargeable Scale Speaker Powerbank Fast,23.00,1939802278128,,70
Rechargeable Tablet Microphone Trimmer Plus,977.00,1521137353061,,17
Scanner Monitor Treadmill,269.00,8267441822925,,2
Clean Router Keyboard One Smart,872.00,4055929437716,,69
Clean Router Keyboard Smart,810.00,6993348064282,,3
Vacuum,929.00,1663703577959,,65
Eco Trimmer Webcam Heater,398.00,1203484616890,,46
Fast Printer Freezer,940.00,6804773723319,,6
Lock,172.00,8707994646833,,30
Portable Lamp Blender Drone Max 360 Ultra,181.00,7435867485579,,64
Mini Radio Treadmill Premium One Max,8.00,6561742185638,,7
Mouse,439.00,7917234634723,,36
Mini Speakerphone Oven,10.00,2058520904863,,44
Wireless Stove Monitor Tablet Air,412.00,5181458081010,,70
Digital Grill Charger Headphones Digital Plus Clean,202.00,2536985337582,,31
Automatic Dock Speaker Phone Air Smart,799.00,4003928992637,,80
Mini Stove Clean Pro,316.00,2334918999346,,90
Digital Heater Keyboard,915.00,4975907631281,,93
Ultra Mouse 360,153.00,7450154623854,,64
Clean Watch Fridge Sense X,55.00,7347645694465,,59
Powerbank Projector,893.00,9148092041158,,39
Compact Blender Toaster Camera,957.00,5598992329421,,70
Advanced Radio Iron Premium Compact,336.00,5646680065226,,96
Advanced Radio Max Digital Clean,295.00,6877504318283,,73
Automatic Iron Drone,263.00,0022770401627,,64
Compact Radio Light Fan Sense Advanced Edge,765.00,9992859894026,,73
Eco Iron Heater One,269.00,4617176009834,,22
Mini Camera Pro,406.00,7189609816786,,5
Automatic Lamp Lamp Air Sense,703.00,7937473516857,,33
Fast Light Heater Clock Eco X Ultra,349.00,7745249359788,,62
Clean Printer Smart,314.00,8493663463671,,25
Smart Dock Dock Trimmer Smart Air Air,320.00,9150522755092,,54
Rechargeable Cooker Brush,128.00,2470986726825,,64
Rechargeable Tablet Router Printer,568.00,1083586350805,,88
Eco Radio,274.00,8632876933209,,71
Digital Fan Thermostat Mini,627.00,2053264112918,,58
Webcam Scooter,971.00,5117096583043,,80
Portable Projector Rechargeable Smart,410.00,5159973461709,,29
Smart Scale Eco Fast Mini,20.00,4396375739154,,5
Fast Dock X,330.00,1427531926200,,93
Premium Lock Blender Smart,87.00,1438653845188,,26
Mini Scanner Monitor Treadmill Digital Rechargeable,102.00,0628422263621,,71
Smart Scale,671.00,0412172122426,,39
Portable Headphones Stove Automatic,889.00,3340077503361,,7
Smart Lock Lamp Max Automatic,593.00,8385344401143,,50
Advanced Watch Thermostat Plus,65.00,6406225144323,,81
Silent Scale Toaster Prime,840.00,3243384816387,,7
Bicycle,199.00,2707056407392,,42
Brush,596.00,3712293080528,,8
Fast Scanner Tablet Radio Automatic,701.00,9758012303336,,29
Silent Printer Smart Fast Go,544.00,2218304091046,,85
Ultra Speaker Tablet Headphones Sense Go,289.00,6897773142372,,62
Eco Lamp Grill Clean Plus,914.00,2474788821931,,81
Smart Cooler Edge Digital Premium,137.00,7448822972397,,4
Wireless Drone Max,512.00,2035852709724,,55
Mini Scale Treadmill Go,36.00,6549116982359,,93
Smart Powerbank Ultra,759.00,5928708832356,,80
Radio Light Fan,434.00,1250430800599,,6
Clean Phone Speaker Blender Smart Smart,712.00,9319788749553,,14
Rechargeable Fan Speaker Fridge Automatic Automatic Advanced,723.00,1625924556649,,69
Smart Grill Brush Watch Clean Prime,426.00,0139490076889,,69
Rechargeable Freezer Projector Webcam,852.00,9708914568432,,21
Smart Mouse Compact Eco,162.00,5700034033764,,27
Eco Fan Clock Camera 360 Ultra Portable,541.00,0467059253427,,47
Smart Vacuum Advanced Air,226.00,0556250592463,,83
Smart Mouse,31.00,2512315165773,,94
Microphone Treadmill Oven,654.00,2357002573697,,46
Mouse Treadmill Phone,562.00,8519498303873,,23
Automatic Speaker Powerbank Camera,8.00,6895098419377,,67
Automatic Heater Silent Eco,575.00,0888051848655,,71
Advanced Trimmer Stove Air,821.00,2335321438941,,60
Watch,121.00,3777709607645,,31
Eco Lamp Speakerphone Headphones,758.00,2701873781253,,66
Digital Mixer Clean Sense,169.00,9905727516890,,21
Premium Charger Bicycle Cooker Air,604.00,0273428615273,,3
Ultra Fan,973.00,4766311811310,,25
Mini Projector Smart Go,165.00,6164923834518,,67
Portable Heater Stove Scanner Ultra,268.00,1399542258369,,74
Mini Printer X Rechargeable,475.00,3029439415329,,16
Smart Watch Thermostat Compact,631.00,9712009456207,,70
Portable Mixer Vacuum Prime Go Smart,988.00,7460444068487,,71
Eco Lamp Speakerphone Headphones Smart Air,650.00,3775151599952,,49
Stove,300.00,5911725051695,,50
Eco Cooler Max Plus,386.00,6622374163088,,96
Fast Freezer,223.00,0739981147540,,23
Advanced Brush Plus 360 Advanced,215.00,2560309993949,,17
Ultra Grill Grill Lite,611.00,3134372740138,,29
Eco Charger Lamp Pro,313.00,8453713791413,,47
Silent Fan Phone Air,357.00,4873285642106,,22
Camera,864.00,1897903550669,,56
Premium Phone Iron Speakerphone,722.00,1519863652800,,16
Smart Headphones Premium Advanced Rechargeable,631.00,2628037161150,,61
Ultra Iron Premium,842.00,7121794901144,,32
Digital Shaver Grill,867.00,0960000945506,,61
Premium Blender Automatic Compact Rechargeable,855.00,3308247824807,,38
Automatic Lamp Freezer Air Go 360,816.00,6433965556079,,87
Brush,990.00,5519076961504,,67
Premium Headphones Charger Pro Fast Eco,238.00,3758659299173,,43
Automatic Heater Fast Max Sense,394.00,3584310367284,,57
Digital Mouse Portable Wireless,699.00,9105507705159,,3
Cooker Brush,106.00,5248380224561,,56
Lock Camera,10.00,3290751234664,,7
Smart Charger Lamp X,212.00,2931571636054,,70
Ultra Scooter Wireless Lite Silent,764.00,8930608150116,,76
Speakerphone,626.00,4674910465103,,78
Compact Heater Thermostat,280.00,0910535597244,,2
Clean Thermostat Printer Eco Smart Wireless,212.00,1325166492551,,28
Automatic Blender Max,210.00,5943065546845,,77
Automatic Fridge Silent Silent Digital,457.00,9603175175095,,95
Speakerphone Oven,637.00,6394301918701,,69
Smart Thermostat Stove Lamp 360,188.00,4586740849384,,96
Ultra Fan Edge Wireless,2.00,4118748304116,,27
Smart Lamp Lamp Compact,877.00,7263850198171,,21
Automatic Brush Scale Grill Edge Premium,698.00,9242300124401,,40
Silent Cooker Ultra Go Fast,524.00,0284790963961,,27
Mini Router Lamp,543.00,2240908845343,,8
Automatic Webcam Mouse Rechargeable Digital,575.00,8613005430134,,96
Printer,461.00,0657507376413,,51
Clock,651.00,1261130904326,,99
Wireless Headphones Automatic Rechargeable Mini,509.00,5110941011289,,44
Silent Toaster One Mini Clean,611.00,1783664460159,,6
Premium Fan,484.00,5565168408488,,9
Ultra Fridge Printer Mouse Smart Prime Clean,516.00,4746498487416,,37
Portable Lock,733.00,1600175972028,,62
Fast Fan Iron Cooker,42.00,5936759988205,,41
Pro Webcam Trimmer Projector Touch,210.00,9025211430140,,14
Mini Lock Pro Mini Digital,721.00,1227178173179,,83
Clean Cooker Brush Rechargeable Edge Touch,315.00,3213797634298,,58
Tablet,661.00,2573079366752,,98
Smart Speaker Keyboard,839.00,4181355581133,,19
Fan Drone Monitor,295.00,6021349669073,,59
Rechargeable Projector Brush Smart X Eco,227.00,0751914977390,,63
Clean Light Toaster Smart Automatic,815.00,8316717172247,,94
Rechargeable Brush X X Touch,611.00,9467889966437,,40
Smart Scale Clock X Touch,551.00,5405711257364,,98
Wireless Webcam Projector Oven Max One,324.00,5610402914383,,46
Digital Stove Touch Air,464.00,6547277766368,,60
Wireless Tablet Cooler Fridge Digital,246.00,5853558260403,,73
Lock Bicycle,995.00,3483512383033,,90
Mini Clock Touch,892.00,4291963609102,,15
Mini Mixer Freezer Trimmer X,708.00,9695721057504,,64
Compact Fan Digital Fast,698.00,8766000425763,,57
Pro Speaker Tablet Headphones Max,980.00,9853912434972,,84
Eco Brush Scanner Premium Smart,868.00,3098545768087,,65
Wireless Fan Scooter Headphones Mini,725.00,3326837942298,,25
Ultra Charger Tablet Brush Fast,81.00,3365094550570,,9
Rechargeable Lamp Grill Fast Fast Rechargeable,81.00,6981533039870,,82
Silent Drone Printer Tablet Digital 360 X,501.00,0295702590427,,1
Rechargeable Iron Toaster Projector Smart Air Compact,879.00,6711273470370,,20
Fast Tablet Router Printer Clean,227.00,7483433528991,,73
Tablet,939.00,6827143586215,,1
Iron Microphone,991.00,6970059666448,,29
Advanced Speakerphone Oven Lite,921.00,3652157294336,,53
Freezer,199.00,6912444473170,,45
Smart Webcam Powerbank,239.00,5005671178602,,69
Premium Scale Stove,636.00,9347574277607,,4
Clean Drone Heater Scanner,436.00,9869669693968,,39
Advanced Tablet Tablet Kettle Go,366.00,7228403174958,,94
Router Lamp,791.00,1298177525375,,23
Premium Keyboard Toaster Monitor Smart Sense,369.00,5309100857787,,64
Ultra Scanner Mouse,737.00,9660771805399,,32
Watch,189.00,4154882127716,,27
Pro Cooler Fan Compact Premium Rechargeable,954.00,7566111488821,,84
Pro Monitor Brush Monitor Fast,729.00,2200268838997,,91
Wireless Router Keyboard Rechargeable,522.00,2361144147029,,12
Digital Stove,131.00,7417243962096,,88
Automatic Trimmer Shaver Smart,41.00,3453909220371,,91
Scooter,691.00,7152735015538,,81
Wireless Toaster Oven Digital Ultra,683.00,8201883317182,,4
Compact Speaker Tablet Headphones Portable,685.00,1083477364751,,77
Automatic Printer Lock Thermostat,976.00,2109584994519,,91
Blender Blender,356.00,1985260813616,,79
Mini Drone Air,698.00,5108512970554,,69
Rechargeable Radio Automatic Go Smart,491.00,1612197003017,,98
Mini Heater Cooker Pro Air Lite,992.00,4919679597062,,15
Automatic Bicycle Speakerphone Printer Smart,486.00,0352288929130,,60
Stove Monitor Tablet,580.00,5732504391029,,27
Digital Tablet Touch Eco Clean,730.00,5212955385971,,58
Pro Phone Scooter Silent Go,268.00,0316115373480,,11
Mini Cooker Brush Prime Plus Compact,120.00,6684870193235,,20
Premium Webcam Printer Go Go Go,756.00,5897726976123,,18
Portable Scale Speaker Powerbank,75.00,4187646171311,,16
Advanced Lock Air Compact,992.00,7649386163560,,4
Portable Brush,192.00,9075294807780,,37
Portable Watch Thermostat Pro,615.00,7778194624434,,19
Ultra Keyboard Toaster Monitor Touch Smart,788.00,0844167987121,,62
Mini Dock,667.00,2402567164030,,25
Powerbank,660.00,2857364441875,,59
Heater Cooker,695.00,5900052093249,,26
Ultra Blender Cooker Plus,982.00,5004158220384,,25
Compact Speakerphone Mixer,167.00,2213041646177,,92
Smart Iron Microphone Smart Clean Ultra,94.00,3229344816925,,55
Wireless Watch Headphones Kettle X Fast,306.00,4454893420319,,68
Smart Watch Portable,974.00,7787675090941,,80
Silent Powerbank Router One Edge Wireless,247.00,9477662631087,,16
Eco Iron Monitor Air Fast,815.00,1241451395409,,63
Clean Toaster Light Monitor Smart Touch Lite,796.00,5998627872269,,72
Silent Vacuum Iron Phone,402.00,3277157439718,,93
Projector Brush,340.00,9224964040389,,74
Compact Vacuum Automatic,203.00,7646997258845,,40
Grill,186.00,6012322312956,,80
Rechargeable Fan Iron Clock Touch Smart Eco,620.00,2220195611807,,37
Portable Speaker Powerbank Camera,999.00,5634875254319,,19
Ultra Webcam Cooker Toaster Lite,920.00,8802896002616,,78
Clean Camera Drone Fan Go Pro 360,366.00,1922377484810,,72
Smart Tablet Microphone Trimmer Plus Prime,629.00,0345479166629,,16
Portable Fan Scooter Trimmer X,793.00,8613981940795,,6
Portable Microphone Portable,795.00,7015950091940,,97
Smart Printer Premium Sense Touch,466.00,3893817863817,,67
Advanced Treadmill Automatic Compact,491.00,1778521945498,,7
Speakerphone Scanner Monitor,986.00,1220778455058,,87
Scooter,482.00,8915560962182,,27
Pro Powerbank,793.00,6512992499013,,43
Advanced Printer Ultra Edge Wireless,315.00,0841014011329,,21
Silent Mouse,500.00,0820243521793,,24
Mini Keyboard Prime,569.00,4744243234315,,24
Mixer Heater,485.00,9770909123452,,8
Pro Brush,621.00,6531056802354,,15
Ultra Fridge Printer Mouse Go Clean Smart,817.00,7218787916848,,35
Automatic Cooler Treadmill Air Plus,948.00,2095416926660,,23
Advanced Cooler Smart,672.00,7971689738115,,52
Digital Powerbank Scale,204.00,4449496839910,,51
Rechargeable Brush Mini Prime Go,633.00,6848897305808,,39
Eco Shaver Advanced,315.00,8206736891185,,44
Fast Dock Touch,831.00,1586940918159,,75
Cooker,418.00,4602316602334,,99
Automatic Brush Fast Max Eco,227.00,1016942353622,,5
Fast Cooler,866.00,0388716210693,,11
Smart Charger Cooker Thermostat,909.00,2468062216926,,6
Advanced Speakerphone Scanner Monitor,382.00,1001491453350,,62
Advanced Shaver Drone Touch Prime,266.00,3742581407379,,23
Advanced Mouse Heater,136.00,7278559387177,,17
Advanced Mixer Vacuum,201.00,6633339960024,,95
Cooker Mouse Bicycle,869.00,4034181425341,,53
Wireless Mixer Vacuum Mini,590.00,6601621828550,,42
Smart Watch Touch,147.00,8486651150363,,72
Compact Camera,261.00,4950795231041,,28
Advanced Watch X Air One,296.00,0263635961676,,87
Ultra Shaver Drone Silent,180.00,3355056126103,,51
Automatic Watch Camera,944.00,1070522373912,,90
Fast Stove Iron Edge,475.00,4949726640021,,80
Rechargeable Treadmill Premium,260.00,1846258119120,,29
Mini Mixer Router Phone Smart Prime,1.00,3334087024770,,86
Eco Heater X,287.00,8455874564158,,68
Portable Lock One,504.00,9693620952418,,55
Automatic Microphone Cooler Automatic Fast,348.00,2557198715165,,49
Speaker Powerbank Camera,546.00,0703245255654,,91
Eco Webcam Webcam Stove Clean Ultra,544.00,0858799755553,,21
Rechargeable Speakerphone Oven Sense Rechargeable Air,319.00,1206630530361,,1
Smart Dock,187.00,2431096936689,,79
Fast Shaver Ultra,771.00,5278701427845,,84
Wireless Powerbank 360,341.00,7354618094139,,50
Smart Freezer Mixer Lock Premium,588.00,4579734334294,,81
Scooter Dock Shaver,673.00,5446089910116,,14
Mixer,919.00,3637701665664,,97
Compact Charger Monitor Brush,540.00,0756882912459,,86
Automatic Charger Monitor Brush Silent,949.00,6312286221562,,72
Advanced Drone Printer Tablet,715.00,2304659213094,,53
Clean Trimmer Webcam Heater Eco Premium Air,350.00,3014392647375,,5
Portable Mouse Radio Light,922.00,6765137013975,,22
Pro Dock Powerbank Speaker,385.00,0372659809656,,16
Projector,459.00,3799508452288,,63
Wireless Camera Drone Fan Rechargeable X Smart,754.00,7996057796443,,9
Fast Lock,285.00,4829593340593,,18
Speakerphone Charger,112.00,9284916663981,,99
Wireless Heater,470.00,8093828863102,,18
Advanced Fan Drone Monitor Prime,939.00,8023416888613,,52
Pro Heater Stove Scanner Prime Max,251.00,6720213281648,,61
Speaker Router Lamp,129.00,3611037521290,,52
Compact Phone Speaker Blender Eco Mini Advanced,443.00,6457466418902,,8
Mini Phone Grill Smart,959.00,5003009305515,,45
Advanced Drone Speaker Speaker,840.00,5941795788559,,93
Premium Keyboard Sense Plus,387.00,3177175721744,,32
Pro Lock,569.00,4528248155529,,15
Smart Bicycle Lock Fan Prime,94.00,7487814003596,,88
Mouse Lamp,680.00,3013470541178,,94
Wireless Speakerphone 360 Automatic Automatic,575.00,1492018076235,,72
Mini Blender Cooker Wireless Wireless,534.00,6487124149091,,77
Portable Webcam Projector Oven Digital Go,133.00,3463366456169,,16
Wireless Scooter Microphone,918.00,5465686661054,,4
Silent Scale Clock Sense Sense,78.00,4424085463561,,24
Thermostat Microphone Scooter,205.00,7849326827624,,85
Ultra Lamp Scanner Vacuum Compact,491.00,0587205290608,,15
Advanced Heater Mixer Shaver Eco Ultra One,818.00,3272304064140,,8
Smart Thermostat Max,750.00,9415372707753,,82
Heater Keyboard,55.00,7216175957893,,4
Charger Bicycle Fan,234.00,5697059685019,,34
Toaster Oven,811.00,0431218223071,,40
Toaster Oven,97.00,5566464293976,,17
Portable Webcam Trimmer Projector Advanced,5.00,2530963920865,,38
Digital Tablet Smart Air,172.00,4794435603924,,59
Freezer Mixer Lock,372.00,6084202524735,,86
Smart Speakerphone Oven Plus Touch One,772.00,4309415461281,,53
Freezer,19.00,1987517424163,,42
Silent Speaker Tablet Headphones,120.00,4778451000332,,26
Mixer Treadmill,536.00,8195132514487,,65
Grill,202.00,5548352216281,,7
Compact Scale Toaster Mini Automatic,549.00,9663543475370,,69
Heater Stove Scanner,371.00,6636526413310,,92
Fan,551.00,9377680896010,,43
Wireless Cooker Touch,990.00,8783868734486,,37
Wireless Blender Cooker Automatic,219.00,5212288912493,,95
Oven Scale,493.00,6326692573269,,18
Rechargeable Thermostat Smart,751.00,6850020466652,,70
Portable Clock Brush,840.00,5841606072498,,41
Freezer,275.00,2433493016780,,56
Digital Blender Blender Silent,120.00,0679060952231,,37
Mini Trimmer Webcam Heater Prime Fast Go,695.00,1900522031652,,26
Clean Webcam Trimmer Projector Clean Air,491.00,5239549896705,,30
Charger Bicycle Cooker,242.00,5929487064563,,14
Rechargeable Thermostat Webcam Bicycle Edge Smart Touch,8.00,7103885725884,,52
Rechargeable Brush Blender,484.00,0040308170043,,89
Compact Oven Digital Wireless Edge,522.00,4966392064166,,74
Bicycle Microphone,334.00,8881348621865,,90
Rechargeable Lamp Scanner Vacuum Air Automatic One,206.00,4179185905748,,3
Silent Cooker Pro,272.00,8054108405849,,98
Mouse,831.00,6458134108880,,20
Portable Phone Speaker Blender X,640.00,8572157034877,,90
Eco Lock Edge Touch,704.00,4415032587669,,79
Drone Printer,922.00,2387331989487,,19
Silent Scooter Max Lite,434.00,1296701339160,,73
Speaker,775.00,5765536522765,,8
Compact Tablet Mini,394.00,9861630912542,,24
Premium Fan Monitor Toaster Prime,766.00,6191724979896,,7
Clean Cooker Go,526.00,5586143449920,,18
Smart Dock Automatic Touch,29.00,8965478858244,,3
Watch Fridge,367.00,1842795581642,,58
Silent Keyboard Pro,505.00,0700020583223,,98
Pro Charger Stove Watch One Lite,75.00,1101958129566,,92
Smart Drone Speaker Speaker Eco Automatic,911.00,0680980500563,,87
Pro Projector Oven Thermostat Touch Touch,93.00,3447018551785,,60
Ultra Router Lamp Portable Fast,811.00,3444742989891,,10
Projector,87.00,4413464782225,,76
Clean Oven Drone Premium,530.00,6552957122358,,61
Tablet Microphone Trimmer,354.00,2200993381089,,7
Radio,15.00,9208142161950,,5
Digital Shaver,833.00,0152539885594,,54
Premium Dock Clean,494.00,6536750478638,,27
Fast Bicycle Speakerphone Printer Mini,400.00,5197384615465,,3
Lock,118.00,7616526439618,,51
Mini Headphones Sense,317.00,0896744088462,,86
Iron Thermostat,59.00,7682466994845,,64
Wireless Tablet Powerbank Blender,313.00,1496221500242,,25
Printer,379.00,8674119618252,,24
Smart Scale Toaster,584.00,5234163726094,,37
Compact Clock Lite Smart,817.00,4008691355931,,12
Automatic Brush Edge,992.00,6552117691748,,45
Smart Fridge,425.00,1518742822860,,7
Smart Router X,38.00,5132767030763,,15
Automatic Bicycle Microphone Advanced Fast,587.00,7003022956884,,57
Mini Cooker,741.00,4740771019301,,79
Pro Router Touch Eco,142.00,6630160108229,,41
Rechargeable Router Phone 360 Advanced Mini,246.00,0155956047828,,94
Powerbank,154.00,7957921264314,,4
Smart Stove Vacuum Speaker Digital Plus,495.00,7125199587996,,12
Silent Lock Camera Digital Plus Wireless,875.00,7604997423441,,5
Freezer,451.00,6596351347856,,6
Wireless Drone Prime,331.00,0133317905468,,72
Clean Fan Clock Camera Touch Pro,141.00,7129859060973,,91
Silent Speakerphone Oven Ultra Rechargeable Mini,898.00,5977150344474,,40
Wireless Stove Blender Oven Eco Eco Fast,473.00,6610941873157,,55
Brush Lock,588.00,5899000332076,,92
Ultra Lamp Freezer Fast,776.00,2600079991803,,86
Microphone Heater,613.00,1622123327681,,81
Compact Scooter Dock Shaver Max,882.00,7157186759239,,74
Clean Router Phone Portable One,230.00,6881308691893,,9
Fast Vacuum,672.00,6088818957116,,94
Tablet,676.00,7461078599095,,62
Pro Thermostat Stove Lamp,512.00,5900405667202,,20
Rechargeable Speaker Router Lamp Clean Max Clean,884.00,8647478260226,,84
Wireless Toaster Scooter Air Fast Automatic,387.00,6067430303822,,78
Wireless Projector Freezer,654.00,3470923899987,,53
Mouse,936.00,9549676241986,,1
Clean Webcam Printer,959.00,2520687412647,,16
Silent Freezer Projector Webcam,576.00,7107226045914,,63
Digital Mouse Speaker Cooler Lite Ultra Smart,845.00,4512175956458,,26
Rechargeable Toaster Plus Ultra,634.00,8280979161816,,38
Wireless Charger Radio,350.00,5049832534821,,87
Mini Radio Iron One Premium Premium,456.00,9177308775327,,19
Digital Treadmill,24.00,2214238145039,,85
Wireless Treadmill Dock,628.00,6209536769878,,85
Pro Trimmer,852.00,8311359262325,,50
Silent Oven Trimmer,896.00,0449430423049,,89
Mini Oven Scale,712.00,6669114723225,,97
Premium Webcam Cooker Toaster,658.00,6857313553907,,33
Compact Speakerphone Charger Touch,189.00,3587757529918,,6
Silent Freezer Mixer Lock X Fast,270.00,5913146420449,,27
Shaver Grill,92.00,7538766277884,,25
Eco Thermostat Oven Edge,274.00,7078586449875,,85
Smart Bicycle Speakerphone Printer,759.00,9361669699778,,79
Lamp,749.00,9259031108990,,57
Freezer,730.00,5963956762321,,35
Clean Radio One,118.00,2528538827671,,81
Ultra Shaver Automatic Portable,349.00,5197902004757,,81
Automatic Watch Digital Fast Rechargeable,230.00,5854061349388,,55
Lamp Monitor,559.00,4212252801984,,26
Digital Scanner Drone Sense,195.00,4131082855359,,88
Digital Camera Heater Webcam,686.00,6678157012548,,6
Premium Iron Drone,750.00,4702507452356,,60
Compact Mouse Speaker Cooler Sense,50.00,3857311188470,,56
Silent Brush,302.00,1711231887023,,53
Clean Drone Smart,454.00,7645432027169,,82
Dock Powerbank Speaker,483.00,9767892037965,,60
Rechargeable Keyboard Freezer Premium Sense,71.00,6792901321196,,52
Digital Lamp Lamp Advanced Touch Plus,546.00,0522995962175,,33
Ultra Cooler,991.00,2883322080664,,74
Wireless Camera Vacuum,324.00,6123470401246,,85
Compact Stove,100.00,2646519648425,,81
Digital Phone Iron Speakerphone,608.00,1840068055814,,61
Smart Monitor Air Sense Advanced,181.00,9782483078158,,75
Silent Cooker Mouse Bicycle Prime Pro,187.00,4875946755798,,20
Pro Shaver Drone One,286.00,6444949259190,,18
Charger,956.00,2844718542548,,39
Dock Trimmer,663.00,1195104884355,,88
Pro Shaver Grill,164.00,7619010857936,,19
Smart Vacuum Webcam One Pro,964.00,7489002000653,,70
Clean Thermostat Webcam Bicycle Smart Max Max,164.00,4498163096187,,33
Silent Mouse Touch Fast Eco,657.00,7873281948117,,45
Scanner Keyboard Monitor,903.00,1175504606467,,66
Premium Tablet Speakerphone Pro,603.00,6371296410717,,48
Automatic Tablet Sense 360 Smart,474.00,9734009870050,,49
Eco Scale,919.00,6311637387193,,40
Portable Tablet Mini Automatic,735.00,4027837455021,,38
Camera,46.00,5052302900514,,75
Automatic Heater Thermostat Rechargeable,845.00,2109302858758,,97
Blender Toaster Camera,103.00,8508676223546,,12
Advanced Clock Lock Automatic,903.00,0144078847379,,60
Digital Heater Radio X,739.00,8183871292735,,22
Fast Headphones,47.00,3122197912984,,35
Smart Stove Vacuum Speaker Automatic One,959.00,6455546559910,,14
Compact Tablet Microphone Trimmer,362.00,9454935659788,,45
Bicycle Clock Lamp,481.00,5885688735216,,96
Lock Freezer,247.00,7535100929713,,14
Silent Radio Edge Go Pro,859.00,0344174483109,,56
Radio Bicycle Cooler,667.00,2001709684810,,81
Smart Headphones,577.00,9822901285321,,79
Silent Watch Tablet Printer Automatic Sense Rechargeable,627.00,9756246055557,,69
Compact Drone Printer Premium Touch Touch,165.00,2770193736045,,76
Eco Brush Digital Advanced,384.00,3517944945580,,72
Compact Headphones Plus Automatic Premium,941.00,8376346214329,,32
Oven Scale,765.00,3526422120562,,24
Portable Cooler Mini,915.00,3780637211617,,17
Fast Heater Stove Scanner Air Rechargeable,51.00,3597255819572,,28
Grill Phone,583.00,8580019494288,,6
Advanced Clock Lock Edge,548.00,3860431385131,,77
Mini Lock,218.00,5681198973588,,17
Speakerphone Mixer,549.00,8264824689069,,52
Pro Mixer Lamp Clean Compact,584.00,5480080388697,,91
Rechargeable Watch Grill Portable,136.00,8823229851138,,8
Wireless Scooter Ultra One 360,762.00,8288741196769,,3
Pro Drone Lite Wireless,429.00,0443576805370,,35
Advanced Grill Lite Automatic Smart,82.00,0062850783465,,42
Ultra Router Scanner Go,63.00,5840876233486,,28
Eco Vacuum Iron Phone Lite Smart Automatic,835.00,6064439754433,,89
Portable Freezer Projector Webcam,954.00,3095548089294,,21
Compact Toaster Oven Eco 360,742.00,8655793986820,,28
Pro Radio Max,649.00,3525655211122,,9
Advanced Dock Advanced Rechargeable,679.00,1883818282269,,15
Clean Heater Thermostat,91.00,5274823478253,,98
Fast Grill Phone 360 Silent Digital,652.00,5052951585797,,30
Compact Dock Speaker Phone 360,294.00,6600548416956,,30
Compact Cooker Brush Go,582.00,6004416998733,,22
Digital Trimmer,574.00,9500584421501,,60
Ultra Tablet Speaker Scooter,295.00,0454936527962,,9
Mini Mouse Lamp Prime 360,23.00,2529023494422,,56
Clean Scale Speaker Powerbank Pro,591.00,2086682500685,,61
Automatic Brush Mini,368.00,7225201877883,,11
Freezer,892.00,1843044517498,,89
Mini Lock Freezer,785.00,0845717221610,,25
Automatic Cooler Treadmill Digital Air Plus,886.00,0360949442997,,56
Ultra Monitor Light Compact Compact Silent,281.00,8389733139006,,47
Digital Headphones Charger Advanced,363.00,3913661567546,,50
Stove Light,403.00,9179311741870,,29
Premium Mixer Vacuum,942.00,7694544406591,,36
Brush,65.00,3148620488505,,59
Portable Speakerphone Mixer,747.00,3574540546337,,65
Lock,369.00,2189795337329,,26
Silent Camera Drone Fan One Max,793.00,1483329667731,,10
Compact Treadmill Dock Wireless One,935.00,7709477587368,,49
Silent Trimmer Shaver,675.00,6324911324739,,20
Silent Dock Mixer Router Automatic Eco X,306.00,7935222127859,,60
Rechargeable Microphone Cooler,701.00,9443051207010,,26
Clean Thermostat Microphone Scooter Air,662.00,9615522246358,,27
Blender Scale,268.00,8184920185701,,68
Printer Fan,933.00,1500744601321,,41
Clean Printer Edge,874.00,7779443619317,,52
Scooter,775.00,5960697076540,,75
Pro Dock Speaker Phone Go Ultra Edge,459.00,3358570376269,,64
Wireless Clock Router Fridge Smart,972.00,2043530662131,,19
Advanced Mixer Lamp Advanced Clean,397.00,9804621284549,,50
Portable Tablet Clean,349.00,7517313406151,,85
Eco Bicycle,383.00,8890072671763,,68
Smart Stove Monitor Tablet Plus,642.00,0971733302528,,77
Powerbank,768.00,0338956699932,,74
Automatic Freezer Advanced Automatic Silent,209.00,2762244901410,,41
Pro Radio Light Fan,304.00,7111905419569,,63
Portable Watch Microphone Microphone Automatic,372.00,1167661152536,,29
Compact Dock Pro X,85.00,0835362325344,,64
Smart Kettle Digital 360,985.00,4340741542121,,65
Compact Tablet,211.00,4316724441323,,46
Mini Powerbank Ultra Fast,289.00,2537481110341,,48
Fast Tablet Cooler Fridge Premium,664.00,4223807520199,,26
Rechargeable Router Keyboard Portable Touch,674.00,6671544279623,,86
Fast Toaster Scanner Mini Smart,415.00,2565288200040,,40
Ultra Phone Grill Rechargeable Digital,394.00,7665449628142,,47
Silent Monitor Cooler Dock Portable Rechargeable,805.00,3808762088642,,70
Smart Printer Touch X Plus,579.00,9608046199330,,14
Wireless Light X Wireless Digital,750.00,6482430812592,,45
Pro Vacuum Cooler Smart,201.00,5904895065043,,96
Fast Camera One Portable,227.00,8413596165091,,54
Mini Scanner Mouse X,547.00,0065764616805,,22
Portable Kettle Vacuum Smart Ultra,150.00,9669743645872,,93
Silent Heater Stove Scanner Advanced Max,749.00,8206345524436,,17
Advanced Mixer Touch Prime Clean,612.00,2396450627293,,12
Rechargeable Webcam Webcam Stove Plus X Portable,374.00,3491247512314,,19
Clean Drone 360 360,324.00,8950912072034,,98
Fast Cooler Fan,392.00,6636394518506,,39
Premium Oven,12.00,7950466498282,,37
Rechargeable Scale Treadmill Plus Fast,943.00,1002506494535,,3
Fast Printer Fan Automatic,423.00,7931158469599,,5
Digital Fridge Freezer Portable Clean,848.00,1923950509609,,30
Digital Printer Ultra Automatic X,533.00,2986744219572,,47
Premium Toaster Fast Compact 360,337.00,8367035589682,,42
Wireless Fan Scooter Headphones,224.00,1859208496882,,49
Wireless Grill Grill One Prime Mini,717.00,0220526946150,,88
Freezer,173.00,6824952658010,,73
Digital Projector Touch Sense,367.00,6787942853096,,2
Wireless Fridge Wireless,247.00,4888698836080,,68
Wireless Lamp Prime One Mini,362.00,8903250616903,,28
Ultra Projector Clean Silent Portable,425.00,1199567259699,,27
Premium Headphones,491.00,4996239638441,,68
Smart Brush Blender Vacuum,276.00,5605000448880,,22
Portable Camera Treadmill Heater Advanced Mini Rechargeable,244.00,8074115741228,,3
Digital Keyboard Plus Ultra Compact,2.00,4443683699851,,22
Clock Lock,547.00,4925252635076,,59
Scooter,882.00,5659286707636,,99
Eco Brush Fast,684.00,5503979775207,,13
Wireless Lock Camera Touch X,494.00,7546910231910,,49
Mini Scanner Tablet Radio Smart One,644.00,4145074008876,,42
Smart Bicycle Microphone X Smart,247.00,8297238123836,,38
Wireless Scanner Tablet Radio Eco Edge,504.00,7355181587257,,83
Ultra Camera Treadmill Heater,226.00,7052652689549,,33
Clean Brush Scale Grill Clean,784.00,0967278374823,,41
Charger Treadmill,994.00,7728627140338,,88
Cooker,767.00,1214274029196,,24
Compact Speakerphone,787.00,2676170477607,,75
Scanner Mouse,208.00,7257015585227,,99
Compact Thermostat Compact Premium Lite,286.00,2827478154435,,76
Mini Projector Brush Max Prime,407.00,3493703452738,,32
Advanced Webcam Bicycle Camera Smart X,437.00,7256064705440,,7
Scale,204.00,3782772119223,,50
Compact Light,344.00,9079782900618,,14
Mini Scooter Bicycle Oven Silent Prime,377.00,0249946622048,,17
Eco Radio Digital,499.00,2462233161435,,84
Wireless Camera Premium Portable Go,396.00,1393851931791,,35
Charger,700.00,1224641853569,,42
Smart Mouse,920.00,3290363308531,,57
Freezer,304.00,0159511498070,,25
Smart Lock Camera Advanced Edge Automatic,921.00,9446837175855,,69
Portable Mouse Mouse Router,811.00,2240342727267,,27
Rechargeable Grill Grill Scale One Sense Go,404.00,5353708991374,,9
Silent Speakerphone Charger X Mini Silent,551.00,6256348002556,,87
Pro Mixer Vacuum Compact,396.00,2873658289183,,22
Scanner Drone,328.00,7824505895571,,60
Premium Microphone Lamp Speaker,752.00,4137292911038,,90
Premium Stove Monitor Tablet Air,687.00,7442882191651,,82
Printer,61.00,7114436258041,,3
Ultra Printer,152.00,0794643490006,,41
Fast Router Phone Prime X Edge,924.00,3713083356892,,32
Digital Scooter Premium,521.00,9892574710857,,83
Camera Router Fan,835.00,9816438684986,,4
Portable Brush 360 Edge Touch,609.00,2510212168972,,68
Ultra Watch Camera Pro,631.00,9851575517445,,5
Drone Heater Scanner,26.00,2275666634045,,88
Pro Toaster Ultra 360 Ultra,579.00,9943809215736,,19
Silent Camera Router Fan,327.00,6926672530604,,44
Compact Lamp Freezer Digital Automatic,186.00,1261113153376,,34
Iron,133.00,1658771341595,,81
Rechargeable Router Freezer Webcam Digital Fast,759.00,6647397898069,,4
Radio Treadmill,80.00,0669408046913,,2
Smart Fan Scooter Trimmer,106.00,8607523386295,,12
Charger Monitor Brush,899.00,2931041363886,,1
Compact Lamp Digital Smart Pro,547.00,5020152686872,,33
Automatic Headphones Compact,112.00,5391614620636,,49
Digital Dock Mini Portable,56.00,3181911803403,,69
Smart Fan Silent,85.00,8392483071564,,1
Smart Charger Treadmill,129.00,8428476960482,,51
Pro Powerbank,267.00,6624534333102,,39
Automatic Mouse Heater,579.00,7826474434515,,54
Fast Cooler Printer Speaker Digital,899.00,0245556168761,,70
Premium Fan Pro,694.00,7289021880249,,35
Kettle,771.00,9088763156241,,8
Clean Camera Keyboard Ultra,92.00,7405406520177,,49
Clean Grill Grill Mini Advanced,982.00,4795120544706,,20
Smart Speakerphone Charger,538.00,9172560955197,,28
Clean Treadmill,140.00,9557398186874,,73
Eco Heater Digital,226.00,1559220733391,,41
Pro Keyboard Speaker Touch,875.00,0950514133193,,75
Automatic Tablet Microphone Trimmer X Rechargeable,589.00,2333848740714,,19
Lamp Freezer,281.00,9903616944083,,22
Smart Bicycle Lock Fan Lite Compact One,808.00,2672479851056,,60
Advanced Scanner,139.00,8482957644117,,91
Wireless Clock Lock Premium Automatic Automatic,484.00,2236669956121,,81
Smart Mouse Mouse Router Prime Digital,352.00,7344971771389,,59
Ultra Treadmill Air 360,531.00,1852225464322,,57
Advanced Watch Microphone Microphone,843.00,6869118683840,,96
Rechargeable Stove Wireless Sense Ultra,966.00,6690740644561,,74
Portable Thermostat Camera Watch Fast,701.00,1678478628850,,89
Premium Lock Lamp Air,540.00,0086317465350,,94
Light Drone,801.00,0178006745802,,22
Charger Monitor Brush,503.00,8255282400501,,90
Lock Freezer,892.00,8339086058776,,45
Mini Freezer Phone Ultra Compact,106.00,7171817736505,,48
Silent Powerbank Scooter,917.00,9275774647596,,93
Pro Vacuum Smart Rechargeable,556.00,3861098168266,,81
Charger Lamp,999.00,5187216836540,,56
Wireless Scanner Shaver Powerbank,602.00,7074927118363,,46
Radio Bicycle Cooler,395.00,1607372622879,,52
Smart Dock Ultra,339.00,4537400999741,,53
Fast Scooter Microphone,644.00,0065425422509,,32
Wireless Lock Portable,156.00,0638776904323,,22
Smart Thermostat Silent Plus Ultra,294.00,5307668694035,,74
Clean Lock,276.00,3237369378755,,32
Lock Charger,596.00,2192382381872,,43
Ultra Projector Freezer,853.00,1468910994205,,54
Ultra Kettle Compact Automatic Sense,627.00,1308563735803,,85
Mixer Drone Toaster,204.00,8449041431947,,64
Rechargeable Bicycle Clock Lamp,240.00,1416208598147,,31
Digital Shaver Drone Automatic Wireless,513.00,2557828559534,,70
Eco Thermostat Oven,951.00,2511062838244,,28
Rechargeable Mixer Freezer Trimmer Lite Pro Silent,389.00,5426167024744,,24
Brush,427.00,0687444929519,,44
Ultra Microphone Heater Premium Air,362.00,4942864348729,,10
Fast Webcam Stove Grill Silent,765.00,6880983029496,,39
Advanced Speaker Iron Grill Max Go,956.00,7334072998914,,40
Eco Freezer Mixer,124.00,3660210441009,,22
Projector,43.00,9542965020385,,23
Automatic Mouse X Pro,102.00,4565299116949,,62
Mini Scanner Shaver Powerbank,236.00,8030778166341,,46
Clean Vacuum Cooler,493.00,6826782742501,,96
Automatic Watch Tablet Printer Pro,25.00,5663360549760,,40
Smart Cooler Printer Speaker Smart,143.00,9323876061748,,94
Rechargeable Stove,725.00,7377341747356,,51
Compact Scooter Smart Edge,520.00,9524158852843,,95
Smart Mouse Mouse Router,748.00,1815308141954,,70
Fast Charger Treadmill Wireless 360 Edge,95.00,9830372648422,,82
Smart Camera Pro X Smart,333.00,9133851309075,,96
Digital Router Keyboard Smart Go,420.00,5798650811385,,36
Clean Grill Compact,785.00,2048782429617,,77
Charger,136.00,9147823592020,,67
Blender Blender,875.00,1467155352641,,22
Portable Microphone Eco One,651.00,1078048009117,,76
Advanced Webcam Scooter One Sense,52.00,0747995043697,,81
Projector,835.00,2977025137838,,56
Light,401.00,0339928902838,,56
Pro Charger Radio Clean Plus,767.00,1686222326372,,26
Clean Radio,453.00,8980741038321,,55
Rechargeable Scooter Scale Cooler Prime Pro,470.00,8106388947950,,2
Smart Webcam Scooter Lite,547.00,3849904971644,,45
Eco Charger Treadmill Smart,56.00,0964860789447,,88
Premium Blender 360 360 Plus,228.00,8497342780530,,56
Wireless Mouse Radio Light,834.00,2798967211789,,91
Compact Keyboard Freezer,205.00,3483086200514,,76
Premium Treadmill Dock Prime Automatic Portable,220.00,5890797796157,,50
Silent Thermostat Automatic,808.00,4836732449314,,83
Fast Charger Lamp Digital,360.00,3111592292173,,65
Automatic Fridge Mouse Monitor Air Silent X,635.00,1259247484831,,5
Silent Projector Oven Thermostat Automatic Smart,891.00,3912352210471,,85
Monitor Brush Monitor,90.00,8747430759826,,62
Rechargeable Oven Trimmer Dock Go,650.00,0652867188201,,94
Brush,485.00,2402370131854,,45
Clean Mouse Fast,594.00,3441338294285,,38
Light Toaster,155.00,7024428470767,,23
Compact Grill Tablet Fridge Lite Rechargeable Ultra,68.00,2707893579849,,29
Cooker,615.00,4196844602640,,90
Mini Blender Treadmill Tablet,806.00,0246291214386,,34
Portable Projector Plus,189.00,4748313314808,,77
Camera Bicycle Speakerphone,941.00,5590117398435,,10
Rechargeable Iron Monitor,167.00,6719686732887,,78
Smart Speaker Router Lamp Mini,584.00,7569529196708,,60
Mixer Toaster Toaster,207.00,3971126539033,,6
Eco Charger Bicycle Cooker Plus Smart,928.00,6585617006972,,64
Advanced Powerbank Iron Brush Ultra 360 Advanced,369.00,5826884792702,,3
Brush Blender,334.00,1669348628674,,70
Smart Keyboard Toaster Monitor,574.00,8231106514777,,64
Ultra Freezer Compact Premium,991.00,4664221583597,,23
Mini Powerbank Radio,71.00,4398410678961,,63
Compact Fan Powerbank Smart Advanced Silent,754.00,6289449774305,,49
Silent Fan Pro,937.00,8609589336726,,98
Mini Speakerphone,992.00,5654964697919,,25
Digital Camera Bicycle Speakerphone Touch,313.00,5376841829663,,87
Portable Mouse Monitor Phone,546.00,2055944947872,,70
Smart Shaver Thermostat,854.00,2559326549758,,92
Digital Speakerphone,147.00,3743829700009,,72
Portable Powerbank,56.00,9455817651166,,55
Digital Fan Thermostat Max,738.00,9138779713478,,88
Camera Drone Fan,709.00,6558271676003,,7
Automatic Vacuum Printer Go,342.00,7232014936225,,93
Pro Blender Toaster Camera Portable Compact,747.00,1451813258437,,67
Portable Lamp Blender Drone Automatic Ultra Sense,145.00,6584665591980,,47
Rechargeable Brush Eco Eco Portable,934.00,3538729544163,,49
Clean Mouse,435.00,6821942072511,,81
Router Freezer Webcam,634.00,5338577317531,,22
Fast Printer Freezer Air Digital,884.00,6042371505429,,82
Clean Lock Rechargeable Sense,333.00,2297931954177,,10
Silent Blender Toaster Camera,124.00,5880134194944,,87
Mini Watch Silent,231.00,6260100502574,,35
Watch,12.00,1367015937431,,22
Wireless Webcam Mouse,597.00,3746966529168,,84
Advanced Mixer Drone Fan Ultra Go Advanced,172.00,8010303993109,,9
Digital Brush Cooler Powerbank Rechargeable Digital,39.00,7165547665587,,84
Eco Freezer Mixer,835.00,0286176670036,,96
Portable Camera Rechargeable Portable,644.00,4515900546023,,72
Clean Fan Portable Portable Lite,579.00,8583772141765,,4
Ultra Radio Bicycle Cooler Plus X Touch,476.00,6225776966532,,44
Ultra Monitor Light Rechargeable Lite Go,264.00,8473747086101,,72
Powerbank,476.00,5958355071204,,78
Smart Speaker Tablet Headphones One,893.00,9495772007349,,53
Pro Fan Digital,717.00,7227272162684,,35
Clean Brush Scanner Max Portable,155.00,4970568362741,,84
Fast Speaker Plus,113.00,6019690791345,,76
Dock Speaker Phone,752.00,7894507148395,,80
Webcam Toaster,264.00,3081003178405,,67
Mini Microphone Lamp Speaker Lite,845.00,9547306414359,,71
Smart Monitor Cooler Dock Eco,756.00,8098508706182,,48
Fast Thermostat,234.00,2945121902520,,98
Wireless Drone Portable One One,8.00,6571131454054,,19
Advanced Powerbank,19.00,5832288884219,,8
Trimmer Clock,817.00,1606634181314,,88
Monitor Light,330.00,5204755237390,,90
Compact Mouse Treadmill Phone,186.00,1942169966607,,77
Light Headphones Tablet,846.00,4715340209797,,96
Silent Cooker Advanced,816.00,5141712085444,,81
Ultra Freezer X Go,973.00,2589801521511,,67
Premium Powerbank Cooker Iron Air Smart Touch,639.00,5112063524593,,47
Fan,95.00,2858673695744,,13
Mini Tablet Go,215.00,4172307742955,,97
Clean Headphones Sense Touch,408.00,2652374323315,,4
Wireless Lock,342.00,4929654083039,,57
Ultra Webcam Scooter,395.00,7606425185921,,48
Mini Dock Router Webcam Max,736.00,9896144153150,,16
Portable Heater Smart Automatic Go,837.00,4759801539474,,49
Ultra Headphones Mini Touch Clean,671.00,0494851277023,,61
Wireless Tablet Blender Silent Premium Advanced,251.00,0356945713636,,23
Bicycle,798.00,3975008269049,,41
Fan,882.00,6375155810991,,42
Advanced Webcam Cooker Toaster,732.00,3616470558735,,53
Portable Blender Toaster Camera Compact Smart,588.00,0965634146992,,85
Rechargeable Vacuum Printer Digital,227.00,0794678689826,,70
Fast Blender Portable Compact Smart,526.00,8762868765553,,95
Bicycle Clock Lamp,407.00,0650987219676,,38
Fast Scooter One,730.00,2110736519597,,74
Eco Oven Mouse Cooler Silent Eco,496.00,0415151025688,,84
Premium Cooker Mouse Bicycle Fast,528.00,0664353375392,,32
Pro Toaster Air Prime Pro,148.00,1717604704911,,29
Portable Vacuum Router Toaster,640.00,2046850199141,,28
Iron Drone,638.00,7340227326297,,70
Router,165.00,5768457777207,,57
Charger,289.00,7079715621285,,26
Eco Mouse Treadmill Phone Advanced Digital,735.00,2329550142366,,77
Compact Cooler Ultra Advanced Portable,801.00,8871628803487,,72
Lock Camera,481.00,9307129315291,,98
Microphone Cooler,463.00,1236082289623,,77
Eco Radio Air Rechargeable,171.00,0924656549945,,13
Smart Drone X Prime Ultra,909.00,5447469898406,,74
Ultra Heater Cooker Go,208.00,1670879789741,,75
Smart Projector Lite,445.00,6194867113493,,78
Portable Powerbank One,127.00,3560427858129,,67
Drone,690.00,3190204944754,,16
Drone,561.00,6184685367994,,48
Portable Vacuum Webcam Sense Wireless,816.00,0219551089437,,56
Wireless Grill Ultra One Sense,629.00,2499996157573,,76
Rechargeable Fan Air X,430.00,9296087935873,,63
Compact Scanner Shaver Powerbank Digital,132.00,5301082297995,,86
Scale Clock,149.00,9409040578974,,54
Smart Router Keyboard,43.00,0421458356967,,97
Clean Keyboard Speaker,477.00,9301456610135,,84
Digital Drone Vacuum Digital Plus Clean,520.00,3098267094204,,19
Eco Scanner Shaver Powerbank,166.00,9579468933676,,27
Clean Cooler Max,922.00,8765687729829,,2
Heater Radio,2.00,9056282938112,,92
Premium Mouse Radio Light Ultra Wireless,975.00,3032772908939,,44
Rechargeable Fan Speaker Fridge Smart,578.00,0807336271292,,69
Automatic Camera Drone Fan Ultra Premium Smart,71.00,2968631970636,,23
Camera Heater Webcam,735.00,7700769719535,,43
Bicycle Lock Fan,603.00,6666011157795,,3
Wireless Speaker Powerbank Camera Clean Mini Fast,419.00,5536714218714,,11
Wireless Fan Iron Clock Ultra Silent,17.00,3222317734622,,43
Eco Freezer Mixer Lock Silent,81.00,1897564365404,,26
Dock,762.00,0453160614622,,17
Digital Stove Premium Smart,203.00,3282076839709,,84
Eco Fan Speaker Fridge Prime Edge Lite,878.00,0412304629205,,64
Premium Speaker Eco Wireless,706.00,6373363013968,,19
Silent Brush Eco Compact,651.00,5239121285668,,80
Mini Fridge Cooker Compact,542.00,4027521528185,,21
Ultra Headphones Charger,174.00,3299353954000,,60
Mini Cooler Eco,861.00,7349090749639,,7
Mini Light Webcam Cooker,83.00,7170227375595,,91
Rechargeable Vacuum Iron Phone Clean Max,912.00,9921561051922,,67
Wireless Mixer,130.00,3821282614955,,33
Clean Keyboard Speakerphone Fan X,790.00,3135757223918,,83
Premium Brush X,180.00,8734834896981,,77
Silent Monitor,465.00,3655952501319,,13
Fast Mouse Mouse Router Premium Clean Lite,480.00,5788962465482,,22
Dock Speaker Phone,153.00,3614010439995,,11
Mini Lamp Grill Smart 360 Lite,658.00,8039434797929,,9
Lamp Grill,570.00,5670678312627,,67
Silent Projector Brush Pro Touch,323.00,2252855008139,,15
Radio Mixer,360.00,3125298615099,,81
Clean Charger Monitor Brush Silent,313.00,4532551654945,,40
Compact Cooker,604.00,6880300641981,,75
Advanced Bicycle Lock Fan,962.00,3336180567802,,71
Eco Bicycle Scooter,273.00,9341092252467,,25
Speakerphone,593.00,2828781595205,,61
Silent Webcam Projector Oven,202.00,0927604575867,,85
Advanced Drone Printer Tablet Pro,177.00,6120176180819,,9
Webcam Stove Grill,447.00,9506184002447,,86
Pro Scanner Shaver Powerbank Smart 360 Touch,392.00,3155697115746,,94
Portable Lock Touch One Automatic,430.00,7528324128376,,18
Wireless Printer One,94.00,5944022116446,,33
Dock,869.00,9167341891900,,54
Clean Lamp Freezer Pro Compact,506.00,9582960385508,,29
Premium Vacuum Fan Lite,118.00,8473268056720,,31
Ultra Powerbank,4.00,6493605997594,,52
Rechargeable Toaster,767.00,8536343032344,,67
Automatic Iron Microphone Plus Prime,253.00,1852324827714,,87
Lamp Grill,233.00,7054045375541,,50
Cooker,438.00,7311409604830,,85
Premium Lamp Pro,49.00,1096603532498,,8
Silent Charger Lock Oven,848.00,2224701246682,,79
Digital Lamp Speakerphone Headphones Lite,475.00,7860280537930,,21
Smart Mixer Digital,900.00,5260790384604,,50
Radio Radio,115.00,9010223225990,,39
Premium Light Toaster,745.00,1331672493067,,60
Premium Printer Fan Fast Sense,898.00,0730419280662,,95
Brush,113.00,7795567205182,,99
Microphone Heater,130.00,3922773790599,,40
Premium Printer Webcam Air,648.00,6502782399920,,32
Wireless Bicycle Scooter Smart Mini,77.00,0677461487291,,21
Digital Fridge Fan Bicycle One Prime,172.00,6056188322537,,90
Silent Microphone X Max,675.00,3271945331710,,84
Premium Camera Monitor Charger Max,708.00,2292651213849,,43
Eco Tablet Automatic Pro,243.00,8147291784355,,37
Freezer,696.00,2023269734408,,82
Mini Printer Webcam Ultra Silent,63.00,2585698439458,,96
Smart Projector Clean Rechargeable,23.00,8028912207302,,1
Premium Drone Heater Scanner Digital X Pro,536.00,7284227900685,,59
Fan Thermostat,254.00,0689951927446,,83
Digital Mixer Toaster Toaster,711.00,9424390222209,,94
Digital Mixer Lamp One Premium,887.00,9184471632555,,53
Digital Fan Iron Clock Smart Advanced,735.00,6280438936735,,98
Premium Heater Keyboard,994.00,1141751645726,,24
Iron Heater,868.00,5473873022953,,98
Heater Keyboard,606.00,9934776573394,,53
Pro Vacuum Iron Phone Silent,906.00,3155788596775,,59
Camera Drone Fan,379.00,1351320051937,,95
Trimmer Heater,74.00,2830650772136,,74
Smart Scanner Mouse,197.00,2194383482671,,31
Digital Iron Fast Smart,702.00,6453722920127,,74
Pro Projector,197.00,8317860621057,,22
Keyboard Kettle,64.00,6984565335033,,42
Scanner,80.00,6867736555167,,67
Fridge Fan Bicycle,291.00,3267034275416,,83
Portable Speakerphone,189.00,0818031852198,,43
Digital Router Phone Pro,771.00,6456164573401,,85
Premium Heater Stove Scanner,278.00,6412114299265,,80
Radio Light Fan,96.00,1631582767365,,54
Portable Tablet Speaker Scooter X Air Automatic,831.00,5311426147169,,84
Fast Dock Silent,46.00,1354152059799,,33
Smart Printer Lock Thermostat Compact Advanced,547.00,6433766954555,,2
Clean Projector Rechargeable Clean,615.00,2672379108137,,24
Fan,431.00,7159626683586,,60
Lock,124.00,5200593767495,,62
Compact Trimmer Heater Eco,861.00,0370879552864,,99
Wireless Thermostat Rechargeable,542.00,6112287890435,,46
Ultra Radio Stove Shaver Plus Edge,820.00,0973641082349,,11
Smart Tablet Advanced Smart,735.00,0526457811216,,13
Smart Thermostat Camera Watch Automatic 360 Premium,89.00,9901928863900,,45
Eco Heater Mixer Shaver Sense Air Automatic,913.00,6300522749222,,82
Portable Lock Lamp,142.00,9703807993957,,86
Silent Webcam Lite Silent,617.00,4188915922887,,56
Wireless Webcam Toaster,29.00,7306542881323,,69
Ultra Scanner Shaver Powerbank,969.00,4789267387968,,98
Premium Monitor Cooler Dock Silent Go,186.00,8708766229834,,89
Smart Dock Sense Touch Eco,332.00,8276403041250,,34
Ultra Dock,980.00,0915037619029,,20
Mini Radio Treadmill Go Ultra Automatic,437.00,6852465245175,,79
Eco Tablet,363.00,7560928136173,,88
Compact Radio Mixer Premium,539.00,8820603859285,,5
Portable Brush Smart Compact Air,42.00,8354494168824,,5
Thermostat Drone Heater,998.00,6203951065461,,85
Eco Freezer Powerbank Watch Ultra,206.00,6498214040846,,34
Mini Speakerphone Stove Tablet Touch Smart Edge,827.00,4291064567691,,25
Fast Webcam Scooter One Digital,27.00,5562709629777,,24
Ultra Thermostat Clean X,870.00,8591666681716,,20
Mini Brush Wireless X Edge,442.00,9586895467438,,60
Smart Scanner Monitor Treadmill 360,83.00,2559060489976,,24
Digital Radio Mixer,757.00,1085861903058,,26
Ultra Speakerphone Max Silent Advanced,861.00,6706540279206,,49
Smart Dock Pro,367.00,8219179476154,,47
Clean Powerbank Clean,540.00,3923358263309,,44
Mini Mouse Lamp Ultra Smart Rechargeable,798.00,8535759580548,,53
Compact Stove Vacuum Speaker Eco Sense Fast,350.00,6850633682449,,97
Advanced Radio Smart Wireless,694.00,2405280927296,,81
Projector,375.00,1258991848364,,19
Ultra Scooter Bicycle Oven Air Advanced,589.00,9703576071009,,43
Compact Camera Bicycle Speakerphone,566.00,5557207314287,,15
Cooker,166.00,7865574689098,,86
Fast Microphone,232.00,7573209093249,,82
Scooter Scale Cooler,902.00,3676997602557,,11
Premium Speakerphone Advanced,657.00,3357469109919,,23
Smart Fan Iron Cooker Digital,276.00,6325929292393,,54
Fast Cooker Sense,294.00,6040616159871,,1
Fast Tablet Smart,886.00,4583860073019,,23
Smart Grill Microphone Projector Premium Silent,907.00,4199626489903,,66
Trimmer Clock,541.00,1810941211958,,21
Portable Headphones Edge,800.00,2026455544997,,99
Lock,444.00,4933793706216,,27
Trimmer Clock,684.00,8472491342327,,55
Dock Powerbank Speaker,806.00,3566965475415,,36
Digital Grill Trimmer,409.00,3012748284267,,47
Mixer Heater,733.00,2333208062340,,33
Compact Thermostat Printer Prime,823.00,9081614059654,,44
Digital Blender Scale Portable Digital Advanced,925.00,0468067611063,,38
Rechargeable Drone,966.00,3006919567839,,26
Digital Radio Eco,726.00,0666366237841,,58
Compact Freezer,708.00,8913585613461,,7
Pro Mouse Heater,913.00,6159321398465,,3
Toaster Scooter,669.00,7373304980334,,6
Rechargeable Webcam Mouse Ultra,207.00,1283502180077,,25
Automatic Fridge Fan Lamp,313.00,8570572189882,,41
Portable Light Drone,908.00,8022398014072,,54
Smart Vacuum Webcam Eco Touch Rechargeable,663.00,6676745596470,,94
Iron Monitor,101.00,2651269694479,,97
Grill Grill,682.00,2177258340122,,81
Automatic Heater Keyboard Air,709.00,8239609487840,,31
Lock Camera,250.00,6939097717147,,52
Smart Vacuum,576.00,7481801979772,,78
Heater Cooker,899.00,1333846331618,,5
Smart Drone Thermostat Headphones Portable Air Go,838.00,7768981128610,,96
Router Keyboard,286.00,1027282106700,,47
Compact Watch Go Advanced Rechargeable,874.00,8644997290185,,28
Silent Shaver Silent,668.00,2358990642389,,3
Rechargeable Tablet Blender,699.00,4671778347794,,29
Eco Powerbank Brush Charger Sense Fast Max,626.00,9832065640904,,54
Compact Oven Drone Prime Pro Plus,701.00,4227361299393,,44
Clean Toaster Mini,647.00,8622643405992,,60
Grill Trimmer,806.00,9874645340842,,54
Rechargeable Monitor Light Silent,465.00,6328295509713,,40
Digital Keyboard Phone Scanner,420.00,3733371614893,,76
Wireless Heater Keyboard Prime Sense Mini,298.00,8318497324793,,45
Grill Grill,313.00,4771259610789,,75
Blender Cooker,952.00,2279658870732,,12
Rechargeable Heater Rechargeable Air,680.00,2656867464967,,69
Speaker Iron Grill,809.00,2412417303175,,6
Eco Keyboard Compact 360 Edge,582.00,0568439579776,,96
Speakerphone Scanner Monitor,53.00,7482722752215,,43
Compact Toaster Scanner,523.00,2913573674326,,52
Heater Monitor,961.00,1318431725683,,76
Premium Kettle One Advanced,630.00,7571476362228,,89
Ultra Freezer,503.00,4650660176049,,57
Pro Heater Monitor Smart Silent Rechargeable,524.00,8585874041813,,96
Silent Fan Speaker Fridge Air Prime Edge,795.00,6543673212867,,5
Ultra Microphone Heater Rechargeable Edge,249.00,3872436170902,,68
Compact Tablet Tablet Kettle Premium Compact,12.00,4630770560716,,7
Smart Mouse Monitor Phone Touch Automatic,178.00,3588993725003,,69
Heater Toaster Stove,471.00,8817636513956,,11
Eco Thermostat Oven Rechargeable Sense Wireless,106.00,8486971125942,,48
Rechargeable Scale Trimmer Grill Advanced Prime X,845.00,1750285862631,,47
Rechargeable Printer Webcam,239.00,6817444798929,,27
Portable Lamp Scanner Vacuum 360 Prime,670.00,4245303290314,,62
Bicycle Speakerphone Printer,622.00,9811136211939,,96
Clean Dock Dock Trimmer Touch,954.00,0390546556155,,28
Wireless Radio Light Fan Clean,789.00,8000281472574,,41
Fast Fridge Mouse Monitor Compact,858.00,4853385488880,,67
Ultra Webcam Powerbank Rechargeable Fast Silent,833.00,9521247677677,,22
Compact Lock Charger Portable,23.00,8731351393801,,45
Fan Scooter Trimmer,20.00,6418063588849,,73
Portable Fridge Camera Max,159.00,7973106032745,,70
Smart Charger,296.00,9838046200341,,49
Scooter,121.00,3046909127735,,82
Ultra Fan Iron Clock Compact Compact,801.00,1958619209941,,78
Pro Charger Stove Watch Advanced Rechargeable Compact,560.00,3309237931093,,8
Compact Fan Phone Sense Automatic,805.00,7696621814183,,13
Mini Scanner Sense,299.00,5152216980654,,66
Compact Heater Cooker Smart,233.00,4631778942368,,78
Advanced Tablet Powerbank Blender Smart Air,623.00,1333792028839,,74
Eco Scale Trimmer Grill Compact Mini Pro,274.00,8384323633681,,66
Clock Lock,309.00,6513046614062,,77
Silent Scale Treadmill Pro,438.00,0760144782100,,57
Premium Fan Ultra Premium Wireless,38.00,1123653741225,,17
Drone Printer,715.00,7866092548270,,94
Pro Toaster Clock Monitor,442.00,8151854141189,,10
Rechargeable Treadmill,272.00,6306990980440,,26
Portable Radio Smart Prime Silent,607.00,2747439183987,,93
Fast Grill Touch,739.00,4701608163109,,99
Light Toaster,447.00,2876535756747,,77
Ultra Stove Iron Pro 360,528.00,7517354819699,,69
Premium Webcam Projector Lock,69.00,6188735174655,,55
Smart Dock Dock Trimmer Smart,38.00,8086642806233,,7
Silent Microphone Lamp Speaker Plus Automatic,547.00,2350794958710,,38
Fast Brush Advanced,807.00,7957749821430,,14
Microphone Headphones,585.00,5794082781500,,20
Ultra Treadmill Smart,141.00,8358077131359,,44
Premium Heater Toaster Stove Premium,650.00,4123952080909,,34
Phone Scooter,590.00,3739130622307,,79
Automatic Dock Touch Rechargeable Premium,318.00,3816901631253,,7
Tablet Blender,607.00,6410391719629,,24
Advanced Tablet Microphone Trimmer,473.00,0969303429348,,91
Fast Toaster Light Monitor,334.00,4745549856065,,86
Clean Heater Monitor One Compact,618.00,7887680692694,,29
Ultra Lamp Blender Drone Pro Sense Prime,47.00,4030191665449,,98
Smart Mouse Prime Rechargeable Clean,526.00,9012297617664,,4
Smart Mouse Powerbank Printer Portable Automatic Prime,373.00,6818524847544,,39
Mini Scanner Keyboard Monitor Advanced Air,578.00,1561699550119,,15
Charger,123.00,9709231326279,,49
Advanced Mouse Charger,75.00,2811783846215,,18
Vacuum,798.00,4393611154344,,16
Premium Brush Digital Fast,188.00,7647056593907,,49
Scale,289.00,9157096520286,,89
Rechargeable Headphones Charger,704.00,9512492421191,,83
Mini Kettle Compact Smart Fast,7.00,6838825675295,,96
Portable Webcam Mouse Portable Pro,491.00,2851924166291,,32
Eco Brush Scale Grill Prime Prime Fast,928.00,6559049567639,,75
Advanced Bicycle Microphone Go,49.00,5376897259537,,30
Watch,751.00,3997057174518,,27
Wireless Mouse Plus Smart 360,130.00,7406191245795,,48
Portable Radio Go Digital,594.00,4554177703678,,33
Fast Powerbank Brush Charger,69.00,3972904675684,,31
Wireless Grill,396.00,1910402971220,,67
Fast Fan Premium Rechargeable,961.00,1081202413446,,2
Premium Speakerphone Go,516.00,3010984762679,,31
Digital Iron Portable Touch Silent,674.00,1946860344634,,80
Smart Mixer Heater Pro 360 One,941.00,1992415934638,,98
Powerbank Cooker Iron,26.00,9527356057034,,83
Eco Charger Tablet Brush Fast Advanced Smart,19.00,3299192890583,,55
Smart Keyboard Speakerphone Fan One,836.00,4660815048633,,57
Digital Dock Edge,774.00,3850249647026,,30
Toaster Light Monitor,658.00,4835291825164,,12
Digital Grill Trimmer,846.00,3255569530872,,28
Scale,489.00,5127917219549,,80
Smart Iron Heater Eco Prime Edge,423.00,7573713709841,,75
Automatic Blender Go Compact Max,423.00,4952081121999,,43
Wireless Projector Oven Thermostat,687.00,3762372132099,,77
Mini Charger Cooker Thermostat Lite Rechargeable Edge,842.00,0889755871857,,56
Thermostat,728.00,0955915403722,,59
Pro Powerbank Projector Automatic,438.00,3389469560452,,86
Smart Brush Scale Grill,195.00,2846475918864,,47
Digital Kettle Vacuum,228.00,2656475549674,,8
Ultra Stove Vacuum Speaker Mini Wireless Air,642.00,9102720069228,,31
Rechargeable Microphone Clean Automatic,592.00,4542288413401,,3
Ultra Phone Speaker Blender Smart Sense Ultra,194.00,7042907788400,,92
Smart Lamp Monitor Portable One 360,710.00,2035728254877,,82
Premium Cooler Portable X Eco,293.00,8203857005149,,12
Ultra Cooker,489.00,7756107118164,,34
Advanced Shaver Smart Smart,354.00,5956862371978,,61
Silent Grill Charger Headphones Pro Smart,221.00,0964515751577,,34
Automatic Radio Radio One Lite Wireless,481.00,6165344902053,,18
Rechargeable Stove Monitor Tablet,141.00,1460596349645,,55
Silent Bicycle Clock Lamp Clean Advanced One,888.00,0411725420224,,5
Microphone Heater,434.00,3162646891521,,78
Smart Radio Air,330.00,2900432266303,,29
Ultra Iron,536.00,9992086256727,,46
Silent Brush Blender Vacuum Advanced Automatic Ultra,144.00,0901117925333,,94
Smart Lamp,343.00,2520957768931,,12
Premium Radio Rechargeable,492.00,1297587331187,,88
Mini Fan,39.00,9211797517324,,9
Clean Scooter Pro Mini Smart,770.00,5823430634813,,62
Mini Trimmer,295.00,4110205659012,,60
Pro Clock Lite X Max,324.00,1568915669198,,25
Rechargeable Speaker Keyboard,396.00,5076942165003,,40
Premium Cooler Treadmill Smart 360,614.00,5946799840166,,91
Router,969.00,7129527098857,,70
Clock,368.00,1478592331236,,33
Microphone,354.00,7858783372394,,26
Fast Watch Camera Mini Silent,128.00,5601340255003,,14
Toaster Clock Monitor,475.00,1423299569680,,89
Clean Webcam Mouse Mini,820.00,9962650999664,,57
Portable Vacuum Router Toaster Prime,166.00,6756636855692,,63
Automatic Monitor Light Ultra Advanced Pro,132.00,2769942813441,,15
Silent Clock Drone Charger,80.00,0268271936514,,84
Smart Microphone Treadmill Oven Ultra Rechargeable,893.00,1597912608626,,21
Portable Camera Keyboard Go Smart,342.00,8378468149749,,2
Premium Speakerphone Scanner Monitor Smart,227.00,6989675136129,,20
Rechargeable Lamp Grill 360 Clean,363.00,4072602805129,,9
Automatic Speakerphone Oven,820.00,0895731921782,,70
Fast Lamp Lamp Touch One,373.00,2070791940807,,18
Clean Scale Stove,557.00,4801025864877,,5
Automatic Vacuum Router Toaster Smart Advanced,683.00,4439685031249,,26
Router Freezer Webcam,269.00,2966705690527,,11
Eco Scale Stove,94.00,3577923502180,,12
Pro Speakerphone Scanner Monitor Clean Automatic Smart,398.00,1718343051601,,70
Speakerphone,846.00,3178630857404,,87
Advanced Radio Clean Clean,161.00,6186015601099,,63
Speaker,547.00,3906295984353,,99
Smart Webcam Cooker Toaster Smart Max,575.00,4732492367021,,1
Smart Mouse Heater X,717.00,3434464797409,,82
Lamp Speakerphone Headphones,674.00,0297867418776,,81
Smart Camera Monitor Charger Pro Clean Lite,166.00,4467936067754,,12
Webcam Toaster,404.00,7586932537874,,57
Eco Cooler Wireless,874.00,5028553784241,,93
Premium Keyboard Phone Scanner Plus,209.00,9017773861463,,42
Silent Projector Brush Rechargeable,939.00,8271061580295,,68
Compact Scooter Scale Cooler Lite Wireless,454.00,7220062668335,,23
Thermostat Speaker,419.00,8291331824591,,7
Automatic Router Freezer Webcam Fast Sense Mini,692.00,6884002474168,,38
Pro Grill Charger Headphones,134.00,5878841346978,,82
Ultra Stove Smart,291.00,1352505796834,,45
Premium Fan Phone Automatic,340.00,8937844828380,,4
Premium Fridge Cooker Edge Automatic,104.00,2333994973028,,64
Advanced Mouse Powerbank Printer Pro Ultra Premium,543.00,6580662669592,,14
Wireless Stove Iron Edge Rechargeable Pro,855.00,4640858063374,,19
Eco Scale Fast Max Touch,522.00,6681902170332,,30
Digital Mixer Drone Toaster Wireless Go,700.00,7017672971135,,51
Vacuum Fan,889.00,3787883490704,,71
Keyboard Toaster Monitor,752.00,5925580405081,,30
Digital Camera Automatic Lite Compact,738.00,2553670367099,,63
Clean Phone Scooter Plus,929.00,9679562775346,,84
Compact Projector Pro Air,508.00,4319449544737,,94
Smart Grill X Wireless,90.00,2597213315147,,74
Portable Projector Oven Thermostat Wireless Touch Compact,138.00,9106220428318,,79
Stove,170.00,3594092067920,,40
Advanced Mouse Heater Advanced,444.00,8340494300500,,4
Clean Mixer Freezer Trimmer,823.00,8631426711557,,61
Automatic Watch,16.00,1951665236428,,72
Compact Microphone Heater Pro,225.00,5364984716117,,43
Mini Fridge Mini,676.00,9260367244566,,96
Cooker,506.00,9437155287696,,51
Silent Lamp Touch Max,757.00,2091945106481,,8
Compact Speakerphone Fast Premium,290.00,3604890477842,,26
Rechargeable Fan Eco Fast Lite,103.00,7764581183707,,20
Premium Cooker Air,782.00,9229833911708,,24
Digital Heater Radio Go Smart Premium,135.00,1861061745748,,9
Fast Printer Silent,408.00,5760757157543,,23
Mini Grill Grill Scale Automatic Rechargeable Max,519.00,2168421616175,,64
Eco Heater Thermostat Portable One Touch,42.00,1402959545011,,5
Eco Fan Go Smart Sense,184.00,1126328654202,,67
Pro Fan Pro Portable Edge,912.00,5228101170070,,19
Digital Cooler Watch Fan Air Lite,226.00,1689885594768,,73
Clean Speaker Keyboard Fast,388.00,3285675036340,,75
Wireless Watch Plus Smart Sense,924.00,9111973767485,,85
Smart Router Phone Mini Go,628.00,8575958742675,,66
Silent Lamp Monitor,140.00,1845327086554,,58
Smart Scale Clock,201.00,0672483604985,,90
Ultra Scale Toaster X,217.00,3807213383015,,82
Digital Projector Speaker Treadmill Premium Smart Mini,620.00,7438940507908,,53
Portable Phone Thermostat Max Automatic,22.00,1591865082670,,65
Wireless Mouse Radio Light,10.00,1309880669512,,5
Smart Printer Eco Go Fast,709.00,0426794458283,,67
Digital Vacuum Fan Air,365.00,2103151989502,,35
Wireless Powerbank Max 360,426.00,2468042212269,,3
Eco Mouse,887.00,3161158214705,,55
Wireless Printer Freezer Touch Wireless,834.00,9197060130066,,59
Digital Radio Mixer Go,437.00,9796050618739,,71
Silent Dock Lite Go Lite,110.00,3698174178709,,96
Lock,815.00,4676133991315,,3
Wireless Powerbank,557.00,6709167279284,,80
Smart Mixer Vacuum Max Edge Premium,88.00,6423367448812,,5
Smart Kettle Plus Edge,774.00,2827910939132,,92
Pro Mixer Vacuum Lite Touch,234.00,7235681859224,,96
Premium Fan Powerbank,180.00,7045509391818,,76
Watch Fridge,910.00,6088949092977,,34
Clean Lamp Monitor Smart 360,522.00,4785741250544,,94
Portable Charger Lamp Max Go Silent,954.00,1551172507068,,18
Advanced Keyboard Speakerphone Fan Portable Silent Eco,106.00,1615194886393,,17
Eco Projector Speaker Treadmill,336.00,8050060206258,,46
Advanced Lock Lamp Fast Pro One,958.00,8633207607233,,70
Wireless Powerbank Projector Lite Pro,552.00,6493251937012,,86
Mini Trimmer Cooler,184.00,3878164632002,,57
Mini Heater Monitor Ultra Edge Smart,576.00,8716033000895,,1
Compact Fan Cooler Vacuum Ultra Premium Go,344.00,6648118726753,,6
Mixer Router Phone,421.00,0425879675102,,82
Dock,290.00,7180801431166,,78
Wireless Watch Mini,30.00,5789157741411,,19
Eco Charger Stove Watch 360 Plus,993.00,0343272460272,,48
Mixer Router Phone,521.00,4942379133186,,8
Compact Powerbank Scale Plus Advanced Compact,566.00,0507739435962,,55
Portable Phone Grill Fast,468.00,2820875327105,,15
Microphone,89.00,4807045441425,,20
Clean Stove Light Ultra Advanced 360,487.00,6396188179091,,80
Compact Shaver,712.00,8863294614702,,11
Compact Fan Speaker Fridge,788.00,3224267337106,,50
Automatic Iron Monitor Lite Smart Clean,552.00,7450859254582,,3
Eco Webcam Mouse Prime Pro,115.00,3502681831685,,44
Advanced Lamp Freezer One Digital Mini,861.00,9630786376665,,64
Wireless Printer Fan Portable,343.00,6305561381242,,17
Cooler,536.00,5289287421042,,5
Automatic Kettle Brush Fan Air Smart,373.00,1223212528103,,42
Portable Charger Cooker Thermostat Touch Pro,538.00,4243649206952,,69
Compact Grill Microphone Projector,122.00,1740684351805,,42
Fast Heater,528.00,9275606975217,,42
Ultra Lock Freezer Fast,846.00,4754349426453,,69
Digital Fan Pro Smart Ultra,12.00,8222956575605,,34
Tablet Tablet Kettle,585.00,2290957387387,,29
Grill Grill Scale,9.00,8186730567692,,82
Ultra Brush Plus Wireless,12.00,5849379292631,,21
Pro Fan Thermostat,551.00,4918413218683,,37
Compact Cooker Cooler Advanced Max Sense,358.00,1354272723204,,15
Mini Dock Prime,880.00,0588493594362,,64
Automatic Camera Bicycle Speakerphone Wireless Rechargeable,870.00,3364124023831,,93
Digital Freezer Powerbank Watch Portable,981.00,5120113771842,,11
Portable Freezer Fast Edge,222.00,2735532638466,,32
Mini Mixer Drone Toaster,480.00,6588034227531,,14
Treadmill,608.00,4565444636544,,86
Watch,404.00,7586102487817,,49
Portable Toaster X,135.00,5730597053473,,17
Fan,591.00,9141029517696,,1
Mini Charger Bicycle Fan Sense Pro Wireless,744.00,1977095758347,,98
Compact Mouse Powerbank Printer,893.00,5011109738478,,12
Mini Freezer Phone Digital Edge,153.00,2148764089843,,84
Automatic Thermostat Speaker Go,484.00,2836426617878,,28
Portable Heater Toaster Stove Sense Pro,162.00,9147873389724,,53
Smart Camera Sense Sense,847.00,1830252988493,,37
Smart Brush,161.00,4314876006643,,91
Clean Lock Freezer Portable 360 Smart,471.00,7523094540380,,62
Clean Treadmill Premium Sense Fast,364.00,9462638324780,,48
Bicycle Speakerphone Printer,791.00,3734551950527,,64
Fast Mixer Drone Toaster Rechargeable Lite Smart,676.00,4450387002481,,61
Digital Bicycle Speakerphone Printer X 360 One,626.00,1923358292578,,86
Ultra Heater Mini,605.00,7039391822956,,40
Premium Lamp Freezer Lite Advanced,641.00,5968683301409,,83
Mini Mouse Treadmill Phone,91.00,3807453635196,,38
Heater Mixer Shaver,879.00,6739289010038,,55
Thermostat Iron,301.00,5427334890636,,95
Portable Brush Edge Portable 360,781.00,1955740423833,,7
Advanced Cooler Treadmill One Automatic,229.00,7914913549774,,86
Advanced Bicycle,897.00,2976708023352,,21
Dock Powerbank Speaker,332.00,3019943162550,,94
Fast Tablet Router Printer Clean Air Clean,683.00,7867739151730,,93
Fast Clock Silent X Silent,539.00,1263017312545,,68
Mini Cooler Treadmill,781.00,6546233730962,,42
Fast Router Lamp Digital Silent Prime,933.00,7197830067068,,50
Portable Headphones Stove Mini 360 Portable,194.00,9017401998431,,37
Silent Scanner Shaver Powerbank Silent Sense Max,713.00,2593047336754,,70
Wireless Oven Compact Eco Silent,672.00,5252054928136,,9
Silent Projector Prime Eco Ultra,462.00,3459861999942,,30
Premium Powerbank Brush Charger,570.00,8704249500872,,29
Smart Headphones Stove Lite Premium Fast,311.00,9291558101122,,87
Phone Thermostat,960.00,8494314987942,,50
Eco Keyboard Toaster Monitor Sense Clean,2.00,4917350876512,,97
Rechargeable Lamp Lamp Kettle Air,943.00,5000491565427,,3
Premium Oven Drone,343.00,4825491980732,,54
Digital Watch Headphones Kettle Rechargeable,747.00,7796418068024,,24
Automatic Thermostat Speaker,975.00,1619289205113,,26
Compact Oven Ultra Smart Go,101.00,7118126493798,,4
Portable Treadmill Plus,854.00,6827233273391,,74
Eco Cooler Fast Digital,669.00,8361615400916,,28
Pro Freezer Mixer Lock Plus 360 Plus,386.00,0574926911943,,25
Powerbank,407.00,3535404214229,,86
Smart Scale Eco Smart Wireless,756.00,3734945397822,,68
Camera Keyboard,16.00,7877050767961,,63
Smart Speaker Iron Grill,418.00,3435807164025,,87
Clean Phone Thermostat Lite Smart,745.00,1566150466268,,77
Mini Speakerphone,482.00,5248616400615,,20
Rechargeable Toaster Oven,367.00,3335400942986,,72
Pro Fridge Camera 360 Smart,852.00,8116122426344,,42
Advanced Charger Stove Watch,661.00,0353270715625,,61
Mini Speakerphone Scanner Monitor Silent,115.00,3300024787978,,87
Smart Lamp Pro Prime,685.00,5642700602228,,41
Portable Webcam Dock Heater Lite,269.00,3840227182540,,77
Advanced Speakerphone Mixer X,440.00,5436733650161,,32
Webcam Stove Grill,64.00,8253432486092,,63
Premium Thermostat Stove Lamp Air Clean Smart,341.00,2969953905801,,96
Lamp Freezer,520.00,9382776869069,,69
Digital Speakerphone Plus Touch,786.00,8324269151610,,9
Eco Brush Blender,920.00,0351441452829,,7
Camera,101.00,2397392853504,,11
Portable Radio Stove Shaver Eco Fast,180.00,8617118726429,,92
Pro Tablet Portable Sense,483.00,7539553276943,,91
Treadmill,72.00,4767423700936,,47
Silent Powerbank Router Edge,225.00,7045733873814,,68
Advanced Iron Monitor Digital,83.00,8855132807162,,41
Mini Iron Drone X Max X,789.00,8212466154070,,14
Fast Phone Iron Speakerphone,132.00,7545119719946,,65
Smart Fan Digital,497.00,0076120453644,,93
Ultra Charger Bicycle Fan Digital,484.00,5063750747026,,43
Smart Thermostat Sense Wireless,447.00,2850569200582,,51
Premium Toaster Fast Wireless Compact,652.00,0643484768402,,49
Rechargeable Speaker Router Lamp Eco 360 Plus,604.00,3616933514315,,5
Drone,359.00,1898444958174,,39
Brush,137.00,8325737556524,,16
Silent Mixer Vacuum,122.00,9795533618990,,29
Advanced Camera Smart Max Eco,749.00,5113277959676,,25
Wireless Bicycle Scooter Go Fast Advanced,820.00,6864322105799,,45
Digital Microphone Premium X Silent,173.00,9875828303890,,54
Phone Iron Speakerphone,968.00,2314919503926,,35
Digital Treadmill,690.00,9006755546115,,58
Fast Lock,627.00,6054892535663,,28
Premium Stove Light Mini 360 Sense,708.00,4082034620115,,84
Silent Radio Premium Sense,780.00,5590590510591,,95
Premium Lamp Grill Air Clean,165.00,8396706423635,,17
Portable Lamp Smart Fast Wireless,71.00,8389854762916,,77
Smart Fridge Fan Bicycle,993.00,5356866343955,,34
Freezer,183.00,1618701144153,,67
Mini Bicycle Smart Sense,265.00,7122495767282,,94
Smart Lock Air Pro,995.00,9706071577144,,85
Rechargeable Webcam Dock Heater Advanced,314.00,4570303845425,,78
Automatic Webcam Trimmer Projector Smart Rechargeable X,470.00,3026523833212,,61
Clean Monitor Light One Digital,812.00,3657144971887,,38
Digital Charger Stove Watch Clean Edge Go,989.00,1847876131471,,76
Smart Light Heater Clock,821.00,6396358063762,,2
Ultra Freezer Phone Air Mini,139.00,3138260746967,,25
Smart Powerbank Projector Smart Touch X,240.00,3329782392699,,24
Portable Charger Bicycle Cooker 360 Premium,575.00,3475483982018,,53
Smart Speakerphone Mixer Clean One,14.00,3481383195984,,78
Ultra Charger Treadmill,969.00,8079306869965,,19
Automatic Powerbank 360 Smart Smart,613.00,0740957388867,,65
Advanced Bicycle Speakerphone Printer,93.00,9428567115684,,51
Grill Tablet Fridge,568.00,1097741119787,,62
Advanced Mixer Toaster Toaster X Digital X,593.00,5622275258075,,8
Advanced Radio,575.00,0235313746516,,24
Ultra Treadmill X Air,511.00,6134697481928,,34
Silent Bicycle Speakerphone Printer Wireless Ultra,221.00,4220625878297,,46
Tablet Speaker Scooter,847.00,2453469045941,,92
Digital Keyboard Speakerphone Fan Mini X Air,289.00,7080712103940,,7
Kettle Brush Fan,396.00,6769259078591,,49
Automatic Cooler Fan Ultra,898.00,5409055463993,,90
Heater Radio,199.00,9488444069608,,57
Smart Printer Lock Thermostat Advanced Premium,49.00,1479104337630,,24
Pro Iron,978.00,9469127291592,,26
Dock,263.00,5065676399235,,10
Silent Heater Radio Silent Ultra,350.00,9722413596697,,29
Fast Brush Wireless Prime Pro,124.00,2253738264826,,6
Phone Iron Speakerphone,47.00,5481535838330,,55
Clean Microphone Eco Wireless Prime,969.00,1697776900710,,33
Digital Charger Tablet Brush Rechargeable Clean Ultra,833.00,0763153665556,,86
Advanced Dock Dock Trimmer Automatic X,264.00,3143033186642,,57
Premium Webcam Cooker Toaster Rechargeable Mini,691.00,9169544976613,,5
Compact Brush Touch Smart Clean,266.00,5250832541874,,50
Mini Heater Mini,385.00,1260192197226,,67
Phone,36.00,5332069312547,,77
Brush,818.00,1874175444100,,72
Portable Charger Lock Oven Plus,465.00,5483975376557,,89
Fast Mouse Speaker Cooler Rechargeable,330.00,7929700987547,,25
Portable Dock One,508.00,1069189137265,,76
Smart Printer Charger Brush Smart,393.00,8339509741070,,54
Premium Fan 360,337.00,1834968264261,,10
Compact Printer Charger Brush Advanced,98.00,3238121869894,,31
Shaver,20.00,6846650740132,,43
Eco Powerbank,2.00,5120768098417,,50
Automatic Scale Trimmer Grill Clean Fast,11.00,7272244180562,,58
Wireless Radio Light Fan Fast Sense,392.00,3647060575788,,98
Clean Freezer Phone,535.00,2236059214923,,35
Silent Projector Brush Smart Smart,755.00,9443927454258,,53
Thermostat,892.00,8046094222289,,22
Smart Tablet Speaker Scooter Sense Go Smart,436.00,7913673820031,,46
Brush,908.00,0637166929175,,31
Compact Fan Fast Plus,827.00,0113878712873,,86
Wireless Vacuum,401.00,0911021689382,,26
Wireless Dock Smart,430.00,6446259706098,,28
Compact Light Drone Max Plus Prime,264.00,7861823814358,,30
Eco Brush Fridge Drone Max,927.00,1520560972085,,78
Digital Microphone Compact Automatic Touch,372.00,1237217915172,,29
Rechargeable Stove Light,553.00,7342564820827,,31
Printer,25.00,9249255814609,,80
Rechargeable Mixer Treadmill Digital,317.00,4337234932422,,22
Stove,397.00,9485110277664,,82
Clock Drone Charger,362.00,5185834891583,,77
Premium Mouse Treadmill Phone Pro,466.00,4458136906943,,69
Compact Projector Brush Portable Plus X,90.00,9110510620719,,8
Pro Mixer Grill Compact,712.00,9357943408815,,56
Charger Lock Oven,616.00,4672264808089,,45
Fan Monitor Toaster,371.00,1852574473402,,11
Treadmill Dock,512.00,5406721842212,,69
Rechargeable Tablet Microphone Trimmer Prime Wireless,798.00,6162987196511,,63
Fridge Fan Lamp,281.00,9715074331417,,27
Mini Bicycle Scooter Lite Digital,704.00,7631808863776,,10
Smart Router Compact Max Air,831.00,6108176746907,,36
Silent Fan Cooler Vacuum,685.00,3462962458775,,19
Scanner Mouse,354.00,6810500897116,,10
Mini Powerbank Brush Charger Max,740.00,4117852878100,,52
Eco Cooler,847.00,2968141157862,,45
Fan Iron Cooker,48.00,0690179418647,,73
Smart Charger Stove Watch Digital Mini Rechargeable,7.00,4745172876300,,53
Ultra Vacuum Cooler Sense Wireless,697.00,2998839715029,,36
Wireless Fan Scooter Headphones Edge,976.00,5468583929500,,92
Mixer Bicycle Fridge,685.00,6365713522589,,33
Smart Bicycle Scooter Digital Compact X,769.00,7424713682927,,63
Clean Heater Monitor Wireless Wireless,216.00,6605048165236,,63
Compact Lock,779.00,4140497787742,,40
Wireless Cooler Rechargeable Portable One,645.00,9320734991476,,5
Advanced Fan Powerbank Ultra Digital,821.00,2086306247101,,50
Trimmer Cooler,375.00,7178154285482,,68
Eco Fan Go,392.00,3503248985186,,99
Clean Watch Microphone Microphone Silent Eco Clean,385.00,1017876883575,,4
Rechargeable Microphone Camera 360 Edge Plus,256.00,7780164671010,,5
Mini Heater Touch Edge Automatic,203.00,4704581598609,,73
Premium Fridge Smart,290.00,6381054369270,,50
Premium Radio Air Lite,385.00,2078724442398,,35
Pro Trimmer Clock Max One Advanced,234.00,4639998132941,,34
Rechargeable Camera Air Portable,484.00,0078639558919,,11
Ultra Drone Printer Mini,185.00,8467830297123,,53
Premium Shaver,139.00,8125053527433,,78
Smart Heater,800.00,2059447661273,,20
Fast Toaster Scanner Prime,68.00,5574478617503,,92
Ultra Cooker Mouse Bicycle 360,106.00,4860604639930,,1
Advanced Treadmill Advanced,74.00,7542322415092,,26
Compact Clock Drone Charger Ultra Lite,303.00,9540462195674,,98
Smart Printer Charger Brush,53.00,2305305980353,,49
Compact Speaker Iron Grill Go Smart Air,667.00,3796398830455,,35
Wireless Mouse Charger Max Advanced,283.00,2837041162255,,78
Fan,32.00,2655655986797,,95
Fast Cooler Watch Fan Smart Sense Pro,845.00,2861751806239,,59
Clean Microphone Ultra,155.00,5260641397494,,22
Compact Lock Clean Silent Mini,387.00,0565111413298,,34
Pro Heater Toaster Stove Touch Go,585.00,9671940380241,,82
Premium Webcam Scooter Wireless Touch Wireless,840.00,9206228979840,,19
Fan,846.00,8319331930064,,7
Portable Fan Phone Air,869.00,6900765719725,,95
Clean Iron Toaster Projector Compact Rechargeable Smart,423.00,0971590913905,,57
Rechargeable Shaver Smart X,511.00,9731814104967,,71
Rechargeable Phone Scooter,735.00,6831546533615,,70
Rechargeable Stove Light Eco Plus,8.00,4936189131845,,17
Pro Webcam Trimmer Projector,918.00,8142106868541,,57
Automatic Blender Cooker,893.00,9181811947539,,98
Dock Mixer Router,345.00,8455927396033,,35
Keyboard Speakerphone Fan,934.00,8646059622484,,70
Drone,434.00,7534714416534,,49
Premium Grill Brush Watch Silent Fast Wireless,866.00,4304674416348,,22
Compact Cooler Prime Touch,590.00,6785266877989,,72
Automatic Fridge Freezer Go Premium,628.00,6379043265443,,70
Wireless Keyboard Silent Compact,846.00,0187948644876,,75
Automatic Lock Air Portable,292.00,0903501711881,,51
Mini Tablet Powerbank Blender Touch Advanced,530.00,1156500159638,,6
Wireless Keyboard Speakerphone Fan Rechargeable,418.00,3450455271604,,64
Premium Router Lamp Max Plus,183.00,6566223370282,,70
Pro Powerbank X,482.00,4667423690278,,54
Rechargeable Vacuum Shaver Edge Fast Smart,652.00,5544300033023,,53
Mixer Bicycle Fridge,102.00,8285231994041,,87
Cooker Cooler,477.00,6277870539808,,62
Automatic Iron Toaster Projector Premium Eco Mini,219.00,1423671105161,,76
Rechargeable Fan Smart Fast Clean,636.00,1289267568570,,38
Portable Lock Camera Sense Advanced,865.00,8817605927227,,39
Microphone Treadmill Oven,103.00,5118826430316,,21
Fridge Freezer,913.00,2043637866005,,18
Mini Mouse Speaker Cooler One Smart,248.00,9137076360491,,93
Eco Light Heater Clock Edge Automatic,991.00,7421337638699,,23
Silent Brush,1.00,6124149310425,,68
Wireless Camera Fast Smart,636.00,7311915467806,,5
Shaver,464.00,1555231920355,,84
Premium Webcam Cooker Toaster Touch,536.00,6407607510828,,62
Silent Charger Radio Sense Rechargeable Lite,921.00,5669148546396,,77
Smart Powerbank Radio X Wireless,509.00,5104563531867,,89
Vacuum Fan,708.00,9544969357337,,71
Freezer Mixer Lock,121.00,7270992450906,,81
Fast Vacuum Iron Phone Wireless Premium Wireless,976.00,5373943935452,,19
Pro Lock Thermostat Plus Rechargeable X,194.00,7583812329574,,52
Cooler,573.00,4127007594830,,60
Drone,359.00,6547926016004,,70
Premium Dock Smart Eco Eco,639.00,4117968520290,,50
Lamp Freezer,969.00,9818555773673,,86
Ultra Camera,891.00,9338932356089,,51
Wireless Bicycle,324.00,4052707123359,,43
Silent Stove Light Edge,224.00,4629519589576,,62
Portable Thermostat Max,798.00,7345651959547,,77
Digital Mouse Mouse Router Fast Compact Sense,578.00,9235158667114,,33
Automatic Treadmill Lite Eco,36.00,1283406190554,,15
Digital Monitor Light Smart Advanced,842.00,0921042316808,,4
Wireless Toaster Oven,272.00,6460909118406,,39
Mini Treadmill Go,15.00,2180652623326,,57
Wireless Cooker Mouse Bicycle,992.00,3843214141841,,29
Fast Radio Plus Clean Silent,290.00,9313099809395,,97
Heater,503.00,2857513043714,,25
Ultra Clock Router Fridge Ultra Smart,265.00,3566935271924,,15
Smart Treadmill,648.00,9451696283894,,11
Digital Headphones,888.00,3464069932950,,71
Advanced Fan Mini,997.00,2506912552012,,61
Fast Microphone Headphones Max Premium,522.00,5528970249663,,70
Advanced Brush Advanced,578.00,3669696295441,,38
Eco Scale Clock,724.00,8254406728392,,42
Premium Vacuum,360.00,5320036026580,,87
Radio,667.00,2432120077996,,33
Radio Treadmill,238.00,3669603764367,,82
Smart Oven Trimmer Dock Silent Portable,649.00,0722773557689,,30
Clean Shaver Ultra Clean,632.00,6287551748429,,36
Fast Iron Cooler Iron Portable Air Mini,873.00,5676755307401,,87
Mouse Mouse Router,289.00,9691371967828,,97
Dock,296.00,9597463980686,,76
Portable Bicycle Clock Lamp,443.00,5017864925382,,63
Pro Dock Trimmer Smart Fast,386.00,2382681684631,,53
Premium Fan Speaker Fridge Eco Smart,343.00,4781297951751,,6
Mini Heater Monitor Fast Clean Digital,937.00,6838692602059,,63
Eco Scanner Shaver Powerbank Mini Edge Fast,310.00,6380887089591,,67
Portable Bicycle Scooter,116.00,0461131346540,,12
Smart Freezer Air Air,272.00,2471993112625,,61
Wireless Lock Charger Premium,132.00,4120540576738,,15
Shaver Grill,601.00,8284792489966,,8
Automatic Treadmill Compact Max X,262.00,3142344477135,,67
Silent Webcam Webcam Treadmill X Automatic,475.00,4068051094511,,3
Smart Fan Wireless Lite,56.00,9207775965362,,73
Silent Stove Monitor Tablet Rechargeable Plus Premium,761.00,2307017912769,,37
Mini Brush,13.00,6510696581232,,22
Automatic Camera 360,561.00,9876247221932,,25
Eco Vacuum Clean Prime,358.00,1104405583904,,71
Compact Bicycle Clock Lamp 360 Ultra Smart,258.00,4688399586976,,96
Shaver Drone,906.00,3690585409809,,1
Compact Thermostat Webcam Bicycle Go,809.00,8187746583508,,68
Bicycle Scooter,51.00,9478798780878,,69
Fast Vacuum Mini,429.00,2250938534636,,46
Clean Projector Speaker Treadmill Air,890.00,0153467938468,,3
Projector,31.00,0405791371917,,32
Silent Toaster Scooter Edge Wireless,521.00,9012120229712,,97
Projector Brush,854.00,4148545559037,,23
Rechargeable Dock Eco Fast Advanced,161.00,8672179280396,,99
Premium Fan Iron Clock,12.00,8284652430237,,92
Rechargeable Iron Heater Ultra,305.00,7601265392355,,61
Webcam Powerbank,612.00,6006071975937,,97
Eco Webcam Toaster Silent Ultra Plus,42.00,4259039201810,,50
Toaster Scanner,937.00,5234306440375,,63
Clean Printer Lite,807.00,6343374845179,,38
Compact Charger Treadmill Max,242.00,6740145084353,,43
Eco Scale Headphones Edge Prime Clean,393.00,2740191277949,,5
Clean Powerbank Scooter Touch,427.00,7472053495318,,24
Fast Iron Toaster Projector Smart Lite,353.00,0833026172501,,29
Silent Oven Scale Advanced One,929.00,7590823936622,,3
Grill Tablet Fridge,409.00,8719036123899,,35
Silent Light Toaster Pro Smart Eco,784.00,3595067343315,,99
Mini Projector Premium Compact,893.00,1302071913777,,16
Powerbank Iron Brush,397.00,1263044112774,,31
Iron Monitor,151.00,8906646844492,,61
Digital Grill Grill Automatic Advanced,368.00,1649162459920,,81
Portable Iron Monitor Wireless X Clean,326.00,9249617304083,,18
Clean Fan Wireless Ultra Compact,108.00,5326253482321,,12
Smart Scooter Bicycle Oven Go Rechargeable,943.00,5000401572699,,3
Advanced Scanner Keyboard Monitor Sense Air Mini,764.00,6363989177533,,28
Automatic Shaver Drone Go,136.00,7066121696686,,82
Lamp Freezer,99.00,9169346037734,,31
Fast Cooler Treadmill,259.00,5188500392018,,24
Clock Drone Charger,729.00,4145373924914,,66
Advanced Brush Lock Go One Mini,972.00,4310850186745,,52
Advanced Webcam Bicycle Camera Touch Mini Silent,885.00,7787603747374,,60
Eco Trimmer Stove Smart Clean,742.00,9494372329929,,85
Smart Brush Automatic,300.00,2224979187625,,4
Smart Shaver Mouse Air Fast Lite,880.00,5561625561475,,37
Dock Router Webcam,271.00,7997425865815,,57
Smart Toaster,280.00,6136023081468,,88
Digital Powerbank Scooter,667.00,2986119895929,,27
Silent Bicycle,955.00,0097251883780,,59
Fast Treadmill,437.00,7471488410712,,93
Rechargeable Iron Heater Fast Max,866.00,8297072243684,,12
Smart Treadmill Touch,382.00,9026352752719,,18
Wireless Charger Treadmill,109.00,7390782572301,,94
Compact Lamp Blender Drone Digital,100.00,5676199513673,,12
Silent Scooter Bicycle Oven Portable Fast Prime,670.00,9898813319942,,39
Cooler,769.00,5275622190735,,86
Clean Charger Monitor Brush Fast,101.00,6228292679856,,57
Ultra Monitor Smart Max,728.00,0641401004022,,38
Wireless Mouse X Premium Automatic,212.00,3040272172088,,23
Portable Cooker Touch,26.00,7783201345318,,10
Fast Headphones Lite,735.00,8115405346072,,15
Eco Freezer Projector Webcam Touch,248.00,8822410188923,,17
Tablet Speaker Scooter,179.00,2414942616379,,17
Smart Mixer Router Phone,535.00,3962694031425,,11
Premium Brush Wireless 360 Digital,998.00,3845337783717,,44
Automatic Scanner Mouse Eco Portable Mini,545.00,4510954561961,,78
Mini Keyboard Speaker 360,63.00,7264136020858,,4
Grill Charger Headphones,635.00,9920928762693,,92
Digital Trimmer Clock Air,550.00,8169290828847,,37
Compact Iron Cooler Iron,425.00,3847281651944,,50
Automatic Mouse 360 Automatic,199.00,3242347391084,,57
Rechargeable Fan Iron Clock Eco,460.00,3345727769791,,40
Premium Iron Smart,25.00,2004338751809,,60
Rechargeable Dock Pro,981.00,0890204410022,,86
Smart Charger Tablet Brush,620.00,5266605947651,,48
Wireless Watch,42.00,6782308468716,,24
Portable Fan Cooler Vacuum Fast,491.00,0297041584075,,6
Fast Lock Thermostat,990.00,0772823563931,,77
Rechargeable Projector One,69.00,7076278616864,,16
Compact Light Toaster Go Go Digital,192.00,3321310311097,,49
Portable Webcam Printer Lite Eco Sense,423.00,4861576791725,,68
Pro Fan Lamp Plus Smart,742.00,1761678515317,,3
Smart Fan Monitor Toaster,790.00,5631074667742,,73
Mini Powerbank Smart Portable Plus,548.00,8153171471475,,99
Digital Shaver Drone Sense,585.00,4216982364801,,9
Heater Keyboard,980.00,8627960069438,,53
Smart Fan Monitor Toaster,563.00,1344240964708,,22
Digital Powerbank Router,951.00,4307350932958,,94
Wireless Camera Router Fan,716.00,2181202251105,,83
Portable Stove Blender Oven,730.00,4655262281061,,94
Automatic Fan Automatic Silent Mini,927.00,5086563061721,,89
Digital Kettle Plus 360,696.00,7947231470505,,32
Pro Fridge Mouse Monitor,29.00,9490104268009,,26
Advanced Drone Advanced Compact Pro,717.00,3284774027907,,88
Ultra Charger Lock Oven,311.00,6557860271193,,1
Smart Thermostat Speaker Portable Clean Go,715.00,4278246879612,,66
Mini Brush,999.00,5458324393936,,79
Fast Router,324.00,9576058495279,,86
Mini Scale Pro,458.00,2814762334598,,93
Automatic Powerbank,521.00,7799603127353,,71
Compact Light Webcam Cooker Rechargeable,405.00,8120152801927,,48
Mini Iron 360 Plus Prime,563.00,7379742980356,,79
Digital Fan Scooter Headphones Fast Wireless,755.00,1441974955788,,11
Compact Grill Grill Scale Pro Prime Premium,551.00,8102628361296,,36
Mini Freezer Projector Webcam X,771.00,6276138918324,,8
Premium Camera Monitor Charger Premium Fast,322.00,5843979533910,,5
Automatic Oven Mouse Cooler Wireless Advanced,773.00,0519150699205,,45
Mini Grill Grill Go Wireless Digital,819.00,6418711076186,,29
Smart Phone Grill Silent One Digital,455.00,2199660640553,,25
Silent Thermostat Trimmer Prime Wireless,408.00,5212890435922,,40
Silent Router,931.00,5316162459774,,58
Eco Mixer Grill Sense Rechargeable Wireless,639.00,7708206637596,,9
Portable Printer Webcam Clean Fast X,37.00,8763291223245,,32
Silent Lock Thermostat Go Air,317.00,4612195328324,,54
Digital Freezer X Ultra One,776.00,6641388038144,,71
Mixer Toaster Toaster,67.00,5087925731900,,3
Digital Camera Vacuum,956.00,4009045420282,,59
Smart Vacuum,586.00,7842278549392,,72
Mini Grill Brush Watch Prime,370.00,1019310432011,,69
Mini Mixer Vacuum Automatic,152.00,0710356490379,,22
Silent Projector Eco,526.00,8401005883100,,96
Digital Brush Blender Rechargeable Ultra Mini,62.00,4101117695762,,57
Rechargeable Speakerphone Oven Lite X,88.00,5625444264556,,36
Silent Scale Headphones,609.00,2888569162104,,13
Smart Shaver Premium Edge Rechargeable,282.00,8873522423990,,34
Digital Dock Wireless Fast Lite,429.00,3895722044466,,45
Fast Stove One Smart,87.00,5109253571826,,94
Mini Charger Treadmill,13.00,5151029036398,,48
Lock,734.00,9561479616457,,34
Scooter,314.00,5158166732978,,10
Eco Webcam Printer Digital Sense,356.00,8343893832870,,59
Ultra Printer Premium Advanced,919.00,3828219940651,,86
Mini Toaster Compact Advanced Clean,344.00,8664998790071,,49
Watch,505.00,2260528173756,,90
Advanced Lock Prime,241.00,5109563313802,,98
Oven Scale,661.00,9288759644947,,44
Digital Grill Tablet Fridge Ultra Plus,126.00,4513071458350,,57
Lock Charger,56.00,7943082058114,,9
Clean Scanner Advanced One Eco,111.00,8337453641828,,94
Compact Grill Grill,738.00,2576030802603,,52
Advanced Lock,113.00,3617794405811,,17
Pro Freezer,486.00,4762548297408,,48
Clean Heater Thermostat Sense Clean,585.00,8757487442022,,15
Clean Microphone Treadmill Oven Ultra Go,369.00,1527352692954,,53
Portable Thermostat Camera Watch,829.00,8829957060446,,23
Charger Cooker Thermostat,693.00,5867981426640,,84
Wireless Blender Treadmill Tablet Fast,741.00,5973187031974,,39
Drone Printer Tablet,243.00,2032015865907,,38
Keyboard Kettle,819.00,4928376645648,,23
Mouse Radio Light,944.00,4863353963684,,79
Smart Heater Plus Clean,631.00,7820720614324,,71
Phone Speaker Blender,981.00,0155158108587,,52
Compact Trimmer Shaver,225.00,5987415410462,,3
Digital Blender Treadmill Tablet Plus Fast,658.00,0563528990715,,6
Rechargeable Fan Wireless,684.00,7063149750253,,53
Advanced Scale Treadmill Smart Sense One,434.00,8435820632193,,49
Eco Phone Scooter Sense Air Pro,589.00,5092789678315,,77
Smart Stove Iron Silent,600.00,6808268986104,,86
Smart Mouse,91.00,8365516153025,,95
Fridge Fan Lamp,382.00,5274031459839,,95
Advanced Lock Lamp Prime Smart,435.00,4903780403985,,53
Treadmill,82.00,5614629572357,,91
Digital Camera Keyboard Eco X,699.00,2017484906849,,23
Portable Bicycle Plus Edge,663.00,0734382151479,,22
Premium Cooker One,519.00,5567854851653,,72
Automatic Camera,969.00,0265189162790,,12
Portable Lamp Scanner Vacuum 360 X,933.00,4695197489101,,92
Rechargeable Projector Oven Thermostat Air Ultra,679.00,7760078757970,,66
Ultra Kettle Clean 360 Pro,496.00,3965821426484,,9
Clean Light Headphones Tablet Premium Digital,634.00,5652702971482,,89
Advanced Phone Sense Eco X,279.00,9327138481343,,59
Rechargeable Freezer Mixer Lock Go,241.00,0712158490526,,33
Smart Clock Max Lite Touch,238.00,6707302922019,,19
Automatic Radio Stove Shaver X Lite,104.00,1735546257821,,24
Wireless Projector Portable,293.00,0051732166939,,76
Compact Freezer,598.00,7471169506246,,50
Smart Brush Cooler Powerbank Eco,400.00,4273345613198,,3
Premium Brush Scanner Automatic Prime Touch,125.00,1153314378460,,69
Rechargeable Treadmill Premium Wireless,741.00,7845798221953,,56
Silent Light Webcam Cooker Air Smart Fast,434.00,9715060297307,,27
Brush,233.00,0654404308400,,23
Speakerphone,231.00,4689955081843,,12
Portable Vacuum Iron Phone Go Max,868.00,9676204048103,,70
Smart Drone Sense Clean Prime,964.00,8800106182844,,64
Clean Keyboard Speaker Premium Rechargeable X,731.00,5722426390217,,12
Rechargeable Thermostat Stove Lamp,289.00,1436448539281,,26
Wireless Mouse Fast Lite,787.00,3269440405838,,16
Pro Brush Fridge Drone,135.00,9011457637191,,75
Smart Mixer Bicycle Fridge,529.00,5765907825280,,17
Portable Tablet Router Printer Pro Portable Touch,758.00,9741627219178,,27
Keyboard Kettle,734.00,0505032341096,,42
Eco Trimmer Webcam Heater Portable Fast,282.00,1476473809409,,97
Fast Bicycle Ultra Lite,848.00,2400664530673,,59
Digital Thermostat Webcam Bicycle Digital Lite Touch,952.00,3628892794400,,85
Scooter,976.00,4653658589333,,67
Projector Oven Thermostat,864.00,7077773076986,,69
Portable Lamp Monitor 360,647.00,3601809010251,,84
Pro Powerbank Projector 360,213.00,7662013829837,,90
Eco Scooter Microphone,574.00,2636751680680,,5
Fast Clock,862.00,4619359118883,,99
Wireless Mouse Monitor Phone,521.00,6100236331924,,46
Clean Scanner,933.00,3522745347006,,72
Compact Speakerphone Oven Rechargeable Pro,850.00,8933239062247,,7
Ultra Cooler Treadmill One Smart,860.00,4360527695087,,8
Clean Stove 360 Pro Air,933.00,4695763618133,,54
Light Headphones Tablet,191.00,2095238800278,,36
Rechargeable Printer Rechargeable,186.00,2345630708444,,16
Smart Fan Monitor Toaster Compact,679.00,8340724613400,,35
Mini Stove Vacuum Speaker,102.00,9518094196291,,80
Wireless Lock Thermostat One Rechargeable,262.00,0099645406322,,29
Fast Scanner Shaver Powerbank,361.00,2176274358241,,33
Premium Projector,464.00,8998647995938,,10
Mini Clock Lock Automatic Digital,276.00,1626588554323,,53
Portable Clock Ultra Air Eco,45.00,2281790375723,,36
Brush Scanner,117.00,4916628325530,,31
Grill Charger Headphones,671.00,6027616475309,,87
Premium Speakerphone Oven Pro Silent,625.00,5556262400348,,74
Premium Mixer Vacuum Go Portable,303.00,8468515074213,,34
Silent Grill,457.00,5995368730612,,6
Portable Router Digital,779.00,7510272153210,,48
Advanced Iron Heater Silent Portable,13.00,7427715599187,,98
Clean Cooker Mouse Bicycle Air One,414.00,3414675649797,,72
Portable Oven Trimmer Dock Premium,836.00,8221613708998,,49
Advanced Heater Premium Max Eco,359.00,9301196952212,,24
Automatic Webcam Stove Grill One,790.00,3404482420894,,70
Rechargeable Thermostat Microphone Scooter Plus Air,454.00,4454784834874,,42
Clean Thermostat Stove Lamp Rechargeable Wireless Automatic,699.00,4157358404540,,72
Eco Heater Thermostat,7.00,2523906011218,,68
Pro Camera Router Fan Edge,548.00,2719726525053,,11
Pro Powerbank Radio Edge,994.00,1508449343621,,55
Fast Tablet Portable,13.00,6261783002504,,17
Rechargeable Mixer Vacuum X 360 Air,416.00,8845866357552,,13
Radio Bicycle Cooler,517.00,6409448853867,,43
Projector,711.00,8884346784365,,6
Compact Clock Router Fridge Smart Smart Fast,665.00,4336316961039,,95
Portable Powerbank Router Portable Smart,121.00,3831745800917,,67
Compact Iron,743.00,5424759147901,,33
Freezer,563.00,1743718668504,,57
Silent Thermostat Stove Lamp Digital,515.00,2230433313035,,70
Smart Projector Oven Thermostat Clean Ultra,180.00,1040597444862,,1
Ultra Webcam Projector Lock Smart Touch Edge,269.00,0612628943609,,14
Rechargeable Webcam Webcam Stove,913.00,1173361521374,,90
Fan,998.00,5673799611761,,91
Premium Heater Mixer Shaver Automatic,943.00,7839405746144,,3
Premium Clock Brush Advanced Touch Eco,1.00,8447647108546,,28
Silent Headphones,108.00,6622478929603,,43
Rechargeable Scale Toaster,397.00,4678474454702,,19
Heater Radio,573.00,6501927902803,,45
Portable Fan Clock Camera Wireless Automatic,558.00,2830649338183,,69
Compact Dock Mixer Router Silent Touch Go,166.00,7209014053955,,95
Silent Kettle Brush Fan X,428.00,8886885272167,,94
Smart Clock Lock Clean,320.00,3123030175931,,18
Compact Dock Freezer Projector Air Ultra Smart,819.00,4917416143688,,52
Clean Powerbank Scale Mini Air Eco,363.00,1747679595848,,90
Mixer,419.00,9860700690489,,61
Silent Freezer Powerbank Watch Fast Wireless,729.00,3799108694712,,11
Printer Charger Brush,787.00,8560789360501,,25
Wireless Mixer Vacuum Max Touch,190.00,9714854955195,,4
Compact Drone Max Go Plus,239.00,1083107031312,,51
Fast Charger Lock Oven Fast,546.00,4807846373345,,59
Portable Thermostat Speaker Premium Prime,116.00,1104045480946,,30
Premium Speaker Tablet Headphones,916.00,6345895416418,,41
Mini Keyboard Rechargeable,531.00,1448660379309,,73
Ultra Cooler Vacuum X Prime Digital,754.00,9315912594471,,17
Automatic Fan Smart Lite 360,423.00,4227240397349,,57
Wireless Speakerphone Rechargeable Fast,658.00,2928735675929,,17
Light,780.00,0955730992036,,33
Smart Mouse Mouse Router Lite,828.00,8388698204859,,85
Smart Stove Fast Smart,775.00,2836226726046,,54
Fast Watch Camera Air,404.00,0280788464199,,9
Clean Thermostat Printer Go,329.00,2017235898768,,40
Silent Radio Mixer,865.00,0775209757887,,21
Mini Speaker,759.00,7566042309752,,44
Pro Stove Light,575.00,0487984423009,,81
Advanced Light Heater Clock,595.00,3262669389859,,18
Compact Freezer Sense Go 360,178.00,9661884345055,,10
Smart Toaster One,903.00,2564990469394,,17
Digital Watch Headphones Kettle Silent Wireless,499.00,5579508159596,,77
Premium Fan,58.00,1859027897815,,89
Pro Scooter Portable,11.00,0591140674157,,75
Keyboard,133.00,7916447763633,,58
Smart Camera Clean Edge Compact,299.00,5102535426852,,59
Compact Keyboard Freezer Edge Fast Mini,162.00,4379333382791,,25
Fast Keyboard Kettle Touch Prime Plus,482.00,9850286006118,,37
Eco Fan Ultra X,566.00,2998912038144,,53
Premium Treadmill Fast Automatic Portable,7.00,4293836600919,,74
Mini Lock Charger Clean,295.00,2494116459735,,4
Silent Thermostat Printer Prime,621.00,5263739884654,,45
Wireless Heater Mixer Shaver Smart,370.00,4951808891979,,33
Automatic Fan Ultra Smart Rechargeable,502.00,9069655068613,,32
Mini Freezer Smart Silent Lite,809.00,8678143641231,,46
Cooler,545.00,9818591418507,,23
Clean Lock Fast,370.00,6159524435950,,60
Clean Scooter,546.00,2139942385383,,97
Vacuum,350.00,1349699658895,,73
Mini Trimmer Stove Sense Digital Wireless,69.00,8676991662132,,60
Vacuum Printer,989.00,2640378882716,,53
Silent Kettle Brush Fan,596.00,4810858623261,,14
Wireless Charger Bicycle Fan,332.00,5894310340254,,15
Fast Clock Brush Go Max,4.00,2016409108214,,74
Compact Lock,633.00,1064560752143,,68
Clean Scale,322.00,0281551733627,,8
Smart Keyboard Toaster Monitor,313.00,7311164245149,,26
Pro Vacuum Webcam Compact Advanced Wireless,994.00,7229674973394,,37
Grill Grill,940.00,4383215405829,,83
Smart Scanner Mouse One,477.00,0246171541885,,96
Premium Freezer Sense Plus,535.00,6438739581806,,94
Advanced Oven Trimmer Dock Portable Automatic Air,903.00,7043618929434,,54
Eco Speaker,210.00,6231189798738,,81
Mini Speakerphone Digital Prime,792.00,8917230438973,,38
Eco Thermostat Iron Max Air Edge,531.00,4766126357850,,71
Advanced Freezer Mixer Plus,752.00,0603876093482,,35
Premium Oven One Pro,924.00,6721350521857,,30
Digital Speaker 360,40.00,0234048451771,,8
Thermostat Stove Lamp,443.00,4534871656449,,56
Watch,73.00,4949743774228,,11
Compact Drone Thermostat Headphones Rechargeable Edge Smart,52.00,9584300481260,,67
Pro Charger Bicycle Fan Plus,197.00,2146587794890,,91
Smart Lamp Prime Prime,575.00,6174039138783,,30
Smart Grill Phone Prime Smart Digital,435.00,7730673156027,,22
Ultra Vacuum Router Toaster Ultra Plus Advanced,82.00,0308957704652,,30
Eco Scanner Edge Sense,579.00,8718983274432,,60
Speaker Keyboard,756.00,5264296905813,,17
Smart Watch Fridge,625.00,4463520311364,,42
Smart Tablet Speaker Scooter Air,766.00,1523494188669,,27
Router Scanner,780.00,2821530255368,,88
Premium Bicycle Clock Lamp Rechargeable Air,483.00,3004333102865,,36
Eco Router Premium Automatic Max,485.00,8920073293203,,92
Smart Scale,662.00,2176773392005,,63
Ultra Blender Max,229.00,9226608126862,,28
Thermostat Trimmer,594.00,1412983899301,,44
Automatic Headphones Sense X 360,608.00,2559655305773,,3
Clean Drone Lite,739.00,5347545420524,,60
Smart Cooler Treadmill X Plus,435.00,3147669770664,,69
Advanced Trimmer Heater,79.00,3329042091881,,79
Kettle,523.00,4678304499972,,70
Mini Speaker Tablet Headphones Eco Smart Clean,147.00,2901901037226,,25
Compact Powerbank,384.00,5119429781553,,65
Smart Powerbank Go,844.00,5222439302912,,27
Smart Heater Cooker Plus,379.00,8044621014475,,76
Clock Brush,777.00,6508602482995,,37
Compact Webcam Stove Grill Automatic Max,710.00,4943343563787,,67
Advanced Scanner Tablet Radio Digital Clean Compact,474.00,5117090543449,,14
Wireless Radio Iron Compact Portable,802.00,0943463294831,,71
Ultra Bicycle Lock Fan,182.00,5398375027797,,42
Compact Charger Lock Oven One Clean Pro,181.00,2601989342082,,74
Iron Thermostat,548.00,9588068807003,,90
Portable Lamp Monitor,929.00,7273092151452,,72
Mini Projector Air Smart,718.00,5602925808959,,78
Microphone Treadmill Oven,22.00,3044729526745,,64
Silent Drone,476.00,5604890052306,,76
Eco Fan Fast,848.00,2956635809878,,61
Clean Treadmill Dock Advanced Prime,274.00,3004569646928,,15
Charger Treadmill,245.00,3259487514082,,92
Digital Grill,556.00,9595706147186,,1
Automatic Webcam Cooker Toaster Ultra Pro Smart,537.00,4972539266041,,3
Eco Shaver Mouse Plus Prime Eco,836.00,6326354569562,,93
Dock,704.00,5881876222315,,8
Rechargeable Watch,551.00,4575731752741,,31
Advanced Heater Thermostat Pro Smart,755.00,1403254911815,,71
Fast Light Drone Touch Sense Portable,550.00,3492321765015,,46
Smart Bicycle Clock Lamp,315.00,1754237134883,,19
Premium Scanner Mouse Smart Prime,331.00,3960844605564,,70
Silent Iron Thermostat Portable Advanced,828.00,9014754161031,,80
Digital Scale Headphones,2.00,1875097276411,,24
Compact Fan Powerbank Touch Lite Air,738.00,6117294983217,,13
Premium Mixer Treadmill,444.00,9135936521815,,16
Wireless Microphone Treadmill Oven Smart Automatic 360,176.00,9178048029909,,94
Mini Powerbank 360 One,212.00,5011997969626,,92
Wireless Drone Printer Tablet Air Prime,276.00,2058125735206,,70
Printer Lock Thermostat,931.00,9733587156617,,35
Fast Fan Premium Lite,99.00,0867327857140,,98
Fast Camera Clean Edge Automatic,950.00,3636019398509,,76
Oven Drone,415.00,7534590432574,,69
Compact Brush Edge,961.00,0858994080948,,56
Premium Stove Iron Clean Pro Compact,16.00,8332693884448,,17
Dock Freezer Projector,202.00,7362748512768,,28
Clean Mixer Eco,521.00,9489456960624,,25
Automatic Mouse Speaker Cooler,859.00,3071399245225,,37
Wireless Powerbank Radio Digital,325.00,9886087291774,,98
Lock,899.00,7967964186597,,22
Rechargeable Keyboard Toaster Monitor Lite Smart,778.00,8678072224819,,38
Advanced Radio Radio Prime Digital,862.00,4612285044707,,26
Premium Printer Digital Mini Wireless,993.00,8857296957585,,3
Watch,594.00,1064876369899,,24
Iron,660.00,2720809986104,,25
Advanced Camera Rechargeable Silent Touch,846.00,4177261253943,,53
Freezer,662.00,3200463388746,,84
Advanced Scooter Eco Silent Fast,234.00,4091004649490,,79
Smart Shaver Grill Max,601.00,3179012163182,,63
Pro Speakerphone Wireless,628.00,0615584879708,,2
Rechargeable Scooter Dock Shaver,828.00,5737840462228,,33
Trimmer Heater,877.00,9341338036028,,62
Premium Scooter Air Compact,488.00,9644717308137,,12
Premium Fan,807.00,6689249819488,,19
Premium Scale Toaster X,335.00,2601447276768,,36
Pro Printer Pro,940.00,8424482531500,,85
Microphone Headphones,366.00,8680340332119,,53
Digital Grill One Digital Portable,697.00,4891668445977,,98
Compact Iron Max Sense,553.00,3253502057349,,88
Eco Fridge Air,94.00,2768650389668,,30
Advanced Cooker Brush,866.00,9513260717478,,69
Mini Router Rechargeable Rechargeable,456.00,5490428022183,,71
Automatic Cooker Pro Digital,816.00,2348776013922,,13
Mini Vacuum Iron Phone,948.00,4194585254500,,65
Compact Webcam Bicycle Camera Rechargeable,138.00,7713115894596,,73
Fast Watch Microphone Microphone,470.00,3536307539617,,91
Clean Mixer Drone Toaster,576.00,6083397272759,,54
Premium Heater Clean Lite Mini,461.00,1157569883922,,18
Digital Brush Prime,415.00,2355074267544,,78
Premium Shaver One,360.00,9286984517623,,18
Compact Speaker Iron Grill,600.00,6350367323156,,22
Silent Trimmer Cooler Max,114.00,6488105879662,,50
Advanced Cooler One,978.00,3691283575919,,82
Mini Lamp Blender Drone Prime Lite,757.00,9475241009739,,56
Digital Speakerphone Silent,108.00,4600307780443,,22
Wireless Keyboard,282.00,9519627118216,,18
Smart Lock Thermostat,901.00,8644928597000,,26
Freezer,131.00,3129034984081,,83
Rechargeable Mixer Bicycle Fridge Smart,348.00,8585259066066,,81
Premium Light Toaster Mini Go,530.00,4235201792867,,70
Rechargeable Freezer Powerbank Watch Fast Ultra Automatic,693.00,5536860388453,,19
Thermostat Microphone Scooter,739.00,1384488934293,,84
Wireless Printer Lock Thermostat,691.00,9866439105300,,4
Premium Tablet Microphone Trimmer 360 Fast Pro,626.00,8794654682751,,6
Smart Webcam Webcam Treadmill,742.00,2815801752687,,40
Eco Cooker Edge Eco,272.00,7952536861835,,57
Brush Fridge Drone,720.00,6471771292712,,84
Rechargeable Dock Silent,392.00,8216204025493,,3
Fan Iron Cooker,303.00,6835506964358,,72
Advanced Lamp Freezer,951.00,5280958116502,,98
Powerbank Brush Charger,171.00,1389224654176,,47
Eco Heater Portable Plus,928.00,5038411436120,,67
Rechargeable Freezer,850.00,6508612255206,,6
Eco Fan Automatic Clean Compact,741.00,7996432158248,,70
Premium Speaker Powerbank Camera Portable Go,187.00,8494391982731,,87
Smart Powerbank Scooter,895.00,8531579582250,,82
Advanced Scale Clock Fast Clean Compact,520.00,0255751518247,,63
Mini Lamp Monitor Wireless Pro,427.00,3205915543568,,80
Smart Toaster Smart One,716.00,0355951482277,,40
Tablet Tablet Kettle,4.00,7085003204016,,14
Treadmill,973.00,3720507837660,,14
Ultra Kettle Vacuum Advanced,185.00,4388638817808,,29
Clean Router Portable Go,192.00,6267386641232,,57
Automatic Heater Clean Touch Lite,275.00,1549531627403,,75
Trimmer Heater,402.00,2026215631592,,4
Compact Scale,388.00,5534857622658,,63
Ultra Blender Blender Lite Max,66.00,8781381341501,,81
Toaster Clock Monitor,308.00,3962540522756,,64
Powerbank Cooker Iron,665.00,9810565068671,,57
Pro Freezer Smart Ultra,24.00,4324490055552,,80
Clean Printer Webcam,985.00,9506336725224,,88
Pro Blender Cooker,479.00,7048521071966,,37
Lamp Freezer,359.00,7536222928813,,75
Projector Freezer,131.00,4391784152570,,36
Wireless Grill Portable,553.00,8558775059980,,22
Automatic Charger Lock Oven Lite Plus,643.00,1386127449144,,70
Thermostat Microphone Scooter,545.00,9464744544717,,69
Pro Cooker,240.00,2419069615342,,84
Eco Thermostat Webcam Bicycle,9.00,8751435516759,,8
Fast Microphone Heater Clean Prime,241.00,8706585850413,,41
Fast Freezer Phone Mini,957.00,4527540755246,,78
Smart Thermostat Oven One Digital Portable,879.00,5377101053712,,70
Pro Lock Camera,962.00,1507069057994,,40
Ultra Radio Bicycle Cooler,202.00,2123323393074,,24
Premium Camera Plus One Edge,673.00,2418299126741,,80
Digital Lock Blender,326.00,2855629158131,,90
Mini Radio Radio Smart Silent Sense,532.00,5932388854829,,72
Digital Scooter,63.00,2279956477725,,98
Silent Clock Lite,464.00,5266492571458,,43
Eco Tablet Powerbank Blender,792.00,4266444258797,,86
Stove Vacuum Speaker,847.00,8115521685086,,4
Clean Cooler Printer Speaker Wireless One Pro,838.00,3377425834266,,88
Clean Mixer Vacuum,329.00,4935813389393,,23
Mini Radio Advanced Ultra,405.00,9361559155896,,8
Oven Trimmer Dock,866.00,8145329959379,,30
Digital Blender Treadmill Tablet Sense Digital,56.00,9140838901672,,55
Cooler Printer Speaker,291.00,1047746500592,,89
Mini Grill Trimmer,641.00,1043002976293,,54
Automatic Speakerphone Charger Edge Clean,970.00,8672683199405,,8
Smart Scale Trimmer Grill Digital,730.00,6589185743406,,12
Mini Blender,55.00,6665415948213,,81
Wireless Dock Mixer Router Lite Plus,298.00,7317519335589,,35
Grill Grill Scale,155.00,5117282474384,,96
Digital Radio Sense,925.00,9781404050112,,59
Smart Lamp Freezer Ultra Max Lite,937.00,8583729581842,,2
Silent Scale Clock Lite 360,268.00,3573742073184,,24
Portable Dock Speaker Phone Plus Digital Air,346.00,1792053894079,,88
Powerbank Cooker Iron,890.00,5276000545185,,1
Wireless Thermostat Go Rechargeable Go,326.00,4005245060631,,28
Scale Toaster,687.00,6965774627966,,36
Premium Heater Go Mini,502.00,5651531657383,,96
Eco Webcam Scooter Clean,910.00,8746651085196,,97
Pro Lamp Monitor Rechargeable X Silent,920.00,5242968860011,,50
Clean Thermostat Oven Compact Prime,116.00,6342046756775,,92
Fast Vacuum Shaver,286.00,7449595415005,,10
Oven Drone,945.00,9817505167036,,66
Watch,99.00,6274835512586,,82
Premium Freezer Go,334.00,6173431294837,,55
Ultra Scale Toaster Sense Go,512.00,0619358026626,,40
Premium Projector Speaker Treadmill,578.00,8797315453042,,3
Portable Blender,59.00,3091220666449,,68
Bicycle,394.00,8608359260377,,91
Mixer Toaster Toaster,249.00,1936238811356,,1
Automatic Treadmill,32.00,1733438254187,,36
Premium Lamp Freezer Automatic Eco Touch,815.00,4369198036946,,9
Ultra Grill Charger Headphones,312.00,9553191100277,,80
Eco Fan Lamp Max Sense Max,531.00,7048857517428,,48
Fast Drone Mini Wireless Smart,878.00,4425609048660,,28
Wireless Lock Freezer Portable Silent,604.00,5014211838203,,61
Silent Tablet,346.00,3639288233540,,90
Smart Cooker Mouse Bicycle Ultra Mini Ultra,95.00,8542407631453,,12
Fridge Cooker,625.00,1471392425310,,6
Camera Vacuum,773.00,4082041020236,,43
Eco Vacuum Iron Phone One,572.00,9525200112168,,51
Ultra Watch Camera,897.00,9921796235784,,6
Digital Mouse Lamp Max,205.00,9860246312272,,61
Automatic Projector Freezer Advanced Sense,641.00,4212525376416,,73
Powerbank Router,901.00,3879459858688,,45
Silent Trimmer Webcam Heater Go,719.00,8364518241655,,15
Wireless Freezer Projector Webcam Pro Premium Rechargeable,618.00,6562446035434,,28
Silent Vacuum Edge Clean,78.00,3965607596387,,18
Advanced Webcam Printer,73.00,2847425709563,,27
Fast Cooker,830.00,2286518038232,,3
Heater,801.00,4335523994465,,2
Radio Treadmill,566.00,2097434370425,,36
Rechargeable Charger Monitor Brush Smart Eco,735.00,1748752181514,,73
Digital Scale X,115.00,8725441014868,,76
Advanced Lamp Scanner Vacuum Touch,792.00,9148954296412,,11
Lamp,22.00,2778473556970,,55
Ultra Watch Headphones Kettle Eco,307.00,3130837643761,,31
Pro Bicycle Lock Fan Eco Clean Fast,638.00,8230594007310,,57
Microphone,779.00,5376072550510,,11
Premium Oven,139.00,7879174333015,,12
Rechargeable Blender Blender,212.00,7728553613050,,29
Iron Heater,140.00,4577586991344,,37
Ultra Camera Vacuum Digital Air Touch,203.00,8021855424270,,14
Keyboard,916.00,6878080448913,,43
Shaver Drone,247.00,1082142333146,,93
Clean Printer Fan Shaver Edge 360,145.00,3295556716193,,42
Compact Tablet Edge,365.00,3363350215829,,2
Fast Projector,156.00,2693126389937,,72
Mini Fan Thermostat Touch,367.00,8287185524473,,13
Ultra Radio Smart Max 360,452.00,7739370779928,,30
Silent Watch Tablet Printer,157.00,6898934980376,,24
Compact Iron Monitor,872.00,7259963691104,,83
Keyboard Freezer,411.00,1394699888124,,46
Advanced Stove Monitor Tablet Compact Smart Wireless,836.00,6855490632095,,97
Light Toaster,74.00,4525039653745,,94
Eco Stove Iron Sense Silent,452.00,7880545553307,,26
Light Heater Clock,927.00,9420476380511,,79
Mini Tablet Cooler Fridge Prime Clean,652.00,4487234378147,,22
Digital Fan Scooter Trimmer Silent,357.00,5058389262101,,66
Premium Keyboard Kettle Clean,740.00,7428901057900,,90
Brush Scanner,298.00,3731517381289,,81
Eco Grill Microphone Projector Pro Go,122.00,4799306669191,,93
Heater Monitor,263.00,2128732601635,,70
Smart Scanner Mouse Advanced Eco,937.00,7333674508651,,79
Clean Radio Light Fan,24.00,5215098365626,,58
Portable Toaster Sense Fast Fast,512.00,0858260869550,,44
Smart Thermostat Mini,94.00,6484280116899,,63
Mini Charger Monitor Brush,778.00,2578596815035,,24
Automatic Keyboard Toaster Monitor Wireless,99.00,6959361868504,,51
Mini Fan,843.00,1362879326742,,16
Wireless Toaster Scanner Plus Smart,368.00,5567238588724,,12
Rechargeable Phone Pro,982.00,2419513854679,,18
Pro Brush One Lite Rechargeable,158.00,1604456384852,,38
Smart Brush Lock Max,729.00,6636826680740,,38
Rechargeable Treadmill Wireless,533.00,3472713720457,,74
Smart Microphone Clock Digital,753.00,9830970741433,,51
Portable Projector Fast Automatic,14.00,8344713377717,,56
Premium Keyboard Air X 360,914.00,4573006620375,,68
Digital Keyboard Speakerphone Fan,723.00,7706469363405,,96
Toaster,349.00,3132143529418,,8
Wireless Radio Bicycle Cooler,630.00,0206961154220,,43
Advanced Watch,318.00,5846123781892,,29
Automatic Tablet Tablet Kettle Mini,345.00,7707769942956,,74
Advanced Camera Heater Webcam,115.00,6901286121936,,41
Clean Vacuum Touch Premium,355.00,2639607261675,,88
Mini Scale 360 Automatic 360,590.00,1343988418412,,85
Rechargeable Router Freezer Webcam Ultra Air,950.00,4569962182132,,15
Radio,746.00,0860307099714,,42
Wireless Tablet Microphone Trimmer,838.00,0968512945403,,39
Digital Thermostat Webcam Bicycle Clean,259.00,8331972254583,,83
Smart Clock,741.00,0251131129256,,17
Portable Router Keyboard Premium,484.00,7304112020523,,67
Digital Scale Speaker Powerbank Rechargeable 360 Go,728.00,4058231040698,,57
Charger,62.00,6489778169760,,38
Charger Tablet Brush,805.00,2532242212630,,47
Clock Lock,608.00,1190166592781,,32
Thermostat Oven,594.00,6098184783301,,34
Camera,663.00,1728152441623,,86
Smart Oven Eco Portable Mini,830.00,2086614851533,,9
Clean Projector Advanced,225.00,8015569862541,,44
Compact Powerbank Scale,894.00,2784046814910,,43
Premium Watch Camera,95.00,0922556423440,,99
Iron Heater,450.00,7277787856196,,34
Compact Speakerphone Prime,72.00,6910659881957,,48
Smart Drone 360,929.00,7825176946326,,68
Smart Mouse Heater Sense Ultra Automatic,986.00,6636934349560,,57
Rechargeable Bicycle Lock Fan,868.00,1284743639737,,85
Wireless Freezer Plus Smart,494.00,8203360938835,,16
Portable Dock Rechargeable Sense,122.00,8872969712582,,82
Digital Scanner Keyboard Monitor Silent Ultra Sense,514.00,7684466410783,,67
Smart Heater Portable Fast Premium,950.00,8651525707619,,39
Digital Speakerphone Oven Mini Edge Eco,921.00,6693706917211,,36
Wireless Shaver Compact Pro,429.00,5300670429527,,70
Compact Thermostat Speaker Fast,380.00,9459674935988,,18
Mini Cooler Watch Fan,791.00,0023246766226,,38
Smart Cooker Wireless,480.00,9938516297601,,15
Fan,323.00,8968927641152,,59
Portable Fan,230.00,0334127421432,,92
Wireless Dock Powerbank Speaker 360 Digital 360,312.00,7322898880001,,64
Ultra Printer Portable Automatic,870.00,1916732221257,,63
Silent Mouse Mouse Router,428.00,0704603972978,,24
Mini Webcam Projector Oven Rechargeable,771.00,2689748043173,,47
Automatic Brush Blender Plus,757.00,6979327838525,,79
Mini Oven Trimmer Dock,462.00,7112303724040,,58
Cooler Printer Speaker,96.00,3074157799800,,65
Smart Heater Keyboard,590.00,8165650476932,,13
Drone Speaker Speaker,233.00,5258953345579,,68
Smart Drone Speaker Speaker Max X,347.00,7912753581640,,93
Microphone Treadmill Oven,989.00,4383795680838,,34
Smart Speakerphone Mixer,640.00,1403727591094,,29
Fast Blender Digital,981.00,7406656247425,,83
Pro Toaster Clock Monitor Lite One Ultra,928.00,4207154765588,,41
Clean Brush Scanner Ultra Sense Advanced,659.00,8787236379217,,5
Silent Mouse Radio Light,568.00,3443671489151,,78
Advanced Mixer Plus 360,467.00,3131503983921,,91
Clean Camera Digital,762.00,6746048635982,,22
Premium Mouse Smart 360 Plus,200.00,4203551821131,,99
Wireless Charger Tablet Brush Smart,776.00,5120737762868,,65
Scale Clock,266.00,0157170099089,,94
Mini Drone Speaker Speaker Air,923.00,6447188717209,,86
Smart Camera Vacuum,180.00,8553393755122,,12
Pro Vacuum Cooler Mini,145.00,8298501377598,,40
Fan Clock Camera,232.00,9858734137926,,14
Ultra Mouse Charger Automatic Pro Portable,204.00,1071555040789,,47
Compact Mixer Bicycle Fridge Digital Automatic,658.00,0049279072134,,63
Ultra Blender Smart Lite,811.00,8674102746696,,87
Pro Bicycle Clock Lamp One Wireless,170.00,3728942958322,,63
Silent Watch Fridge Automatic Smart,257.00,6826613761466,,8
Automatic Thermostat Drone Heater Digital,330.00,6640019548571,,24
Dock Powerbank Speaker,356.00,5903799587446,,93
Smart Powerbank Brush Charger Go,192.00,9148938245085,,46
Eco Camera Compact Sense Compact,818.00,3661316146836,,41
Drone Thermostat Headphones,372.00,5096552527930,,21
Compact Printer Smart Sense Automatic,670.00,9590991471862,,81
Silent Printer Fan Shaver,876.00,1097035264650,,50
Mini Trimmer Clock,873.00,4341018790818,,22
Premium Thermostat Stove Lamp Portable Pro Prime,642.00,8897128780387,,86
Oven Trimmer Dock,886.00,9583976739804,,90
Fast Camera Keyboard,248.00,9531442967275,,65
Rechargeable Fridge Mouse Monitor,946.00,5539386732373,,72
Fast Vacuum Router Toaster Prime X Air,181.00,2952863194380,,60
Scooter,405.00,2822092333945,,75
Automatic Fan Iron Cooker Premium Prime,33.00,9084190939310,,86
Digital Heater Toaster Stove 360,799.00,5842934793260,,62
Automatic Cooler Printer Speaker,764.00,0349158736233,,18
Rechargeable Radio Bicycle Cooler,441.00,0608759348000,,88
Watch,974.00,1443891838366,,93
Ultra Blender Smart Prime,424.00,9461875319597,,89
Compact Radio Go,974.00,6147055619550,,80
Projector Brush,525.00,8430849679471,,5
Clean Webcam Projector Lock Silent,180.00,6236241386359,,36
Smart Fan,393.00,3332958457511,,34
Automatic Projector Smart,34.00,7819088380736,,90
Cooler Fan,175.00,6808609962736,,93
Premium Lock Touch Clean,423.00,0390964111073,,86
Portable Fan,682.00,0926331967457,,83
Automatic Mixer Ultra Sense Compact,648.00,1066663237152,,49
Advanced Drone Go Smart Eco,849.00,0584558809068,,42
Thermostat Oven,158.00,8635514758462,,75
Router Scanner,582.00,2326919459080,,82
Wireless Fan Lite,287.00,1662582735863,,46
Clean Trimmer Cooler Wireless,21.00,3659425512581,,94
Scooter Bicycle Oven,837.00,3917635957517,,82
Headphones,273.00,5883074340501,,9
Smart Webcam Clean Plus Rechargeable,38.00,3174321875603,,1
Compact Toaster Scooter,375.00,6927198586885,,77
Rechargeable Drone Heater Scanner,364.00,1733854287394,,45
Smart Treadmill Plus Automatic Silent,552.00,1773921840107,,81
Advanced Kettle Vacuum X Mini Mini,401.00,0395663890335,,68
Fast Webcam Scooter Rechargeable X,760.00,7480976764909,,73
Smart Fan Drone Monitor Fast,695.00,8041199620220,,35
Compact Fan Iron Clock X Silent,972.00,9713262898582,,27
Router,196.00,6428492456084,,92
Pro Dock Trimmer Wireless,618.00,8054987473830,,64
Trimmer,766.00,9845920033810,,12
Smart Brush Blender Vacuum 360,631.00,9435735431651,,17
Automatic Kettle Brush Fan,115.00,8239775811364,,17
Wireless Iron Monitor Mini Clean Max,379.00,4706942235048,,20
Ultra Toaster Edge,86.00,9650038816299,,12
Fast Clock Brush Automatic Rechargeable Compact,776.00,9079576261451,,88
Fan,357.00,1930615611768,,83
Ultra Lock Clean Silent,58.00,8132289264025,,60
Clean Tablet,183.00,8496296463674,,46
Wireless Freezer,750.00,4883698426705,,17
Premium Lamp Monitor,723.00,1022760835875,,70
Watch,389.00,0992966787807,,35
Premium Trimmer Heater,212.00,4705972366043,,87
Freezer Mixer Lock,39.00,8751221663070,,24
Microphone Cooler,733.00,6349866178558,,1
Compact Lamp Grill Ultra One Edge,295.00,2646811011590,,75
Toaster Clock Monitor,610.00,2242655915096,,70
Cooler Fan,564.00,6479490715154,,20
Clean Brush Fridge Drone Pro,197.00,3122904964237,,6
Advanced Keyboard Kettle Rechargeable Sense One,259.00,3616069903724,,23
Fast Iron Max,932.00,9787230551403,,26
Portable Clock 360 Compact Smart,725.00,1601839621474,,81
Compact Brush Lock Ultra,819.00,3563316605613,,46
Clean Bicycle Scooter,570.00,0565263912922,,97
Silent Dock Go,18.00,4572578206451,,17
Automatic Dock Speaker Phone Go,664.00,5336734281893,,39
Rechargeable Watch Headphones Kettle Max Touch,899.00,8022606916365,,76
Powerbank,388.00,0219223621873,,31
Compact Scale Speaker Powerbank Ultra,967.00,0193012916909,,83
Smart Radio,185.00,1304750737131,,63
Silent Iron Prime Air,268.00,8454234409757,,72
Heater Mixer Shaver,851.00,4877400526715,,1
Premium Powerbank Portable Mini Mini,574.00,8094526628222,,53
Automatic Microphone Lamp Speaker Rechargeable,580.00,0936844715216,,89
Automatic Thermostat Camera Watch,706.00,4526777945758,,5
Clean Treadmill Air Smart Max,875.00,7604957783035,,74
Ultra Lock Clean Smart,63.00,6572396130752,,49
Smart Drone Vacuum Advanced Smart Portable,532.00,6815003795358,,39
Pro Powerbank Scooter,711.00,8301929027591,,48
Portable Stove Blender Oven Compact X,876.00,8516249211364,,37
Premium Projector 360 Compact Rechargeable,81.00,1527626160172,,34
Shaver Drone,967.00,1775925099796,,45
Smart Blender Cooker Lite Go,964.00,7295761118795,,84
Automatic Camera Monitor Charger X Wireless,794.00,5647693000006,,84
Clean Projector Freezer,974.00,3078944090149,,23
Mini Keyboard Speaker Go Air,721.00,3439438986087,,99
Digital Printer Freezer Automatic Pro,866.00,9703089854908,,19
Fast Powerbank Ultra,723.00,4020346375859,,58
Smart Grill Microphone Projector 360,955.00,8998607551693,,12
Mini Printer Lock Thermostat,457.00,9329124272980,,97
Eco Grill Grill Portable,507.00,9667634424551,,9
Compact Keyboard Go Portable Silent,328.00,2140139774477,,39
Eco Treadmill Automatic,352.00,9072455974565,,61
Portable Lamp Grill Sense,811.00,7766822200921,,10
Fast Webcam Trimmer Projector Mini Portable,546.00,1348298166411,,58
Advanced Radio Mixer Prime Ultra One,233.00,6345469706860,,19
Rechargeable Fridge Premium Silent,868.00,2173240131891,,96
Fast Projector Automatic Pro Mini,798.00,0523395872309,,32
Advanced Radio Wireless,736.00,2745147137223,,80
Fast Fan Clean,500.00,2411284409607,,85
Automatic Brush Scale Grill Compact Compact Ultra,839.00,9970072167042,,43
Smart Microphone X Portable Fast,440.00,8045867999021,,79
Advanced Projector Premium Air Air,877.00,4234985219775,,77
Compact Dock Router Webcam Smart,810.00,7165254765051,,95
Mixer Heater,561.00,7246228139815,,12
Clean Iron Lite,572.00,6585590071073,,44
Smart Speakerphone Fast Portable,903.00,4015795550827,,75
Smart Projector Freezer Air Edge Clean,513.00,2638815871461,,33
Rechargeable Scale Trimmer Grill Smart,775.00,9646720763880,,1
Pro Charger Treadmill Edge X,225.00,6085086121362,,3
Fan Scooter Trimmer,836.00,7091948932761,,41
Premium Charger Radio Sense One,635.00,7443204079589,,23
Pro Stove Light Silent Lite Sense,53.00,8006878997017,,2
Smart Brush Max Prime,761.00,5441843525124,,30
Mixer Grill,743.00,9736254701646,,30
Premium Mouse Heater Clean Go Silent,940.00,8045478490436,,74
Ultra Webcam Scooter,863.00,8189706822115,,79
Pro Charger Tablet Brush Prime Clean,924.00,6667920973131,,49
Automatic Drone Smart,314.00,6846146135138,,32
Portable Webcam Dock Heater Portable Smart Ultra,605.00,2825311750103,,32
Portable Drone Max,260.00,8490133341217,,94
Portable Heater Compact Touch Wireless,880.00,4364784974862,,91
Speaker,171.00,9820970860661,,82
Fast Cooker 360 Compact,625.00,6999803817820,,71
Watch,439.00,5150703423745,,56
Digital Watch Thermostat Sense Silent,784.00,9182363928700,,71
Silent Fan Lite Premium Pro,116.00,8527121346234,,71
Mini Blender Blender Pro,205.00,0740333890946,,55
Clean Toaster Scanner Clean Fast X,300.00,7911899336404,,22
Smart Freezer,586.00,1533062060327,,88
Digital Microphone 360,422.00,1582281486944,,6
Compact Oven Drone 360,643.00,7540372277615,,55
Silent Fan Clean,856.00,2909614846319,,2
Mini Toaster Scooter Advanced Fast 360,793.00,6466552102243,,81
Smart Oven Trimmer Plus,523.00,1059187480784,,14
Smart Light Edge Max,375.00,1637199655309,,93
Blender Treadmill Tablet,200.00,3821851039103,,16
Portable Kettle Brush Fan Eco Advanced,358.00,9233852523699,,43
Scooter,223.00,4633687601398,,59
Rechargeable Keyboard Edge,561.00,0151761186318,,91
Bicycle,245.00,3303716114762,,23
Advanced Scale Wireless Premium,480.00,2192858069709,,38
Freezer,837.00,2423640758496,,1
Clean Fridge Printer Mouse Compact,863.00,3787522556693,,47
Wireless Scooter Advanced Digital,755.00,6721167973177,,26
Ultra Cooker Brush Silent,388.00,1753199388846,,49
Keyboard Kettle,840.00,9464308149037,,4
Clean Phone Go Edge Sense,9.00,1333773980453,,20
Ultra Heater,723.00,0134468536747,,54
Smart Cooler 360 Ultra Edge,73.00,2879015705778,,60
Digital Lamp Lamp Mini Silent,58.00,4526435843686,,27
Fast Trimmer Cooler Max Air Silent,370.00,6633896733178,,53
Premium Blender,129.00,1848185016916,,78
Ultra Bicycle Lock Fan Eco Sense Go,193.00,9277618866088,,34
Smart Microphone Clock Smart One Fast,959.00,0901939172540,,93
Automatic Webcam Toaster Air,663.00,6997554014703,,87
Digital Bicycle Lock Fan Rechargeable Max X,84.00,7099467069845,,91
Compact Speakerphone,296.00,2681088288719,,60
Tablet Tablet Kettle,299.00,4999504269876,,53
Heater Keyboard,43.00,9877333317157,,56
Compact Powerbank Radio,664.00,9654188882944,,6
Wireless Webcam Scooter,170.00,5883743813909,,72
Rechargeable Brush Fast Eco,394.00,9868884082540,,83
Lamp Grill,670.00,2749352737353,,77
Fan Iron Clock,433.00,9003454953145,,34
Compact Fan Phone X,761.00,5189877933767,,84
Pro Clock Lock 360 Mini,968.00,5518378750229,,77
Wireless Microphone Premium Air,949.00,6329310788632,,92
Shaver Mouse,316.00,6793185737307,,72
Smart Heater Mixer Shaver Edge,838.00,8197145965294,,47
Fan,458.00,9812552869179,,13
Wireless Dock Rechargeable,626.00,3855176520534,,26
Mini Vacuum Cooler Prime Mini Compact,611.00,2053001845178,,46
Pro Clock Lock,644.00,2065379090357,,78
Pro Mixer X Prime Sense,24.00,1695833538210,,89
Mini Fridge Air Plus,474.00,8249208578993,,91
Smart Radio Compact Automatic,363.00,3705456639053,,40
Silent Cooler Treadmill Edge Premium,292.00,5560096612624,,93
Charger,33.00,0065537946863,,58
Compact Phone Smart,199.00,7200197136138,,90
Mini Lock Silent,55.00,8636734046209,,1
Speakerphone Oven,768.00,1294784507155,,28
Smart Oven Speaker Fan,465.00,9365195530413,,20
Automatic Speakerphone Mixer Compact Air,628.00,5981766252634,,53
Pro Charger Bicycle Cooker Sense,836.00,5823855271341,,49
Wireless Powerbank Fast Digital,186.00,8303964012730,,34
Automatic Cooler,404.00,2427871106712,,58
Rechargeable Mouse,834.00,1153121609306,,79
Stove,951.00,7052135448113,,56
Advanced Tablet Digital Smart,401.00,2097930810517,,57
Rechargeable Projector Plus Compact,475.00,8732657129590,,98
Rechargeable Radio,694.00,3083877122935,,8
Portable Drone Vacuum Prime Pro Wireless,718.00,9746340958670,,69
Digital Lamp Freezer,387.00,5473659007082,,46
Compact Freezer Mixer Clean One Go,849.00,4429669518163,,2
Wireless Fan Digital Smart Mini,277.00,0394763927705,,96
Digital Vacuum Router Toaster Prime Prime Smart,387.00,7621099028978,,83
Clean Fan Iron Cooker Automatic,591.00,3331056744349,,90
Dock,178.00,8104134909412,,79
Automatic Charger,754.00,1419885844637,,73
Digital Thermostat Oven,994.00,5566064572204,,44
Rechargeable Speakerphone Oven Lite Silent,580.00,8784612342421,,71
Premium Iron,850.00,6358673874669,,48
Advanced Kettle Brush Fan Digital,264.00,0228589466929,,61
Smart Kettle Lite Fast 360,421.00,5420520077897,,92
Iron,459.00,1135998869823,,34
Digital Radio Plus Clean One,510.00,6302908615480,,56
Clean Speakerphone Clean Pro,882.00,1819247302018,,88
Camera,853.00,5305686723270,,71
Smart Scooter Compact,884.00,8322172554511,,30
Scanner Tablet Radio,921.00,7672957361058,,36
Advanced Tablet Blender,939.00,8386127339769,,90
Mini Phone Speaker Blender Lite,165.00,4125466876917,,44
Ultra Printer Freezer Compact 360,288.00,4786409065548,,3
Compact Watch Microphone Microphone,62.00,4547174018166,,52
Smart Lock Thermostat Plus Portable Mini,911.00,6339749436493,,45
Ultra Blender Treadmill Tablet,194.00,7448828642454,,51
Premium Fridge Printer Mouse Sense Touch 360,77.00,7909994618891,,27
Mini Camera Keyboard X,197.00,7668253673858,,3
Advanced Printer Charger Brush Smart Portable Digital,413.00,0995870712835,,65
Microphone Lamp Speaker,955.00,8606096044694,,77
Automatic Projector Brush Max,187.00,5333359260890,,74
Compact Drone Thermostat Headphones Edge,822.00,4959612668930,,85
Eco Tablet Router Printer Advanced Go,162.00,9158939747723,,86
Radio,152.00,3227459733106,,87
Smart Vacuum Router Toaster,391.00,9141604076228,,74
Fast Watch Headphones Kettle Portable Air,615.00,8901269271335,,54
Premium Trimmer Cooler Smart X,75.00,5185366755872,,12
Clean Tablet Touch One X,282.00,4463050576417,,11
Advanced Shaver Eco Premium,716.00,3165131464446,,17
Smart Mouse Prime Lite Edge,747.00,2514842667768,,5
Eco Vacuum Fan Pro,81.00,9720336828581,,53
Clean Keyboard Phone Scanner Plus Wireless One,576.00,8564928008613,,70
Mouse Powerbank Printer,662.00,7980092099416,,33
Fridge Printer Mouse,127.00,0073577800533,,90
Silent Camera Lite,786.00,5095553164144,,78
Smart Oven Speaker Fan Wireless,715.00,2021393293563,,89
Portable Vacuum Max Max,834.00,0722537722704,,65
Advanced Blender Fast,164.00,4999904484725,,63
Smart Treadmill,211.00,5236039896030,,34
Wireless Speakerphone,945.00,3582735769089,,18
Scanner,108.00,0556710450890,,35
Phone Speaker Blender,228.00,7335695204307,,48
Automatic Lamp Monitor Portable Max Automatic,450.00,7669959321821,,52
Digital Drone Printer Tablet,597.00,3148776494481,,83
Ultra Mouse Touch Fast,98.00,0300088028201,,64
Eco Lock Compact Edge,779.00,7328562160615,,73
Compact Fan,694.00,6657556398125,,3
Compact Grill Charger Headphones Silent,699.00,2024250658840,,64
Mixer Bicycle Fridge,833.00,3690025767919,,13
Ultra Camera 360 360,987.00,1142992536422,,31
Advanced Thermostat Camera Watch Compact Fast Portable,350.00,2617452885673,,53
Automatic Freezer Mixer Lock Portable Plus,210.00,4733907852705,,61
Fan,459.00,9126329474887,,38
Eco Fan Edge Plus,433.00,1386747492186,,60
Fast Projector Speaker Treadmill,845.00,8485525090248,,98
Smart Webcam Scooter Premium Pro,858.00,9390022732326,,68
Advanced Toaster Clock Monitor Digital Fast Go,138.00,4462132835046,,97
Ultra Treadmill Dock Rechargeable Wireless Rechargeable,333.00,2249441423018,,96
Premium Fan Sense,920.00,1173381840653,,31
Automatic Webcam Stove Grill,514.00,7300424300933,,47
Smart Lock Compact 360 Fast,623.00,6417623247875,,33
Pro Speaker Router Lamp Pro Air Mini,437.00,4298055993262,,56
Premium Brush Digital Smart Prime,906.00,6657458560439,,31
Smart Dock Rechargeable X,677.00,6700027894456,,66
Silent Trimmer Stove,22.00,0686227334779,,73
Compact Webcam,996.00,2165769837842,,7
Advanced Heater Keyboard,556.00,7928458494246,,77
Compact Oven Mouse Cooler Automatic Max,462.00,9861594054166,,41
Trimmer,877.00,5957543357151,,35
Digital Scooter Dock Shaver Mini Premium,159.00,7074949272791,,35
Router,277.00,1514102676876,,19
Pro Vacuum Prime Smart,830.00,0602196344885,,91
Vacuum Cooler,908.00,4720544156327,,58
Fast Heater Lite,948.00,2752021367317,,14
Pro Mouse Radio Light Pro Edge Max,277.00,3419493618055,,63
Smart Heater Thermostat Automatic Compact Prime,713.00,7301083318673,,97
Compact Lock Bicycle Clean,612.00,9075085839266,,86
Eco Heater Automatic Premium Touch,503.00,7891055100622,,45
Ultra Charger Lamp Portable,229.00,8092215515587,,40
Compact Watch Tablet Printer,147.00,3033596870617,,13
Pro Cooler Watch Fan Prime Touch Smart,557.00,3764273197436,,70
Portable Lock Thermostat Wireless Wireless Wireless,132.00,1317446020004,,95
Smart Bicycle Clock Lamp,484.00,0960672038155,,20
Mini Speakerphone Scanner Monitor Eco,76.00,1156945395035,,29
Advanced Treadmill X,463.00,4856949278378,,40
Silent Printer Plus Automatic Smart,996.00,0962585493953,,25
Scale Trimmer Grill,412.00,2524037797187,,72
Wireless Cooler Edge,437.00,1882602059162,,23
Digital Lock,997.00,0392309032432,,58
Wireless Camera Drone Fan Automatic,947.00,2541592605016,,36
Pro Iron Heater Ultra Touch,535.00,9976455700219,,92
Rechargeable Brush,481.00,8290096375256,,93
Compact Projector Brush,791.00,1586413485645,,99
Premium Light Webcam Cooker,709.00,5627131709890,,47
Advanced Watch Silent Ultra Premium,919.00,3822471389272,,47
Scooter,957.00,6865572875357,,30
Ultra Phone Iron Speakerphone Mini,676.00,2503358399768,,17
Premium Radio Iron Eco Pro Prime,452.00,1418826160232,,19
Silent Mixer Lamp Clean 360 Edge,206.00,5029406575696,,1
Mixer Heater,347.00,3736400292895,,21
Ultra Treadmill,435.00,8246685146394,,67
Ultra Scale,165.00,5401274247811,,10
Mouse Charger,56.00,0660699248925,,84
Fast Dock Dock Trimmer Sense 360 Touch,526.00,3317123896043,,97
Webcam Cooker Toaster,365.00,7824911702814,,53
Digital Lock Digital,815.00,5125641643203,,34
Pro Clock Router Fridge Air Max,999.00,0005507862328,,78
Mini Freezer Advanced Pro,214.00,5585598921555,,26
Fast Blender 360 Edge Clean,300.00,0110314729310,,1
Mini Printer Charger Brush,409.00,2202505748731,,53
Digital Thermostat Microphone Scooter Clean Sense,68.00,4364071426562,,82
Wireless Vacuum,433.00,3949326311872,,9
Mini Projector Oven Thermostat,271.00,3561272834818,,84
Mini Projector Mini,43.00,5267858146785,,82
Digital Scooter Go One,896.00,0378667595758,,57
Pro Scale Headphones,502.00,0738725834616,,50
Fan Scooter Trimmer,700.00,2932673928177,,38
Digital Speaker,706.00,8203578322785,,67
Digital Watch,747.00,7969554149777,,70
Ultra Keyboard Freezer Silent Fast,669.00,8316646431538,,24
Treadmill Dock,533.00,3975498914351,,81
Headphones Charger,114.00,5927649623962,,26
Iron,349.00,2296491889417,,27
Blender Scale,589.00,3230872959961,,61
Silent Lock Bicycle Smart,41.00,2095663128022,,29
Portable Router Scanner Automatic,590.00,1647352928669,,72
Advanced Router Lite,232.00,2365103199722,,12
Wireless Camera Vacuum Compact,368.00,2616743729016,,90
Fast Printer Fan Max Clean Compact,471.00,1545352288038,,82
Mini Radio Advanced Eco,789.00,8232082746084,,12
Digital Brush One,247.00,4971079206906,,62
Rechargeable Radio Treadmill Silent Ultra,545.00,6609468118742,,55
Premium Charger Bicycle Fan Lite Pro Silent,72.00,7669895133083,,71
Iron Toaster Projector,603.00,7311180875115,,57
Silent Dock Speaker Phone,750.00,8179755116945,,38
Rechargeable Camera Heater Webcam Silent Edge,859.00,8825386590066,,50
Eco Radio,238.00,3708257402628,,31
Wireless Mouse,660.00,4347211262275,,31
Smart Treadmill Prime,74.00,5922816347580,,72
Dock,309.00,9293621521752,,30
Wireless Scale One,889.00,3767110862917,,83
Smart Scale,231.00,9797651487779,,1
Wireless Light Drone,877.00,4842105284369,,46
Lock,912.00,1283006028165,,97
Fast Drone Speaker Speaker Eco Ultra,163.00,4020123760601,,9
Fast Radio Stove Shaver Premium Digital Wireless,998.00,8456420220597,,63
Eco Blender Treadmill Tablet X Silent,214.00,3961026553185,,74
Portable Keyboard,875.00,3806474775416,,91
Automatic Grill Tablet Fridge Portable Wireless Premium,266.00,9121027795111,,89
Wireless Keyboard X One Wireless,654.00,5554793197485,,26
Digital Stove Iron Smart Air Portable,94.00,1492512557056,,52
Smart Router Phone Go Ultra Portable,685.00,9485051904490,,95
Wireless Speakerphone Go,616.00,4009620014226,,34
Monitor Brush Monitor,791.00,6626889268382,,33
Portable Webcam Webcam Stove Smart,96.00,5086917726412,,99
Eco Vacuum Fan Max Rechargeable,795.00,9124590115300,,93
Ultra Scooter Bicycle Oven One,717.00,6252523905599,,94
Advanced Powerbank,436.00,0727082965095,,24
Premium Grill Trimmer,616.00,4883179539382,,34
Fan,604.00,3338628563353,,41
Trimmer,85.00,4311873448643,,16
Digital Heater Keyboard Digital Compact Plus,729.00,0332418879016,,44
Rechargeable Watch Microphone Microphone Plus Fast,718.00,2495507973861,,47
Fast Cooler Vacuum Pro,58.00,5826373460082,,37
Portable Radio Silent,824.00,2184536499922,,66
Ultra Mouse Sense,997.00,2545745356886,,79
Stove,966.00,1595184645028,,67
Premium Scooter X Sense,133.00,2837802589130,,16
Portable Trimmer,184.00,5841119003835,,70
Fan,773.00,8155356524815,,39
Clean Fan,527.00,1609322560422,,35
Pro Iron,31.00,4183246707523,,16
Ultra Drone Vacuum Advanced,823.00,9074458202119,,34
Dock Freezer Projector,247.00,9745118629576,,39
Compact Fan Scooter Headphones Digital Clean Air,939.00,1373274326381,,13
Fast Treadmill Portable,379.00,7411982071323,,32
Mini Router Keyboard,158.00,3061256367276,,25
Rechargeable Tablet Blender Eco Clean,482.00,0486861714148,,98
Premium Scooter Dock Shaver Clean Smart,510.00,3491651909786,,84
Mini Charger Max Compact,86.00,9447083258828,,62
Projector Brush,968.00,2209421401566,,64
Advanced Camera Bicycle Speakerphone Pro Plus,164.00,2544550322932,,86
Wireless Camera Clean,397.00,9069484359739,,74
Rechargeable Printer Smart Lite Lite,804.00,6533060005967,,88
Portable Drone Mini Eco Portable,856.00,3929786865832,,83
Fast Fridge Camera Prime,896.00,1981076587567,,46
Clean Scooter Wireless,930.00,0250207702690,,9
Clean Microphone Camera Go Wireless Mini,849.00,9333636206630,,94
Digital Printer Fan Shaver Automatic Premium Automatic,598.00,2897643525179,,93
Smart Mixer Vacuum,253.00,4640009384419,,26
Scale Headphones,927.00,0169680854355,,81
Smart Blender,317.00,4222818581526,,64
Fast Vacuum Router Toaster Go Max,720.00,4082582397088,,89
Advanced Heater,634.00,1785498302001,,92
Mouse,242.00,0042274910197,,24
Lamp Lamp,453.00,2248195494107,,96
Rechargeable Stove Light Eco,794.00,3241837347099,,96
Eco Clock Lock,726.00,3471342047188,,44
Rechargeable Radio,517.00,7151088539814,,83
Premium Speaker Smart,972.00,1848372768024,,48
Mini Iron Premium,474.00,3837337395151,,46
Printer Lock Thermostat,486.00,7900613641542,,59
Ultra Tablet Automatic Smart,798.00,5916918902167,,85
Charger Lamp,596.00,0669221358293,,5
Automatic Cooler Treadmill Compact,510.00,8360523071737,,21
Ultra Projector Edge,731.00,5159587278076,,93
Fast Printer Charger Brush Sense Silent,199.00,7170750213333,,33
Projector Brush,206.00,4921220070788,,71
Portable Scooter,395.00,1190292986805,,87
Fast Iron Monitor,227.00,7988757385812,,37
Eco Iron Thermostat X 360,629.00,6614090230366,,99
Digital Fridge Fan Lamp Plus,48.00,8685184783615,,18
Smart Grill Brush Watch,210.00,5132290099473,,26
Smart Watch Camera,718.00,7676152496232,,5
Wireless Thermostat Drone Heater Go Go,733.00,1882361699272,,52
Powerbank,935.00,6013787052500,,29
Digital Drone Printer,166.00,0501481686672,,80
Cooler,798.00,7983800098336,,27
Silent Drone Portable,285.00,5985431872622,,41
Printer Lock Thermostat,308.00,8549150744706,,64
Smart Toaster Oven Max Silent Plus,827.00,7732017812927,,32
Ultra Clock Lock,639.00,6442443703089,,21
Powerbank,624.00,4222922352043,,76
Compact Printer Prime,519.00,5321451907447,,70
Mini Fan Scooter Trimmer,852.00,0739294622383,,23
Smart Grill Phone,294.00,3168424740821,,5
Digital Iron Monitor Fast Touch,470.00,8947792953942,,56
Clean Lamp Lamp,237.00,8641547541193,,98
Lock,272.00,3243535450255,,67
Automatic Cooler Watch Fan Premium One Digital,792.00,5595866359393,,19
Advanced Cooler Plus Pro,779.00,5460966501853,,81
Digital Router Freezer Webcam Advanced Touch,751.00,9276309186245,,47
Automatic Kettle Brush Fan Plus Compact Clean,575.00,7165383757828,,99
Smart Grill Grill Scale,134.00,4659432255708,,96
Rechargeable Fan Thermostat,402.00,2137830416980,,46
Tablet,558.00,6846543378619,,21
Smart Thermostat Stove Lamp Prime Automatic Lite,820.00,5854572741176,,69
Silent Oven Trimmer Dock Touch Digital Lite,932.00,7364405840078,,41
Fridge Printer Mouse,903.00,5355647319585,,39
Portable Mouse Monitor Phone,518.00,8925651994824,,60
Clean Speakerphone Scanner Monitor,982.00,3879372722776,,26
Mini Camera Vacuum Smart,852.00,0702355602747,,92
Ultra Freezer Projector Webcam Lite,918.00,3316633627932,,69
Mini Drone Thermostat Headphones Touch Sense Automatic,391.00,6041237910384,,29
Eco Brush Blender Vacuum Go,528.00,1011013949780,,19
Advanced Dock Dock Trimmer Max 360 Digital,210.00,7490643332928,,26
Wireless Projector Digital,796.00,3250599212682,,35
Silent Treadmill Silent 360,626.00,0672447444329,,31
Clean Brush Portable Prime,934.00,0341844805087,,43
Advanced Fan Monitor Toaster Plus Edge,28.00,1454013513061,,22
Smart Drone Thermostat Headphones Wireless Clean Edge,297.00,8237021838646,,23
Ultra Vacuum Webcam Air Lite Edge,986.00,8444616916850,,78
Compact Printer,717.00,4126177351489,,64
Premium Brush Compact Plus Advanced,615.00,7720100992649,,38
Fast Clock Brush Ultra,803.00,2567759314737,,83
Mini Router Scanner Prime Air,820.00,5909896965354,,24
Smart Thermostat Camera Watch,318.00,6011786400261,,6
Rechargeable Brush One,602.00,6618191742506,,69
Mouse,754.00,3421422316161,,7
Automatic Camera Heater Webcam Smart,357.00,2825357400246,,60
Pro Charger Radio Plus 360,477.00,5296361422055,,64
Smart Blender Cooker Air Plus Sense,839.00,4159073076057,,77
Rechargeable Heater Smart Silent,698.00,9051251943326,,23
Rechargeable Lamp Scanner Vacuum Prime Automatic Ultra,952.00,6400872174672,,97
Fan Monitor Toaster,456.00,5728029916458,,78
Eco Cooker Premium Sense,179.00,3077741723762,,67
Drone Heater Scanner,984.00,5529817847202,,8
Fast Dock Air Mini,978.00,3226705832143,,47
Pro Drone Printer,819.00,4242642526180,,63
Compact Vacuum Printer Pro Pro,273.00,4292233782693,,86
Iron,180.00,5489237277662,,22
Automatic Printer Charger Brush Advanced,738.00,7702379757808,,96
Fast Brush,737.00,6838595502302,,97
Fridge,585.00,9270947847612,,47
Toaster Clock Monitor,947.00,1011641702665,,66
Mini Watch Mini,298.00,3792719326836,,99
Compact Mixer Lamp Go,458.00,8510598671503,,71
Ultra Monitor Eco Ultra,403.00,1313510677501,,16
Advanced Tablet Router Printer,878.00,0508100858403,,82
Premium Keyboard Speaker Go,465.00,1034467766796,,14
Portable Grill Brush Watch Automatic,404.00,3682185397976,,26
Silent Speakerphone Mixer Plus Automatic,801.00,8854244727818,,6
Pro Camera Treadmill Heater Prime,32.00,0517287251006,,76
Router Phone,876.00,7850841020162,,49
Clean Lock Prime Lite,445.00,0109455195597,,16
Portable Webcam Scooter Digital,691.00,5488455426104,,74
Automatic Shaver Digital X Touch,496.00,2424313487385,,27
Digital Fan Phone,447.00,3137012665211,,35
Dock Dock Trimmer,5.00,7896888842213,,68
Mini Shaver Prime,618.00,0119862126084,,47
Silent Dock Ultra Sense,230.00,5619653896615,,13
Smart Webcam Cooker Toaster,654.00,6446473443342,,11
Smart Blender,174.00,0944861137768,,32
Smart Lock Camera Clean,613.00,3735309258186,,94
Silent Shaver Thermostat,135.00,7049039707781,,5
Eco Toaster Scanner Air Portable Silent,301.00,5479477672266,,86
Rechargeable Scooter Smart,300.00,1284885019367,,53
Automatic Router Sense Digital Sense,244.00,8161181582333,,50
Rechargeable Toaster Air Automatic Prime,195.00,5133915174018,,2
Smart Speaker Router Lamp 360,137.00,3933814269691,,23
Vacuum,201.00,4418556268953,,37
Rechargeable Mixer Max,829.00,3920956209470,,5
Wireless Speakerphone Oven Edge Advanced Digital,107.00,7402174616033,,54
Portable Scooter Edge Go 360,225.00,0515437006759,,42
Ultra Tablet Tablet Kettle Lite Plus Eco,586.00,0073833150235,,95
Advanced Lamp Grill Touch,273.00,2086405556586,,67
Silent Fan Monitor Toaster Smart Mini Pro,857.00,4878603126030,,82
Fan,456.00,1893801405001,,60
Automatic Heater Stove Scanner,536.00,2387835046709,,42
Rechargeable Radio Radio Eco One,765.00,9075595578976,,53
Camera Monitor Charger,943.00,7268898336592,,60
Dock,784.00,3044809559595,,33
Clean Router Automatic 360,364.00,3506833163891,,63
Pro Toaster,923.00,6557881268547,,43
Stove Iron,496.00,6373173132484,,61
Premium Headphones 360 Lite,628.00,5556635243329,,79
Advanced Webcam Webcam Treadmill Sense Go,712.00,8510994178507,,83
Ultra Radio,864.00,2414284879999,,87
Wireless Iron Microphone Premium,417.00,6245784706005,,80
Advanced Watch Smart,575.00,9103682731970,,28
Smart Headphones Sense Plus Clean,837.00,1417420559480,,98
Smart Speaker,343.00,8126847521033,,70
Thermostat Camera Watch,333.00,9989940836164,,79
Mini Freezer Mixer Air Advanced,645.00,9140170401793,,97
Trimmer Clock,101.00,7815687522409,,10
Tablet Tablet Kettle,428.00,9304197798551,,43
Premium Watch Fridge,61.00,5761696030799,,47
Mixer Lamp,926.00,2690179322065,,31
Clean Trimmer Compact,129.00,2721368706523,,6
Rechargeable Dock Mini Ultra,847.00,1823512054397,,57
Advanced Keyboard Compact,322.00,2039198279699,,51
Digital Watch Touch Compact,558.00,5564466218676,,65
Eco Iron Edge,884.00,9830872425677,,67
Automatic Light Heater Clock,79.00,8195075228571,,96
Automatic Speakerphone Stove Tablet Rechargeable Ultra Lite,740.00,4663788843427,,19
Automatic Clock Router Fridge Digital Automatic,577.00,9513649873016,,29
Smart Fridge Max Mini,434.00,7520359518979,,8
Thermostat,932.00,9082910018383,,51
Premium Lock,613.00,9747276560210,,45
Premium Webcam 360 Fast,858.00,9608519901903,,24
Camera Vacuum,429.00,3297144243593,,11
Fast Mouse Mini Lite,92.00,7447894410653,,32
Premium Fan Cooler Vacuum Eco,413.00,0276622826988,,5
Eco Scooter Max,395.00,3739212538021,,12
Automatic Brush Clean,245.00,0764563323388,,61
Eco Blender Toaster Camera Silent Premium,343.00,0169608835237,,88
Pro Grill Phone,132.00,9778714363711,,91
Charger,468.00,5591764750942,,96
Digital Webcam Webcam Stove Wireless,49.00,3608755723624,,98
Pro Speaker,483.00,5102643512188,,9
Ultra Webcam Scooter 360 Go,478.00,0834308713948,,9
Portable Blender Treadmill Tablet Ultra,909.00,5639206095081,,9
Toaster Oven,943.00,9569626875320,,25
Ultra Brush Lite X,359.00,5769261767248,,6
Ultra Clock Router Fridge Lite Mini Digital,138.00,9890559161953,,69
Clean Fan Smart,750.00,7063184818451,,15
Mini Bicycle,880.00,4493928032561,,89
Automatic Dock Powerbank Speaker Clean Silent,685.00,6967100162684,,78
Premium Radio,272.00,9090733255151,,52
Digital Thermostat Drone Heater Digital Automatic Go,66.00,8579605245489,,4
Eco Treadmill Fast,448.00,5881500955329,,47
Digital Projector Eco,22.00,7716752465969,,31
Radio Mixer,653.00,1955007706969,,5
Wireless Brush Blender Vacuum Clean One,163.00,7084029957036,,23
Rechargeable Projector,804.00,1809991485181,,7
Silent Powerbank Router,237.00,7038980144844,,20
Mouse,573.00,0608371033063,,83
Ultra Toaster Go,180.00,7564330130705,,8
Eco Light Headphones Tablet Prime,229.00,8800020747273,,89
Automatic Shaver Drone Digital Smart,718.00,2766326886367,,63
Wireless Lock Digital,330.00,9276812456965,,47
Wireless Heater Thermostat Sense,152.00,0700098896522,,64
Smart Fridge Mouse Monitor Smart,746.00,4545413049445,,47
Pro Heater Mixer Shaver 360 Wireless Premium,399.00,9272730152514,,42
Smart Keyboard Speaker Fast Fast Plus,718.00,4216167606276,,90
Cooler,274.00,2082045986882,,7
Headphones,474.00,2454046133136,,31
Automatic Scale Headphones Eco Smart,992.00,2590079911256,,4
Ultra Keyboard Kettle X Clean,60.00,5611090352303,,17
Mini Radio Light Fan Air,521.00,3419447100544,,33
Powerbank Iron Brush,363.00,9180747863302,,76
Ultra Freezer Sense Go Fast,821.00,0466830738474,,97
Rechargeable Vacuum Router Toaster Rechargeable Max Plus,733.00,3988882211288,,50
Smart Brush Scale Grill One Go Sense,55.00,2029880279670,,3
Wireless Powerbank Scale 360 Eco Eco,788.00,6502704753076,,27
Smart Mouse Treadmill Phone Mini 360 One,336.00,1342010772522,,77
Digital Blender Prime,258.00,7366217210834,,3
Rechargeable Watch,864.00,9979327840419,,20
Compact Heater Monitor Max One Eco,576.00,0271437599102,,87
Wireless Mouse,812.00,1137244338541,,46
Digital Charger Lock Oven Portable Portable,175.00,2536241330692,,83
Silent Monitor Cooler Dock Eco Portable,631.00,7120713294664,,84
Silent Charger Radio,944.00,4878112664955,,26
Silent Radio Light Fan Air Edge,808.00,8986417958610,,50
Clean Fan Digital Air Fast,76.00,0057762369579,,10
Heater,388.00,1703797356679,,27
Portable Mixer Bicycle Fridge Sense Plus,845.00,3780183819251,,6
Digital Heater Smart Premium Mini,539.00,2320762268110,,32
Premium Brush Blender Pro Touch Wireless,423.00,9158722341114,,65
Advanced Speakerphone Charger Lite Smart,807.00,4791262773554,,9
Compact Tablet Blender Advanced Plus,938.00,2197087631512,,53
Smart Printer Fan Touch Sense Eco,579.00,3442690065667,,12
Microphone Lamp Speaker,739.00,5990117080864,,93
Rechargeable Scanner Tablet Radio Automatic Compact,661.00,1580339794478,,35
Grill Microphone Projector,50.00,0166552104440,,96
Wireless Blender Treadmill Tablet Premium Smart,947.00,4157830893794,,27
Clean Treadmill,955.00,0493551583403,,52
Portable Speaker Iron Grill Automatic Clean Max,887.00,3712943534821,,22
Ultra Dock Router Webcam,123.00,3120638497168,,6
Smart Lock Fast,553.00,6461377435958,,79
Ultra Keyboard Freezer Pro Pro Lite,928.00,0578595890905,,49
Silent Mixer Drone Toaster Prime X Air,918.00,6998170465696,,66
Rechargeable Microphone,885.00,4191085760319,,71
Ultra Lock Bicycle Edge Max Mini,194.00,4758008824130,,39
Premium Dock Trimmer Advanced X,878.00,7785847498267,,87
Premium Speakerphone,280.00,3437185220836,,51
Compact Grill Compact Wireless,694.00,8814139309536,,95
Automatic Freezer Phone Ultra Plus,956.00,4878407681292,,38
Portable Watch Tablet Printer Fast Pro,746.00,8481363579655,,98
Scooter Bicycle Oven,797.00,8400546104477,,45
Smart Tablet Router Printer Lite,308.00,0913015168859,,91
Clean Tablet Microphone Trimmer Prime Digital,783.00,1626982918288,,55
Mini Router Keyboard Prime Pro,289.00,9209170667162,,49
Powerbank Projector,838.00,8718086406891,,8
Speaker Tablet Headphones,725.00,6555090235497,,50
Clean Mixer Router Phone Eco Clean Clean,95.00,2826983208329,,39
Pro Brush Scanner Premium X,758.00,2197071584862,,72
Smart Vacuum Printer X 360,952.00,6080810301164,,81
Mixer Vacuum,290.00,7312176946062,,28
Rechargeable Mixer Edge,258.00,2858379135223,,74
Compact Toaster Lite Sense Portable,54.00,3452704330353,,58
Fast Camera Vacuum Go Rechargeable Advanced,532.00,5194120964771,,56
Automatic Projector Oven Thermostat Plus Touch,970.00,7270617949471,,11
Digital Brush One Digital 360,804.00,4419735172924,,16
Rechargeable Heater Radio Touch Premium Silent,800.00,3949490666976,,68
Compact Charger,74.00,5836058550861,,30
Rechargeable Dock Powerbank Speaker,569.00,7559755515473,,41
Smart Microphone Camera Clean,762.00,9770541684878,,30
Ultra Projector One Touch Advanced,96.00,9411679123937,,89
Pro Scanner Monitor Treadmill Rechargeable Pro One,712.00,9264234700155,,57
Eco Vacuum Webcam Max,908.00,3451577650001,,11
Compact Printer Automatic,133.00,0085854340755,,93
Smart Fan Eco Ultra Mini,53.00,3870595517729,,92
Silent Dock Freezer Projector Advanced Compact,656.00,6086400241292,,73
Rechargeable Grill Grill Scale Eco,527.00,7324783793922,,43
Clean Scooter Scale Cooler One Touch,925.00,0323125882222,,38
Smart Printer Ultra Touch,296.00,0141045889424,,37
Silent Powerbank Cooker Iron,232.00,3999514449498,,76
Mini Projector,174.00,6105093092711,,29
Silent Microphone Cooler,720.00,3987200296761,,11
Smart Phone Speaker Blender Silent Portable,850.00,5219037030743,,49
Eco Router Premium Ultra,575.00,4211881778551,,90
Wireless Iron Thermostat,415.00,7806136914357,,92
Rechargeable Trimmer X Fast Automatic,699.00,2367185899156,,11
Premium Heater Mixer Shaver One Silent Silent,204.00,9750525641554,,86
Smart Keyboard,390.00,0519443287577,,52
Premium Mixer,512.00,0617953820540,,85
Smart Scooter Dock Shaver Premium Digital Smart,551.00,5648260166545,,92
Trimmer Shaver,832.00,9099851816053,,65
Digital Radio,583.00,2527192371278,,75
Smart Phone Sense Automatic,344.00,1393541525309,,21
Ultra Keyboard,999.00,9600133562775,,74
Advanced Microphone Camera Fast,62.00,1940606715368,,72
Portable Cooler,600.00,7750016778907,,69
Powerbank Router,305.00,4599047502029,,33
Premium Fan Sense Wireless,977.00,7849868967291,,86
Compact Cooler Fan Go 360 Prime,678.00,8716251544041,,56
Ultra Camera Max 360 One,234.00,4339642019818,,67
Mini Dock Trimmer,583.00,3484580097778,,58
Pro Scale Trimmer Grill Smart,548.00,7810881178032,,44
Ultra Trimmer Cooler,284.00,7125105489888,,50
Portable Printer,94.00,0194354743673,,68
Mini Webcam Printer Plus Go,777.00,2210086136021,,59
Ultra Speakerphone Mixer Pro Smart Clean,166.00,7940337547911,,8
Silent Mixer One,123.00,7377859544874,,75
Smart Dock Freezer Projector Edge,250.00,5816163584531,,42
Compact Lock Camera Advanced Compact Sense,689.00,7290929961824,,71
Compact Lock Lamp,601.00,8293166087431,,79
Clean Tablet Edge,464.00,8931485455387,,22
Camera,721.00,2184412306399,,89
Ultra Fan Iron Cooker Automatic,742.00,6105282428628,,22
Smart Webcam Stove Grill Mini,579.00,6045130064144,,80
Phone Grill,425.00,2456509736038,,43
Smart Lamp Scanner Vacuum Mini Edge,481.00,3444217063798,,73
Digital Cooler Treadmill Compact,96.00,9975382830068,,7
Rechargeable Fan Monitor Toaster,183.00,8694235437865,,57
Smart Camera Treadmill Heater Air,460.00,6314224790925,,44
Automatic Scooter Microphone,250.00,9016730731825,,22
Compact Keyboard Phone Scanner Wireless One,310.00,1401273286761,,57
Compact Thermostat Stove Lamp Edge,249.00,3369204587081,,86
Trimmer Clock,850.00,2140905905609,,82
Smart Lamp Automatic Fast Premium,45.00,5541423794961,,68
Mouse Heater,966.00,7328930536363,,13
Radio Radio,118.00,1580855383255,,44
Silent Grill Trimmer Pro Rechargeable Eco,142.00,4140279206676,,35
Headphones Monitor,778.00,2116116686866,,4
Mixer Vacuum,928.00,8560538922486,,37
Digital Camera Router Fan Ultra,69.00,2932767304573,,54
Silent Drone Heater Scanner Silent Compact Smart,543.00,3404664649600,,39
Scale Toaster,42.00,6736332015910,,9
Automatic Scale Trimmer Grill,455.00,3697242636318,,20
Charger Treadmill,300.00,8289678770107,,26
Radio Mixer,290.00,2173254657486,,7
Bicycle Clock Lamp,818.00,2010708118936,,98
Smart Powerbank X,11.00,6140016839677,,16
Mini Bicycle Premium Ultra,666.00,2748523493081,,78
Silent Shaver,919.00,7573398484798,,11
Mini Scale Headphones Smart,578.00,4571091284083,,3
Radio,511.00,2824423838709,,60
Digital Clock Brush Pro Advanced Rechargeable,437.00,5981049906230,,99
Charger Treadmill,998.00,0443775680945,,30
Silent Thermostat Camera Watch,485.00,9789644417566,,92
Cooler Treadmill,81.00,5451646133525,,14
Clean Webcam Webcam Treadmill Go Edge,593.00,0567608708825,,58
Charger,824.00,1682181301252,,93
Rechargeable Lamp Freezer Ultra,598.00,6042220780038,,57
Premium Camera Wireless Portable,927.00,0270718336719,,58
Smart Printer,592.00,8861617500299,,79
Premium Mouse Charger,90.00,1480549447594,,60
Clean Speaker Tablet Headphones Prime X Prime,55.00,7631713938088,,25
Clean Charger Radio Smart,149.00,4884286376914,,86
Pro Dock Freezer Projector,678.00,0854619346611,,99
Smart Lamp Lamp Kettle,893.00,0958714548175,,33
Smart Radio 360 Silent,764.00,2813423035584,,94
Blender Treadmill Tablet,40.00,3024897579668,,37
Portable Radio Touch,916.00,1933311781322,,60
Advanced Scale Clean,925.00,7973455825173,,77
Charger Bicycle Cooker,859.00,3315234215364,,63
Blender Cooker,519.00,6584901597226,,4
Portable Kettle 360 Rechargeable,48.00,7620678938004,,71
Eco Powerbank Projector Mini,588.00,3877115726104,,15
Mini Thermostat Stove Lamp X Premium Eco,564.00,9051238597641,,56
Pro Projector Brush,11.00,6910548705142,,88
Digital Router,8.00,1018285545450,,61
Brush,262.00,4348588788788,,3
Bicycle Lock Fan,855.00,9613980548342,,36
Silent Speakerphone Oven Eco,441.00,3437832350138,,50
Fast Bicycle Scooter Premium 360 Smart,127.00,3462007201021,,46
Smart Light Drone 360 Max,56.00,6227996184109,,31
Fast Microphone Camera Plus Advanced Digital,912.00,5752760700823,,66
Ultra Webcam Scooter 360 Silent,695.00,1167323174524,,4
Clean Drone Sense Air,139.00,1046687968553,,36
Premium Brush Premium Lite Portable,255.00,6666450039058,,21
Clean Scale Trimmer Grill Mini Premium Touch,721.00,6234981229677,,89
Silent Clock Brush Max Advanced,789.00,8354757066980,,4
Router,288.00,1864523418990,,15
Pro Camera Router Fan Air,704.00,5391063796708,,84
Ultra Oven Mouse Cooler Fast Mini,277.00,4177746677844,,46
Pro Watch Grill,474.00,9223465590645,,21
Digital Speakerphone Stove Tablet,887.00,3611404788530,,42
Automatic Powerbank Scooter Plus,141.00,3648843278360,,60
Phone,661.00,9555405369869,,9
Ultra Oven Drone,359.00,3771563712422,,89
Portable Cooler Clean Compact,664.00,6939576371679,,32
Eco Tablet Router Printer,522.00,4839677137889,,33
Charger Tablet Brush,9.00,1347220919972,,63
Silent Iron Cooler Iron Lite Smart Edge,66.00,9828218238197,,58
Radio,989.00,7637965266177,,48
Smart Iron Toaster Projector Mini One Prime,366.00,5625385298436,,70
Rechargeable Drone Thermostat Headphones Max,688.00,2400971790944,,40
Digital Shaver Drone Rechargeable,488.00,0546663510468,,20
Smart Lamp Freezer Rechargeable Rechargeable,929.00,5366741257673,,47
Portable Fridge Fan Bicycle Sense Fast,559.00,4282390313328,,90
Microphone Clock,800.00,7562716217224,,10
Printer Lock Thermostat,728.00,6696011599592,,75
Digital Vacuum Router Toaster,718.00,1785968071093,,53
Silent Iron Heater Go,697.00,6702485204068,,63
Rechargeable Clock Lite,542.00,6198976235336,,40
Clean Fan Cooler Vacuum One,956.00,0272853494392,,51
Automatic Camera Heater Webcam Advanced Silent One,61.00,2095675605993,,71
Fan,324.00,6538314472151,,33
Eco Iron Monitor Portable One,31.00,9564142530098,,65
Digital Light Webcam Cooker Eco Fast,725.00,2459608669436,,59
Portable Mouse Treadmill Phone X,451.00,7850559529209,,84
Projector Oven Thermostat,19.00,3077524662127,,89
Compact Oven Mouse Cooler Go Wireless Clean,250.00,3468391317621,,64
Rechargeable Mouse Mouse Router Air,620.00,9020087257358,,58
Smart Router Phone,526.00,1412767309750,,66
Pro Radio Treadmill Air Fast Rechargeable,238.00,6765159565797,,84
Ultra Drone Printer Tablet Go Digital,989.00,7032333834949,,1
Clean Lock Blender Prime,611.00,4972126598739,,43
Portable Heater Mixer Shaver Sense Sense Premium,40.00,8219991909885,,77
Pro Drone Printer Tablet Ultra Mini Sense,908.00,3546837044062,,70
Pro Watch Grill Pro,831.00,6034138725317,,9
Compact Fan Iron Cooker,925.00,3352250665391,,92
Fast Oven,798.00,8292221259431,,58
Fast Radio Stove Shaver Automatic X Pro,459.00,2858795310884,,64
Automatic Watch Touch Smart Plus,681.00,6427698340722,,84
Compact Thermostat Oven Smart Plus Premium,802.00,3368952955814,,42
Smart Scale Toaster Premium Touch,410.00,7781336841200,,24
Advanced Light Drone,108.00,9562291552114,,8
Fast Cooler Clean,541.00,5152786856205,,31
Scooter,102.00,6390321017509,,68
Premium Phone Go Premium Edge,94.00,6724041584476,,33
Pro Microphone Lamp Speaker,857.00,9903972134166,,57
Mixer Freezer Trimmer,90.00,0875664811701,,73
Compact Radio X,746.00,6134884131384,,82
Eco Fan Cooler Vacuum,448.00,3769453989368,,6
Clean Brush Lock Lite Rechargeable Smart,697.00,9064420523403,,72
Fast Lock,9.00,8117083928656,,49
Smart Mixer Toaster Toaster Eco Air Compact,380.00,7849803032220,,67
Mini Light Headphones Tablet X Eco,598.00,4224458402032,,16
Wireless Keyboard Touch,522.00,5847909670676,,91
Compact Radio Rechargeable Mini,918.00,8305330417927,,92
Ultra Lamp,574.00,3585352301809,,22
Fast Scale Stove Smart,69.00,2764209200934,,93
Fast Printer Charger Brush Compact,995.00,2444324293508,,92
Portable Keyboard Ultra,759.00,3314336001141,,56
Smart Cooker Clean Digital Wireless,413.00,7340463769193,,52
Eco Camera Vacuum Pro Portable Compact,129.00,6379455029305,,11
Pro Fridge Printer Mouse Compact,634.00,2687484278330,,49
Wireless Watch,747.00,6955958970124,,97
Smart Printer Ultra Fast,744.00,0879403711307,,63
Smart Fan Phone Plus,24.00,9075955160407,,40
Portable Router Edge Ultra One,599.00,9303930743803,,50
Thermostat,866.00,4448631479370,,98
Speakerphone,766.00,3622280113958,,34
Router Lamp,967.00,1781863924199,,58
Portable Heater One,558.00,3020140434043,,59
Fast Treadmill,971.00,0829876335753,,70
Digital Brush,496.00,4940909837887,,20
Automatic Bicycle Speakerphone Printer Silent Fast Clean,551.00,1748198781255,,34
Fast Fan Thermostat,260.00,9773251221692,,46
Mini Toaster Light Monitor Premium 360 Air,884.00,3374473481213,,42
Pro Speaker Automatic Rechargeable,537.00,8055815770350,,73
Premium Brush,726.00,0033160159561,,67
Tablet,494.00,3374060126749,,13
Eco Mouse Charger Smart,164.00,8784001314930,,58
Smart Toaster Clock Monitor Eco,231.00,1201476018592,,19
Eco Router Phone Plus Plus Fast,877.00,8040597554335,,87
Rechargeable Powerbank,489.00,5553614111334,,46
Compact Mixer Freezer Trimmer Automatic Lite,87.00,7002248784950,,27
Wireless Shaver Blender 360 Compact,251.00,2400345095521,,90
Fast Mouse One,697.00,5821480662848,,80
Mouse Heater,777.00,9534342622886,,16
Radio Treadmill,960.00,1110759657864,,80
Wireless Powerbank Iron Brush Wireless Smart,212.00,0613030526374,,85
Compact Watch Wireless One,315.00,2216734442384,,20
Eco Stove Monitor Tablet Digital Eco,817.00,6577717559373,,4
Mini Charger Lock Oven 360,41.00,8962184566845,,83
Treadmill,402.00,1068033625231,,26
Fast Drone Air,688.00,7984732937083,,56
Smart Tablet Speaker Scooter,125.00,0225043823663,,39
Premium Speaker Router Lamp Smart Edge Rechargeable,234.00,7164538871068,,3
Clean Iron Cooler Iron,436.00,4126841560865,,21
Portable Mixer Vacuum Mini Smart One,246.00,8050290473840,,8
Smart Freezer Phone Smart,46.00,7085970990585,,99
Fast Freezer Projector Webcam Smart X X,770.00,9487192215831,,51
Eco Light Drone Fast,607.00,9526022349640,,57
Eco Fridge Fan Bicycle Pro,577.00,8969505706430,,57
Fan Monitor Toaster,646.00,2598544017151,,80
Wireless Cooker Touch,9.00,8669967244265,,74
Premium Iron Thermostat,428.00,8480008515188,,24
Premium Watch Thermostat,921.00,3657892928430,,27
Clean Monitor Brush Monitor,231.00,1710607213244,,7
Smart Clock Brush Silent,77.00,0408216383342,,30
Fan Clock Camera,799.00,3878717216659,,32
Advanced Heater Radio Advanced One Mini,817.00,3212791224399,,40
Mini Speaker Keyboard,870.00,9653417230419,,77
Digital Treadmill One Sense,736.00,1409564618048,,30
Monitor Brush Monitor,400.00,4963957032363,,48
Automatic Brush,520.00,8106103394861,,40
Lock,828.00,2147577095621,,45
Premium Grill,366.00,5470410332131,,82
Automatic Trimmer Cooler One Go Air,574.00,4361983318602,,22
Clean Dock Speaker Phone Fast Edge,54.00,6768323501584,,36
Advanced Mouse Max Smart,858.00,0821022631160,,92
Vacuum,975.00,7063457196880,,60
Charger Radio,723.00,9990017164479,,61
Wireless Freezer Powerbank Watch Automatic Go Compact,616.00,7447052341324,,79
Fast Lock,387.00,1753254556340,,87
Blender Blender,487.00,0000772173551,,68
Silent Mouse One Automatic Portable,632.00,7476487475991,,86
Cooler Watch Fan,510.00,4298794476569,,58
Rechargeable Mixer Heater Compact,239.00,8603494638036,,48
Fast Fan Fast Digital Lite,451.00,5871085611833,,26
Charger,734.00,4237146344217,,16
Eco Camera Drone Fan,544.00,2947788880883,,45
Mini Powerbank,871.00,8103584251393,,5
Grill Trimmer,358.00,9783327461051,,86
Clean Lock Bicycle,137.00,1907181981823,,54
Phone Iron Speakerphone,192.00,6266412127931,,14
Mini Camera Monitor Charger Smart,654.00,7534812547505,,33
Mini Monitor Light,100.00,0597852906470,,83
Clean Scanner Tablet Radio Clean Prime,246.00,3262681302096,,78
Smart Dock Dock Trimmer Wireless,850.00,5232162395501,,64
Smart Heater Mixer Shaver Plus Go Prime,391.00,5685894509225,,6
Mini Freezer Phone 360 Fast,638.00,0056136715783,,89
Automatic Freezer Phone Digital Compact Silent,176.00,7905555802532,,12
Thermostat,788.00,1733721167538,,50
Ultra Thermostat Speaker,790.00,5685940499357,,56
Router,995.00,5926769808655,,95
Automatic Blender Cooker Advanced,649.00,2438306695435,,34
Digital Brush Lock Pro,793.00,8554653579427,,36
Digital Mouse Silent Mini X,996.00,9284808722185,,1
Ultra Scanner Mouse Fast Go,451.00,8161006168001,,13
Portable Router Touch Rechargeable One,796.00,1801633007232,,52
Pro Radio Treadmill Prime Touch Sense,171.00,4950842451484,,70
Mini Blender Cooker Edge Lite X,617.00,8959370718249,,13
Pro Stove Air,291.00,0124351841799,,4
Ultra Charger Bicycle Cooker,345.00,7657965727133,,39
Digital Radio Treadmill,549.00,3224125024698,,81
Clean Lock Pro,957.00,7502883657638,,45
Smart Vacuum Cooler,811.00,5826249391540,,50
Smart Blender Fast,985.00,0869659884535,,65
Eco Charger Lamp Silent,841.00,8502462414491,,94
Silent Lock 360,398.00,8972354381680,,75
Headphones Monitor,435.00,8517577719621,,61
Pro Tablet,99.00,1194874299758,,70
Freezer Projector Webcam,196.00,5064942239732,,18
Digital Toaster Scooter Silent Prime Rechargeable,488.00,1791807239142,,41
Fast Vacuum Router Toaster Clean,395.00,7258516086879,,98
Advanced Stove Light Lite Prime,652.00,7875133192631,,41
Clean Oven Drone Portable,816.00,4312378671314,,91
Clean Thermostat Camera Watch Premium,910.00,2045641444804,,17
Pro Brush Blender Vacuum X Lite Lite,744.00,8535294391319,,75
Mini Watch Thermostat Compact Go,711.00,1617877996092,,94
Portable Dock,10.00,6177677447149,,44
Brush,462.00,9146685625426,,29
Portable Trimmer Portable,471.00,7701680857368,,87
Eco Stove Light,17.00,4954774767491,,77
Freezer,145.00,8452652737827,,4
Portable Mouse Monitor Phone Max Plus Wireless,964.00,2598528477865,,70
Portable Kettle,732.00,2400791994331,,75
Scooter Dock Shaver,911.00,3420700113157,,65
Watch Tablet Printer,437.00,1819692315977,,20
Clean Watch Thermostat,873.00,7872238010426,,79
Dock,346.00,0890283483160,,12
Eco Toaster Oven Air Go,531.00,5099365381959,,56
Premium Lock Clean,188.00,2804765732965,,74
Ultra Phone Thermostat,880.00,0428922157860,,6
Silent Iron Monitor Eco Smart,681.00,7104026080572,,64
Ultra Speakerphone Smart,300.00,9196224127546,,78
Advanced Scanner Drone Prime Automatic 360,456.00,7430757299205,,63
Eco Radio Mixer Air,718.00,6437877218285,,57
Advanced Stove Light Silent Clean,273.00,6303768155192,,35
Portable Thermostat Microphone Scooter Prime,628.00,7705439456208,,22
Smart Drone Speaker Speaker Portable,152.00,7786136201292,,90
Printer,952.00,2574440178950,,67
Scooter Scale Cooler,281.00,5859041058304,,69
Automatic Dock Compact 360,530.00,9786720968110,,56
Rechargeable Bicycle Microphone,58.00,2457080785408,,95
Compact Keyboard Lite Fast One,600.00,3806715010474,,26
Compact Drone Printer Tablet Max Advanced X,790.00,7296240122395,,66
Eco Heater Keyboard Lite Digital Premium,954.00,3755751916830,,73
Smart Iron Heater 360 Touch Edge,615.00,5654979314269,,66
Blender Cooker,506.00,1591475309310,,85
Compact Scale Trimmer Grill Rechargeable Lite,272.00,8962224226883,,31
Smart Toaster Clock Monitor Wireless Smart,874.00,7191611656960,,1
Mini Mouse Speaker Cooler Eco,269.00,1660571004242,,91
Pro Fan,21.00,1531809791091,,23
Clean Kettle One Air Air,450.00,0885459047185,,83
Mini Scanner Keyboard Monitor 360,261.00,4025667215556,,60
Eco Projector Lite Touch,481.00,1270143662536,,98
Pro Powerbank X Fast Compact,477.00,3387097165902,,43
Compact Scale Headphones Smart,66.00,7090100361760,,25
Wireless Scanner Tablet Radio,400.00,9026174520169,,9
Compact Phone Thermostat Eco Portable Prime,562.00,8933111393674,,6
Blender,974.00,5483271772190,,71
Camera,803.00,4553462224171,,13
Ultra Drone Thermostat Headphones Fast One,878.00,1839888162178,,14
Shaver,513.00,5306211302847,,45
Clean Camera Heater Webcam Edge,849.00,5329089862282,,17
Digital Freezer Mixer Lock,56.00,1215738341052,,98
Fast Keyboard Mini One,355.00,6628790346173,,88
Clock,198.00,4190140732261,,1
Ultra Vacuum Iron Phone Max 360 Mini,895.00,5006853836860,,14
Smart Radio Silent,246.00,1575861230358,,69
Smart Mouse Portable Lite Mini,308.00,9433323362400,,31
Digital Microphone Clock,422.00,6024409803516,,93
Thermostat Camera Watch,117.00,8823892885850,,90
Ultra Thermostat,730.00,4360023769381,,83
Clean Blender Ultra,658.00,0488477075392,,52
Pro Trimmer Shaver Eco,635.00,0914241198245,,91
Pro Drone Mini Clean,369.00,3592268929041,,85
Smart Grill Tablet Fridge Pro Go One,892.00,8942072787231,,78
Wireless Router Freezer Webcam Air Smart,605.00,6126442599873,,75
Eco Fan Lamp,664.00,4439502416822,,92
Automatic Brush Go Max,158.00,6219323974828,,22
Mini Drone Printer Plus Air One,34.00,7078560415841,,8
Dock Speaker Phone,592.00,1737345432119,,38
Wireless Microphone Heater Portable X Advanced,449.00,2320059761447,,69
Pro Trimmer Webcam Heater Clean,674.00,4105850830435,,70
Blender,106.00,6098801584304,,5
Premium Router,478.00,9408324503602,,36
Rechargeable Monitor Brush Monitor,567.00,5532025877145,,45
Smart Iron Drone,686.00,7922164240326,,4
Clean Kettle Eco Smart Lite,94.00,8255471090513,,30
Premium Speaker Powerbank Camera,870.00,6248724028168,,22
Portable Vacuum Iron Phone Automatic Smart,691.00,1923812427584,,21
Compact Heater One Rechargeable,749.00,1338579395500,,82
Pro Fridge Mouse Monitor Max,348.00,3546172595922,,71
Ultra Treadmill Lite Compact,343.00,3359222412977,,19
Rechargeable Vacuum Smart Ultra,415.00,0313216073851,,42
Mini Bicycle Ultra Touch Silent,560.00,7455842417616,,44
Charger Cooker Thermostat,302.00,4676373975922,,40
Portable Lock Compact,34.00,8238998689552,,85
Eco Brush Silent Fast,134.00,6272299631508,,5
Smart Trimmer Stove Go,623.00,0291233223964,,23
Drone Heater Scanner,196.00,4389616924747,,29
Premium Mixer Clean Rechargeable Fast,653.00,0763483632754,,22
Pro Projector Pro Edge,511.00,9377043383836,,29
Eco Keyboard Go,964.00,4643899250147,,5
Silent Lamp Monitor Edge Portable,793.00,0672198179600,,14
Wireless Vacuum Webcam One Silent Ultra,166.00,3554159085557,,28
Toaster Oven,87.00,3216431416113,,47
Digital Radio Radio Prime,806.00,5389187091199,,47
Advanced Brush Eco,90.00,2432538683369,,86
Silent Headphones Smart,91.00,5255590090732,,19
Smart Fan,854.00,7063789589992,,95
Ultra Headphones Charger 360 Silent Rechargeable,833.00,7830379076329,,53
Portable Headphones Stove X 360,983.00,2092532670422,,84
Charger Bicycle Fan,745.00,5549001351896,,15
Compact Charger Lock Oven,18.00,8904788132439,,27
Eco Toaster Scanner Silent One Wireless,562.00,7463446307608,,19
Lock Lamp,962.00,8573840502239,,27
Printer Freezer,407.00,5013067335881,,41
Router Lamp,604.00,5493486287778,,14
Compact Fan Mini Edge,160.00,7126294798188,,64
Premium Kettle Brush Fan Automatic,28.00,5263451816766,,77
Smart Radio Lite,15.00,5260837959369,,40
Smart Scale Treadmill Touch Compact,939.00,4547032509393,,84
Grill Grill,393.00,8147389741581,,73
Smart Trimmer Shaver,610.00,9432237563262,,10
Mini Microphone Cooler Plus 360 Max,828.00,5087256739637,,20
Smart Treadmill Fast Go Mini,699.00,2713983115460,,5
Freezer,754.00,5303599921981,,73
Premium Headphones Smart,133.00,2525795981160,,40
Clean Printer Webcam Mini Smart,114.00,2150506830101,,58
Premium Printer Freezer Edge Advanced Wireless,682.00,3992176067192,,81
Advanced Heater Sense Silent,379.00,6426736479325,,26
Watch Microphone Microphone,841.00,4212395162928,,92
Wireless Radio Clean Pro,834.00,2265965019551,,19
Pro Scale Compact Max Compact,832.00,5921193054319,,84
Charger Lock Oven,256.00,2516860541860,,17
Smart Scanner Tablet Radio Automatic,810.00,4715357613228,,90
Digital Shaver Blender Touch Air,263.00,4675128003118,,72
Digital Scale Eco,712.00,2046676787409,,8
Grill Microphone Projector,976.00,2832123296088,,91
Mini Camera Router Fan Mini Automatic Wireless,950.00,2821951083427,,23
Lock,137.00,7937767976183,,37
Automatic Thermostat Speaker Mini,182.00,9576054677570,,82
Cooker Mouse Bicycle,303.00,4513717546540,,12
Advanced Webcam Trimmer Projector,927.00,4243887223438,,39
Advanced Kettle Premium Smart Smart,170.00,3058977571402,,30
Rechargeable Charger Tablet Brush One,493.00,3759029527339,,96
Premium Microphone Headphones Fast Compact,607.00,6196609641851,,87
Portable Heater Mixer Shaver Go,119.00,7848010985282,,18
Smart Radio Edge Plus Smart,467.00,8825444869684,,61
Automatic Grill Tablet Fridge Fast Automatic,477.00,9853064252042,,47
Pro Webcam Dock Heater Silent Pro 360,43.00,7332095414817,,92
Dock,765.00,0476960044888,,27
Portable Webcam Dock Heater Automatic 360 One,99.00,3182711068054,,9
Silent Cooler Treadmill Edge Air,277.00,0562063565600,,80
Compact Toaster Oven Compact,65.00,8222229302754,,75
Portable Printer Mini Plus Smart,353.00,5902562295182,,69
Automatic Brush Blender Vacuum Smart Rechargeable,74.00,9919072287787,,20
Premium Fan Thermostat,867.00,1703937792558,,55
Portable Tablet,782.00,6663604604698,,73
Mini Phone Grill Smart Wireless,933.00,3876642572208,,98
Clean Drone Thermostat Headphones Rechargeable One Eco,924.00,2723403624601,,92
Rechargeable Iron Heater,633.00,4320143903065,,81
Pro Fan,963.00,7081260518781,,14
Thermostat,642.00,2944797470333,,1
Compact Mouse,582.00,7709291600786,,46
Clean Microphone Clock Edge Rechargeable Digital,401.00,8990422777616,,71
Compact Fan Lamp Automatic X,143.00,4461457122732,,78
Tablet,757.00,4508790175800,,82
Eco Treadmill Dock Ultra Premium Wireless,849.00,6824299957975,,4
Compact Watch Tablet Printer Sense,735.00,1200026190245,,24
Ultra Dock Mixer Router Automatic Compact Pro,289.00,4028661037179,,45
Eco Grill Tablet Fridge Pro X 360,26.00,2077123119429,,24
Portable Radio Treadmill,203.00,6513014197504,,72
Smart Webcam Projector Oven,644.00,4345314110530,,26
Pro Drone Thermostat Headphones,818.00,3406010574758,,4
Automatic Oven Scale Rechargeable Prime Touch,619.00,3258216286764,,95
Scanner Shaver Powerbank,264.00,7010341267003,,80
Smart Brush Scanner Max Rechargeable,651.00,2741305807564,,96
Portable Cooler Watch Fan Touch Pro Wireless,298.00,5711258085309,,8
Microphone Camera,943.00,8599341109395,,99
Digital Lock Lamp Wireless Smart,808.00,2993046049653,,48
Stove,805.00,1536775075688,,56
Advanced Microphone Clock,352.00,4207078541015,,72
Premium Mouse Clean,673.00,2461495827936,,19
Fast Light,698.00,2981863219724,,16
Eco Lock Thermostat Silent Fast,140.00,5656297301679,,13
Silent Microphone Premium Max Fast,6.00,2071315596111,,4
Digital Freezer,518.00,1127485775977,,28
Wireless Headphones Charger Eco,64.00,4901962557204,,56
Portable Speakerphone Charger,83.00,2374638961780,,56
Automatic Vacuum X,993.00,3084089709891,,35
Portable Thermostat Trimmer Eco X X,766.00,9719831728861,,19
Smart Scale,155.00,6114526383173,,57
Wireless Speakerphone Oven Go,904.00,9719124093294,,18
Premium Mixer Heater Sense,247.00,6947187973847,,16
Premium Brush Edge Go,689.00,5223023456011,,94
Speakerphone Mixer,674.00,7922020388537,,77
Ultra Lamp Lamp Kettle X,862.00,8183462242408,,10
Premium Thermostat Stove Lamp Touch Touch,181.00,3188395887769,,34
Bicycle,452.00,0986568081029,,44
Smart Cooler Watch Fan Pro Smart Advanced,258.00,5979877969060,,53
Silent Tablet X,356.00,0669522728320,,15
Ultra Scale Clock Advanced Go,496.00,5109969187243,,80
Ultra Bicycle Scooter Edge,833.00,1099966994583,,47
Automatic Freezer Mixer,267.00,5307953435909,,37
Ultra Projector Oven Thermostat Portable,141.00,5545163406160,,17
Ultra Webcam Powerbank,527.00,6334276465237,,69
Ultra Fan Iron Clock Wireless,586.00,8706432458588,,93
Advanced Vacuum Iron Phone Silent Advanced,52.00,8870835505047,,84
Automatic Webcam Mouse Portable Smart Plus,288.00,3997499530477,,78
Automatic Tablet Sense,744.00,2848518141208,,25
Router Keyboard,116.00,3079947931484,,12
Premium Brush Blender Vacuum Edge One Smart,611.00,0118760826485,,18
Blender Treadmill Tablet,672.00,2521974199036,,34
Pro Tablet,888.00,0777208326507,,58
Digital Grill Microphone Projector,672.00,1878396401478,,20
Rechargeable Mixer Drone Fan,211.00,4121372874917,,88
Router Keyboard,833.00,6500026287255,,93
Clean Mixer Lamp Advanced,952.00,2345343798619,,67
Premium Blender Toaster Camera,882.00,6243387206786,,79
Ultra Lamp Lamp,959.00,5391974719384,,68
Smart Powerbank Cooker Iron One Fast 360,57.00,6159101868034,,23
Camera Treadmill Heater,890.00,5176271931048,,89
Advanced Brush Ultra 360,21.00,7764049805387,,81
Pro Fan Ultra Portable Sense,843.00,6596018479982,,76
Printer Lock Thermostat,19.00,3345381641051,,3
Advanced Lock 360 Clean,49.00,8561629862964,,43
Compact Shaver Grill Go Fast Lite,772.00,7372411754463,,2
Tablet,435.00,6021741864496,,87
Wireless Toaster Clock Monitor Compact Sense Wireless,838.00,2017139799413,,17
Smart Cooker Brush Premium Prime,650.00,4563609338753,,25
Rechargeable Microphone Lamp Speaker One Touch,654.00,6010356039870,,38
Wireless Grill Grill Scale Portable Premium Automatic,237.00,2144186163673,,19
Pro Radio Go One,797.00,1017863395876,,59
Wireless Lamp,623.00,1123984920313,,17
Premium Mouse Radio Light,537.00,6805160052173,,68
Fan,177.00,7302417002152,,7
Freezer Powerbank Watch,447.00,7579905708289,,69
Ultra Mixer Freezer Trimmer Eco Smart Mini,109.00,3222400233926,,68
Ultra Tablet Smart Compact,483.00,3095109075247,,7
Silent Mixer Drone Fan X,703.00,0107259668774,,83
Advanced Scooter Max,676.00,8734397895209,,20
Pro Iron Thermostat Sense Touch,765.00,7930935856713,,92
Rechargeable Treadmill,234.00,7075536064690,,10
Portable Scanner Mouse Premium Compact,835.00,7535358851644,,80
Advanced Printer Fan Shaver Automatic Go Ultra,877.00,0189029933695,,46
Fridge Mouse Monitor,962.00,4002154674225,,77
Ultra Brush Fridge Drone Digital Rechargeable Ultra,171.00,2202842830366,,91
Smart Oven Drone Mini 360,25.00,7378963129568,,47
Silent Fridge Freezer Edge,255.00,2464411086578,,44
Stove Vacuum Speaker,195.00,7576335670728,,43
Advanced Bicycle,602.00,6383726439960,,47
Digital Powerbank Projector Go Automatic,703.00,9953557390043,,53
Smart Lamp Freezer,848.00,3798080164459,,14
Pro Dock Fast One,816.00,2835300953415,,40
Smart Powerbank Iron Brush,136.00,1589425910853,,7
Eco Scooter Bicycle Oven 360 Rechargeable Smart,740.00,3606113764128,,83
Ultra Fan Smart,829.00,5092809497605,,65
Eco Scale Headphones Pro,607.00,8843174226416,,10
Portable Vacuum Digital Sense,770.00,3827305447579,,56
Shaver Blender,321.00,3711631270652,,60
Wireless Vacuum Lite Compact Ultra,51.00,4976327355306,,57
Drone,404.00,4273720161368,,58
Powerbank Projector,855.00,5222136538911,,40
Digital Charger Lock Oven Pro 360 Ultra,258.00,0520623818207,,75
Smart Mixer Heater Portable Smart 360,646.00,1896478716838,,74
Charger Stove Watch,451.00,7813140132639,,83
Compact Thermostat Camera Watch Lite,704.00,4153087227962,,58
Smart Printer Fan Shaver,935.00,5640827233325,,82
Projector,194.00,0873259300326,,32
Eco Cooler Vacuum Smart,337.00,2862196853147,,2
Smart Fridge Lite Rechargeable,566.00,7152717729507,,39
Mouse Monitor Phone,79.00,7469633532792,,42
Rechargeable Speaker Keyboard,410.00,6426625829705,,27
Smart Lock Thermostat X Rechargeable,7.00,1065412728330,,55
Eco Camera Drone Fan Silent Prime,53.00,0080742914346,,28
Automatic Router Phone,339.00,5869907571021,,80
Blender Toaster Camera,291.00,0555645411396,,11
Fast Fridge Eco,440.00,8001708162146,,98
Blender,497.00,8182138619490,,63
Trimmer Webcam Heater,558.00,9709865768223,,23
Advanced Dock Router Webcam Rechargeable,46.00,4624070264221,,64
Ultra Speaker Powerbank Camera,125.00,9652611934802,,44
Mini Speaker Portable Portable,547.00,5875472180049,,95
Drone Printer Tablet,122.00,3190141487833,,74
Portable Vacuum,799.00,4933488344938,,29
Advanced Projector Speaker Treadmill Mini Ultra Digital,703.00,4653483812705,,85
Fast Stove Edge,403.00,4814938860843,,7
Charger Bicycle Fan,544.00,4835969850009,,28
Wireless Headphones Charger,66.00,0095547654267,,63
Portable Powerbank Portable,403.00,2480326065200,,28
Ultra Fan Lamp,700.00,2455147960447,,40
Compact Grill Wireless Wireless Lite,240.00,6240412339822,,36
Mini Vacuum Cooler Premium Prime Touch,700.00,8663506335346,,50
Clean Bicycle Max Sense Eco,528.00,7586504409820,,33
Smart Keyboard Touch Automatic Clean,557.00,5385228219881,,87
Freezer Mixer,155.00,5725259892194,,4
Compact Camera Wireless Plus,280.00,2535889643676,,94
Portable Projector,430.00,1489930364243,,18
Freezer Powerbank Watch,286.00,3014486042772,,50
Light Headphones Tablet,830.00,1345480353864,,57
Fast Fan Iron Cooker Compact,317.00,3818352329420,,89
Smart Grill Brush Watch Digital Advanced Smart,484.00,5107701702648,,28
Smart Trimmer Heater,811.00,7474958378994,,80
Pro Printer Freezer 360 X Digital,174.00,4293411306779,,36
Rechargeable Camera Prime,832.00,9915892644410,,98
Compact Heater Radio Pro 360 Smart,826.00,1360453191397,,21
Silent Projector Silent Portable Wireless,671.00,9559448462464,,69
Smart Light Drone Mini Advanced Eco,337.00,3102847672499,,94
Smart Monitor Cooler Dock Lite Smart Compact,47.00,8672296636205,,42
Rechargeable Lock Fast Edge,112.00,7130210057907,,97
Advanced Watch Ultra 360,582.00,4841743076398,,60
Smart Headphones,707.00,6390791403765,,23
Rechargeable Speakerphone Oven Wireless,651.00,6957601974343,,76
Ultra Fridge Cooker Wireless,376.00,9150990603949,,92
Compact Phone Speaker Blender Sense Eco Advanced,119.00,4322176137028,,22
Digital Charger Bicycle Fan Digital Sense Ultra,398.00,3306176473486,,41
Smart Fan Lamp Mini Silent,297.00,0568361044144,,32
Mini Radio Radio Lite X Ultra,410.00,3538715110310,,10
Advanced Fan Powerbank Automatic,441.00,7997953306880,,80
Kettle,569.00,3124888923682,,99
Thermostat Drone Heater,776.00,1041905921297,,88
Advanced Charger Smart,154.00,8703942768435,,78
Silent Router Automatic Mini,173.00,0987949489298,,48
Ultra Mixer Heater Edge,12.00,1725622865941,,8
Mini Tablet Blender X,21.00,8965366112861,,79
Bicycle,839.00,4751675648375,,29
Fast Scooter Microphone,254.00,7090759646140,,39
Wireless Vacuum Shaver Max Go,593.00,3906997924633,,78
Fast Projector,172.00,2550724723634,,68
Iron Monitor,264.00,1256099457280,,2
Ultra Monitor Light One Portable Premium,746.00,8695287329313,,76
Fast Scanner Sense,416.00,8894516026522,,4
Headphones Monitor,529.00,6150750965228,,1
Dock,580.00,2739119245801,,90
Powerbank Scale,221.00,9875316975769,,78
Heater Thermostat,571.00,4581004770930,,11
Shaver Mouse,966.00,9737550469469,,88
Compact Mixer Air,109.00,4102330646517,,56
Automatic Fridge Fan Bicycle Fast Advanced,678.00,4615704536982,,1
Pro Powerbank,66.00,6505918696788,,26
Premium Camera Fast 360,749.00,4332494932724,,23
Freezer Projector Webcam,235.00,1627478099795,,71
Dock Mixer Router,912.00,3804637364354,,50
Smart Powerbank Cooker Iron,483.00,0129688787680,,59
Treadmill,996.00,6583482164506,,97
Premium Thermostat Printer,883.00,7769611429978,,64
Ultra Scooter Dock Shaver Premium One Plus,534.00,9152967273254,,29
Digital Light Toaster Air 360 Max,908.00,3416110615893,,44
Radio,289.00,3653143222708,,90
Silent Fan Compact Lite Ultra,583.00,3320188349232,,34
Compact Speakerphone Automatic Fast,299.00,6676986712332,,68
Ultra Light Heater Clock Smart Lite,170.00,0472764085188,,87
Fast Phone,514.00,5797691121880,,85
Smart Tablet Microphone Trimmer Touch,399.00,1453930254620,,33
Mini Powerbank Cooker Iron Plus,767.00,3771772349624,,30
Premium Mouse Charger Smart,530.00,8519974535101,,47
Wireless Webcam Mouse Portable Prime,610.00,5724306632707,,42
Pro Camera Keyboard Rechargeable Portable One,254.00,9162357336971,,12
Fast Treadmill Rechargeable Clean Pro,478.00,6448536635114,,73
Pro Light Drone Edge Sense,283.00,7963834002257,,33
Ultra Webcam Stove Grill Portable,813.00,2948332349382,,60
Clean Phone X Portable Mini,84.00,6259822015714,,95
Toaster,963.00,2425035386116,,98
Premium Fridge Mouse Monitor Lite Go Prime,78.00,2567672694077,,91
Eco Scale Digital,88.00,3095501235270,,10
Router,379.00,2072961651865,,96
Pro Microphone Treadmill Oven,905.00,0485690693778,,70
Premium Toaster Clock Monitor,763.00,6779328747839,,61
Smart Keyboard Freezer Rechargeable,911.00,0826695848884,,23
Eco Dock Powerbank Speaker Silent Lite,522.00,2930365201898,,9
Ultra Projector Speaker Treadmill Digital,648.00,1479359415350,,6
Eco Charger,104.00,8478750359341,,76
Eco Dock Trimmer Max Portable,314.00,8881629674146,,96
Heater,861.00,9853724751397,,47
Premium Cooker Brush,871.00,0780607037462,,33
Automatic Mouse,994.00,1389215732722,,83
Wireless Lock Camera,188.00,6640918160782,,96
Fast Brush Sense Mini,891.00,9926876524963,,2
Pro Headphones Prime Max Mini,711.00,6641347344705,,4
Smart Charger Cooker Thermostat,164.00,3477979629414,,82
Premium Treadmill Digital Go,291.00,2356657461717,,34
Advanced Lock Edge,891.00,6791103618844,,22
Portable Mouse Edge Fast,153.00,2106502745413,,10
Pro Thermostat Camera Watch,640.00,5510194342152,,68
Wireless Shaver,822.00,7135859271578,,20
Automatic Trimmer Heater Advanced Eco Pro,22.00,9486681712417,,96
Fan,821.00,6204639292926,,93
Charger Lamp,461.00,4634300600668,,19
Eco Watch Microphone Microphone Edge Silent Clean,918.00,8540690077569,,48
Kettle,204.00,6432760859521,,69
Automatic Camera Vacuum,74.00,6251855869999,,48
Rechargeable Freezer Projector Webcam Eco Plus Rechargeable,3.00,5856703268019,,86
Mini Scale Touch,991.00,9216096711497,,79
Thermostat,679.00,4387528385182,,81
Heater Stove Scanner,438.00,4485557642792,,95
Automatic Charger Bicycle Cooker Pro Silent,513.00,6110946381959,,80
Automatic Projector,407.00,6285646261570,,94
Eco Headphones,311.00,6937507804852,,16
Portable Speaker Smart,954.00,0059007047228,,23
Grill Grill Scale,417.00,6526619969568,,1
Digital Projector Speaker Treadmill Go,793.00,8251386371488,,22
Shaver Thermostat,228.00,2116014941852,,25
Portable Light Webcam Cooker Plus Sense,857.00,8576702113826,,31
Smart Freezer Smart Portable Ultra,968.00,9437529237463,,11
Smart Watch Grill Edge,132.00,8170552454865,,4
Radio,473.00,3538463049344,,86
Smart Radio Bicycle Cooler Premium,775.00,4815708040588,,42
Digital Brush Blender,11.00,0395501454200,,27
Drone Heater Scanner,549.00,5560884849263,,25
Fast Powerbank Mini Wireless,929.00,7511920204636,,73
Silent Speaker Lite Sense,71.00,8398456734917,,85
Premium Grill Touch Premium Smart,846.00,4762319051925,,74
Silent Printer Go Pro Go,752.00,4963284670375,,25
Digital Camera,467.00,6752061098345,,17
Monitor Cooler Dock,303.00,0876917279828,,86
Fast Stove Monitor Tablet,353.00,8364580388944,,18
Ultra Radio Stove Shaver,656.00,6984414823797,,12
Digital Dock Smart Smart,956.00,5507118596609,,57
Advanced Scanner Tablet Radio Max Mini,877.00,4370127000075,,62
Webcam Scooter,33.00,3207551638448,,79
Fast Webcam Printer Fast Advanced,871.00,1059769694882,,95
Mini Speaker Silent Ultra,108.00,9632320891047,,71
Oven Scale,372.00,0068874364888,,58
Fast Grill Advanced Smart Edge,602.00,0711111305754,,14
Rechargeable Dock Smart Lite Lite,688.00,5707183978779,,44
Rechargeable Drone Printer Tablet Automatic Silent,384.00,9987105359831,,72
Advanced Speakerphone Go Rechargeable,74.00,7675869697659,,67
Printer,392.00,0831565002389,,37
Smart Scooter Microphone Touch Silent,265.00,4248119104363,,58
Premium Thermostat Oven,344.00,3728323120102,,53
Silent Watch Fridge Mini Go,65.00,6376133506554,,91
Silent Kettle Touch Clean,631.00,5363572541889,,73
Fast Watch Premium Max,731.00,0767171617849,,59
Premium Radio Light Fan Edge,499.00,4162096246826,,66
Clean Grill Tablet Fridge,183.00,3606911734248,,31
Rechargeable Printer Edge X,381.00,8515565942877,,96
Lamp Scanner Vacuum,120.00,8625812545284,,53
Silent Scanner Tablet Radio Mini,311.00,2998222498713,,16
Shaver,504.00,6432295608588,,50
Rechargeable Lock,904.00,6566791251211,,8
Digital Heater Keyboard,322.00,0442936986773,,93
Eco Projector,155.00,0813344844878,,61
Advanced Treadmill 360,1.00,1125177061797,,7
Eco Cooker Brush Clean Air Lite,75.00,8281370167452,,30
Headphones,860.00,8255848435510,,25
Fridge Freezer,713.00,7886528787875,,41
Blender Scale,388.00,7948971639825,,60
Advanced Scooter Scale Cooler Wireless Mini,214.00,1288661565017,,77
Pro Speakerphone Oven Touch,829.00,6153743633272,,56
Silent Dock Smart,845.00,6386643365312,,54
Fast Dock Premium Compact Smart,178.00,3725235961021,,73
Advanced Trimmer Heater,964.00,6769183026828,,8
Pro Projector Brush,491.00,0743008027692,,12
Wireless Trimmer Webcam Heater Silent Fast,189.00,8845966467854,,94
Smart Mixer Heater,183.00,3336487315175,,98
Premium Freezer One Air Prime,807.00,1463252636479,,9
Radio,688.00,3437118020120,,7
Pro Grill Grill,613.00,7702957505333,,7
Ultra Mouse,992.00,4213280569617,,6
Eco Speaker Iron Grill,523.00,9513364093270,,45
Automatic Tablet Go Sense,959.00,9663456791925,,66
Mini Light Drone Premium Prime,87.00,1320972747192,,2
Automatic Powerbank Projector Plus Edge,246.00,6192118713348,,59
Silent Tablet One Eco Silent,132.00,0015939174180,,77
Advanced Headphones Monitor Air Smart,868.00,4378274785500,,95
Projector Speaker Treadmill,301.00,8953750523171,,93
Premium Camera Touch,482.00,6537109180363,,80
Smart Treadmill Portable Premium,55.00,9148396203801,,93
Webcam Projector Oven,730.00,2281925687554,,27
Premium Radio Eco,624.00,7605370712268,,4
Smart Mouse Mouse Router One,866.00,9954104436108,,19
Portable Thermostat Automatic Air Automatic,324.00,1675658363105,,71
Oven Trimmer Dock,338.00,2651910714242,,95
Mixer Bicycle Fridge,879.00,1448829719120,,42
Smart Mixer Vacuum,437.00,7873360858740,,22
Smart Radio,11.00,4952869472121,,70
Ultra Brush Lock Smart,513.00,8552382266809,,30
Shaver Blender,901.00,6121436716632,,50
Automatic Heater Mixer Shaver Portable Touch Lite,645.00,0362868235018,,56
Smart Radio Radio Plus Clean,987.00,4832931936334,,62
Clean Webcam Bicycle Camera 360,854.00,4069562631394,,26
Premium Iron Toaster Projector Sense Go,235.00,1713546902934,,6
Vacuum,473.00,8020062359603,,20
Portable Speakerphone Air,345.00,9701802702048,,4
Automatic Kettle Vacuum,4.00,1465612787692,,38
Premium Webcam Powerbank,348.00,7335982431294,,16
Automatic Watch Headphones Kettle Sense Digital,22.00,3177296801950,,95
Portable Shaver Drone Fast Lite,318.00,8212586929732,,57
Wireless Drone Speaker Speaker,268.00,5235517365747,,57
Projector Brush,909.00,6663132625035,,97
Digital Watch Microphone Microphone X Smart Automatic,825.00,6259689659557,,19
Blender Scale,464.00,9325906047265,,51
Wireless Webcam Powerbank Ultra Air,445.00,7058211041155,,84
Compact Toaster Light Monitor Silent Clean Wireless,531.00,9574430066406,,38
Wireless Drone Speaker Speaker,614.00,8168469703626,,89
Brush Fridge Drone,138.00,0739429138758,,68
Advanced Tablet Compact Clean Lite,139.00,1828366386298,,89
Silent Scale Toaster Digital Clean Smart,679.00,7832010268483,,2
Smart Cooler Max Digital Portable,178.00,6904121893296,,53
Digital Thermostat Stove Lamp,625.00,9208128910121,,81
Smart Clock Brush Rechargeable Wireless,496.00,6325850429905,,33
Iron Monitor,931.00,2337042233232,,35
Phone,703.00,8025408180316,,56
Digital Powerbank Wireless Air Portable,186.00,8411190919232,,98
Digital Watch Headphones Kettle Smart Rechargeable,928.00,2041423081007,,3
Smart Fan Iron Clock Silent,271.00,1787664092914,,35
Fast Watch Max Sense Automatic,91.00,1877186400684,,53
Charger Stove Watch,882.00,2995830812368,,64
Advanced Camera Drone Fan Wireless Digital,791.00,1061954633323,,50
Pro Fan Cooler Vacuum Automatic,403.00,3676158440813,,43
Smart Bicycle Lock Fan Mini Premium,263.00,8464648189510,,71
Compact Scanner Monitor Treadmill,274.00,7907769791695,,80
Advanced Keyboard Speaker Premium,281.00,7292811293044,,66
Webcam Projector Lock,18.00,6138320408719,,77
Smart Trimmer Heater Silent,46.00,8862003439025,,60
Advanced Router Keyboard,799.00,4225250946335,,14
Eco Iron Monitor X,183.00,5965458687393,,30
Automatic Dock Speaker Phone Prime Silent,21.00,8539278498261,,78
Lock,786.00,7688856131456,,86
Clock Lock,220.00,1642442244506,,58
Fast Toaster Oven Plus Lite,800.00,4824390670959,,73
Pro Camera Treadmill Heater Digital Pro Prime,511.00,0239222028978,,56
Ultra Fan Iron Cooker Wireless Smart,952.00,0361985880880,,69
Oven Drone,966.00,1644813653122,,92
Oven Speaker Fan,275.00,8802988800939,,36
Fast Microphone Lite Eco,128.00,4924850083104,,80
Trimmer Clock,403.00,5097644234835,,33
Compact Router,367.00,7415862686225,,2
Microphone Headphones,397.00,7949455811478,,35
Premium Cooler Smart Wireless Wireless,943.00,4009704318417,,54
Premium Freezer Air,339.00,3928326097535,,31
Smart Drone Speaker Speaker X,672.00,6397683811165,,73
Thermostat Trimmer,522.00,3754582621500,,40
Compact Trimmer,723.00,1836664501749,,84
Eco Blender Prime,585.00,3875198889433,,86
Rechargeable Lock Lamp,997.00,5518944666022,,7
Trimmer Stove,674.00,0107714647665,,7
Camera Heater Webcam,809.00,5922196602194,,18
Grill,563.00,6027704358279,,21
Mini Radio Mixer Ultra Air,196.00,4624554571623,,17
Powerbank,550.00,0277151019278,,47
Clean Drone Digital Rechargeable,402.00,3964890612231,,93
Radio,37.00,3043706076969,,59
Fast Powerbank Scooter,212.00,4615939224081,,35
Premium Mixer Drone Fan Go Lite Portable,36.00,1217738275870,,27
Ultra Heater Monitor Rechargeable,14.00,7970288907540,,84
Camera,542.00,4821503499476,,6
Premium Microphone Heater,199.00,0401717630977,,24
Rechargeable Brush Air,272.00,4092504224897,,66
Smart Charger Radio Digital Pro Silent,319.00,4236081017767,,83
Silent Charger Monitor Brush Plus Portable Ultra,606.00,3370733042101,,64
Eco Lock Blender Go Wireless,252.00,0062154387536,,76
Powerbank,385.00,6882667299881,,1
Compact Phone Iron Speakerphone One Smart,172.00,2155536904822,,96
Silent Powerbank Clean,566.00,0765326109713,,94
Wireless Dock Silent,196.00,6086840916460,,25
Fast Cooker,181.00,2867146806181,,87
Pro Charger Go,661.00,7566729251459,,97
Wireless Dock Speaker Phone X,62.00,3603471475642,,7
Premium Mixer Vacuum X Clean Air,504.00,8041403791784,,25
Silent Thermostat Camera Watch,650.00,5894643986761,,76
Fan,8.00,2590353261299,,44
Automatic Treadmill Smart Mini,354.00,3591044351816,,70
Portable Mixer Treadmill Prime Sense Smart,411.00,9709741034176,,32
Compact Watch Tablet Printer Edge Pro Pro,895.00,3331376094445,,76
Clean Scooter Dock Shaver,761.00,9358314647031,,57
Clean Lock Touch,118.00,2209362095299,,16
Clean Iron Thermostat Prime,231.00,0374160006029,,59
Keyboard Speakerphone Fan,312.00,4936321021645,,63
Mouse,490.00,6172844081911,,86
Pro Heater Premium Smart,988.00,8488254840719,,90
Fridge,771.00,1541618848893,,77
Eco Thermostat Advanced,734.00,7264733307079,,18
Advanced Scooter One Air Portable,345.00,8577960801821,,90
Wireless Mouse Radio Light Smart Portable,949.00,8067859614606,,47
Rechargeable Keyboard Kettle Plus,338.00,7095260577266,,81
Compact Radio Bicycle Cooler Smart Automatic,17.00,3558897505346,,36
Rechargeable Dock Compact Fast,652.00,8642195680890,,52
Portable Router Touch Ultra Plus,700.00,3436009547715,,79
Rechargeable Dock Freezer Projector Clean Wireless Mini,61.00,1583484635412,,19
Digital Monitor Cooler Dock,78.00,0486996075855,,53
Brush,750.00,2554750107970,,77
Drone,614.00,6065434563167,,43
Rechargeable Stove Light Ultra,328.00,3149165244700,,76
Portable Cooker Mouse Bicycle Pro Pro Max,477.00,9244353951164,,26
Mini Iron Monitor,3.00,2907017570053,,24
Compact Mixer Drone Fan Mini Air Clean,620.00,3375826983811,,24
Rechargeable Freezer Projector Webcam Air 360 Smart,526.00,1946891176525,,31
Heater Keyboard,341.00,0098212084017,,25
Compact Cooler Treadmill,52.00,7541877352203,,87
Silent Charger Tablet Brush 360 Air,758.00,1087639213338,,52
Fast Vacuum Shaver,676.00,7378252474775,,6
Automatic Toaster Scooter Fast,664.00,2356052887761,,21
Ultra Light Webcam Cooker Mini X Sense,622.00,5860022877463,,69
Smart Mixer Toaster Toaster,244.00,9829028548681,,88
Compact Mouse Treadmill Phone Touch,468.00,3457182521583,,28
Automatic Microphone Clock 360 One Lite,929.00,0860927142678,,15
Pro Fan Iron Cooker,313.00,8066343234436,,42
Automatic Grill Edge One,458.00,1557058116393,,62
Mini Scale Clock Portable Portable X,235.00,3507596598722,,13
Mini Webcam Stove Grill,820.00,7228996447064,,34
Silent Cooler Advanced One,669.00,3692897151247,,22
Mini Heater Mixer Shaver Plus Compact,291.00,1330037198869,,41
Portable Mixer Vacuum Max Smart Pro,475.00,5787224761812,,90
Pro Fridge Cooker Pro,389.00,6371456306706,,16
Trimmer Webcam Heater,146.00,4685571629797,,44
Smart Brush Scanner Air Sense Rechargeable,578.00,9219059568435,,53
Digital Heater Keyboard Rechargeable Prime,367.00,6517601003063,,78
Portable Heater Toaster Stove Sense Eco,785.00,7998843441674,,11
Digital Printer,256.00,4225370326048,,74
Wireless Microphone Lamp Speaker Prime Premium,748.00,2802901619309,,99
Silent Fan Drone Monitor Digital,561.00,9695685166199,,80
Ultra Kettle Vacuum,687.00,9089009344408,,59
Compact Vacuum Mini Digital,609.00,4129744484085,,83
Wireless Stove Iron Edge Smart,983.00,2545173744729,,52
Webcam Webcam Treadmill,540.00,3437862309359,,16
Wireless Fan Pro Advanced Air,450.00,8148034000213,,57
Smart Scooter,318.00,7475414410302,,62
Smart Phone Iron Speakerphone Silent Prime,323.00,3176941469293,,25
Advanced Projector Speaker Treadmill Sense Eco Clean,261.00,9328345380344,,57
Smart Lock,611.00,5046707169409,,59
Mini Trimmer Cooler Advanced 360 Clean,4.00,6269586589468,,91
Ultra Thermostat Microphone Scooter,133.00,5040330381399,,3
Wireless Blender Treadmill Tablet X,313.00,6883848937233,,64
Radio Iron,236.00,8827653334069,,56
Fan,172.00,7026251790173,,28
Advanced Tablet Cooler Fridge Max Edge,384.00,6138729341655,,3
Smart Heater Radio Clean Air Smart,796.00,9420300867850,,47
Mini Watch Plus,881.00,7192276392620,,74
Portable Monitor Brush Monitor,242.00,8456790708633,,76
Smart Grill,882.00,1369742936923,,14
Ultra Trimmer Cooler,559.00,4637771315772,,80
Wireless Webcam Projector Oven Ultra One,674.00,3358909681279,,67
Mini Brush Scale Grill X,581.00,7404300619604,,61
Shaver Mouse,351.00,7789000499528,,92
Portable Shaver Grill,95.00,2904242821608,,71
Shaver Grill,65.00,7278758630166,,40
Cooler Vacuum,906.00,1533896854369,,64
Advanced Vacuum Fan Advanced Compact,771.00,2758208448039,,25
Compact Vacuum Router Toaster Silent,953.00,5582595887846,,92
Smart Speaker Keyboard Wireless Edge Silent,274.00,2831697494197,,7
Keyboard Freezer,589.00,0916204728230,,13
Tablet,745.00,6369935575651,,69
Dock Trimmer,105.00,0934872243312,,50
Mini Dock Sense Fast,734.00,4970627095061,,62
Fan Scooter Trimmer,11.00,4047721574898,,95
Eco Fan Iron Cooker,188.00,5924131001314,,91
Compact Heater Cooker Plus Wireless,327.00,8051479911184,,60
Ultra Fan Thermostat,250.00,0313525400805,,38
Ultra Speakerphone Compact,323.00,7094243864911,,88
Smart Stove Vacuum Speaker Max 360 Compact,250.00,2581553705799,,98
Advanced Vacuum Clean One Automatic,964.00,7928492717493,,86
Eco Heater Thermostat Plus Go,904.00,9231918592115,,7
Fast Scale Trimmer Grill,798.00,1032589073822,,13
Wireless Keyboard One Premium,261.00,3199489393295,,85
Projector Oven Thermostat,427.00,4321719836732,,18
Advanced Mouse Treadmill Phone,832.00,6276290266660,,61
Smart Treadmill Dock Air Eco,534.00,8654353611004,,52
Portable Powerbank Rechargeable Go Eco,133.00,7823115250916,,42
Eco Watch Microphone Microphone Fast Mini,503.00,8125302427682,,46
Premium Dock Wireless Smart,934.00,9206264464843,,8
Wireless Projector Speaker Treadmill Lite Sense Wireless,438.00,9924897810560,,63
Portable Scooter Advanced,613.00,9706848627171,,56
Portable Freezer Phone Prime Fast Smart,398.00,2367383852151,,75
Pro Webcam Dock Heater Mini Compact Portable,373.00,2583202091208,,21
Eco Printer Digital,252.00,0111008486953,,62
Wireless Projector,762.00,8182681922986,,31
Camera Keyboard,366.00,0110949711292,,51
Portable Speaker Router Lamp Fast Wireless,501.00,0399674323820,,41
Ultra Projector Eco Sense,840.00,1545210830782,,57
Wireless Lock Camera Smart Prime,950.00,6224572464761,,94
Advanced Scale Automatic Compact,170.00,8799132812460,,75
Mini Cooler Vacuum,688.00,4693316893037,,78
Silent Router Keyboard Pro Clean Pro,374.00,7690849766835,,41
Compact Radio Silent 360 Lite,186.00,6803003318585,,34
Mini Mixer Ultra Rechargeable Automatic,743.00,5346807350722,,17
Portable Iron Cooler Iron Edge Touch Ultra,400.00,6367824024655,,8
Digital Charger Radio Edge,526.00,0898838351308,,52
Mini Bicycle Lock Fan,305.00,6579472402314,,36
Mini Lock Lamp Max Portable Touch,41.00,1863879837035,,75
Headphones,868.00,0455832481716,,14
Rechargeable Microphone,546.00,7935757001686,,60
Portable Vacuum Webcam,334.00,3404007404606,,64
Premium Radio Mixer Rechargeable Pro Premium,622.00,4612653445983,,69
Ultra Heater Toaster Stove,303.00,4291020484383,,14
Compact Brush Eco Edge Compact,661.00,0472755313504,,22
Pro Fridge Camera Ultra Plus Digital,394.00,0302738353657,,98
Wireless Watch Microphone Microphone Prime Wireless Air,184.00,3699762097655,,6
Advanced Bicycle Lock Fan Mini,955.00,3197671012771,,66
Smart Radio Advanced Eco Plus,867.00,0982793334503,,31
Portable Thermostat Oven Premium,549.00,3414951535141,,40
Silent Heater Air,739.00,8360145532241,,42
Mini Shaver Premium Digital Sense,580.00,7528925966506,,85
Digital Watch,945.00,6389946876370,,54
Automatic Fridge Fan Lamp Go,635.00,5891868789573,,29
Fan,95.00,9226198435856,,72
Advanced Webcam Bicycle Camera,591.00,2442798239794,,26
Smart Iron Cooler Iron Smart Rechargeable Air,521.00,1268173943985,,72
Tablet Speaker Scooter,951.00,9579604390516,,13
Webcam Bicycle Camera,825.00,3224727609354,,49
Vacuum Router Toaster,248.00,8996940091302,,85
Ultra Stove Vacuum Speaker,402.00,1161802707296,,57
Eco Projector Smart,74.00,3558725654819,,20
Thermostat Speaker,411.00,5210367244244,,98
Premium Drone Thermostat Headphones Advanced Smart,5.00,0717825883403,,68
Portable Kettle Sense,660.00,9566593742730,,1
Clean Scanner Tablet Radio Portable,470.00,4342530908736,,61
Wireless Powerbank Scale Pro Max,436.00,6773653194771,,44
Scale,790.00,7877201876832,,1
Smart Webcam Stove Grill Edge,497.00,8928361706077,,3
Eco Charger Treadmill Prime Smart Lite,959.00,5924029070651,,60
Rechargeable Fan Clock Camera Edge Lite,661.00,8988849233877,,69
Rechargeable Fan,164.00,2351157859682,,15
Digital Drone Speaker Speaker Portable Air,768.00,5229301417002,,73
Portable Dock Powerbank Speaker Lite Clean Advanced,528.00,5528323611796,,74
Shaver,764.00,4224735689569,,16
Digital Webcam Stove Grill One Compact Smart,361.00,1646008597976,,82
Premium Tablet Speaker Scooter Premium,375.00,2046475673811,,9
Lamp Monitor,348.00,8218142604358,,71
Grill Microphone Projector,676.00,5335825170597,,35
Rechargeable Speakerphone Oven Edge,834.00,8754690146945,,68
Speaker,715.00,3599613428372,,88
Portable Headphones Smart,306.00,4583246537128,,23
Mini Dock Speaker Phone One Edge,838.00,0575832893309,,83
Mini Fridge Cooker Automatic,595.00,2138806848255,,82
Wireless Watch Camera Rechargeable Go,519.00,5858315703162,,79
Eco Lamp Lamp Digital,14.00,3198108504647,,80
Wireless Oven Clean Wireless,698.00,7313871305093,,82
Compact Drone Speaker Speaker,152.00,7924438982994,,46
Freezer,563.00,5170090870977,,13
Rechargeable Light Toaster Sense Edge,915.00,0747383001001,,32
Clean Fan Speaker Fridge Go Pro,146.00,3307082419124,,95
Mini Iron Thermostat X One,495.00,4312270528556,,62
Digital Scooter Bicycle Oven,688.00,7490610230301,,54
Silent Mixer Freezer Trimmer,562.00,4433730232049,,31
Lock Lamp,38.00,4464896320301,,76
Automatic Dock Sense Rechargeable Touch,931.00,8673175335868,,11
Trimmer Heater,27.00,2624825044698,,13
Fan,595.00,6470613745034,,16
Compact Lock Lamp Touch Smart Automatic,650.00,3573787822020,,3
Advanced Fan Lamp Wireless,743.00,0470992825835,,93
Portable Brush Plus Plus Clean,288.00,3361129615917,,56
Fast Camera Lite Clean Smart,107.00,5698712776730,,42
Automatic Trimmer Clock Premium Eco Max,985.00,5367422949580,,87
Ultra Freezer Mixer Lock Plus Max,13.00,5431134811456,,78
Silent Speakerphone Stove Tablet Pro X Air,254.00,0848226577551,,70
Fridge Fan Bicycle,308.00,9434902996047,,38
Eco Thermostat Speaker,886.00,1482027482981,,63
Silent Powerbank Prime,825.00,3133229327492,,30
Speaker Tablet Headphones,757.00,1623247212341,,91
Advanced Grill Phone Go Plus X,935.00,2131478506706,,63
Watch Thermostat,39.00,2804102878479,,22
Smart Powerbank Lite Max Premium,102.00,8476788177401,,44
Smart Scale Toaster Plus,985.00,1283329652993,,89
Trimmer Shaver,357.00,3832900567577,,76
Digital Lock Lite Max,697.00,3275463105488,,81
Automatic Freezer Ultra,84.00,1602877278057,,77
Compact Tablet Fast,22.00,4299851404730,,87
Oven Trimmer,51.00,7485282863728,,24
Premium Monitor Cooler Dock Lite Air Go,703.00,1279942358923,,25
Compact Mouse Powerbank Printer Prime Air Prime,336.00,0610485709994,,79
Smart Radio Portable,563.00,7049217696937,,80
Mini Blender Lite Clean Automatic,767.00,9923753898629,,83
Projector,970.00,0322495939567,,48
Automatic Iron Cooler Iron,507.00,8595338900358,,95
Pro Shaver Lite Go,100.00,3481948452392,,58
Trimmer Webcam Heater,887.00,4056341354780,,75
Mini Headphones Stove Silent Automatic Lite,161.00,8997002741562,,34
Projector Speaker Treadmill,633.00,1825309926153,,38
Compact Fan Scooter Trimmer,838.00,5471126681513,,84
Ultra Trimmer Air Digital 360,718.00,4233877598882,,13
Wireless Cooler Printer Speaker,648.00,7666146011770,,41
Smart Speakerphone Oven Smart Prime,573.00,3866195435488,,51
Scale Treadmill,244.00,1513478945043,,80
Portable Headphones Wireless,730.00,5782034911952,,49
Automatic Blender Smart,287.00,8331704698029,,30
Fast Scooter Bicycle Oven,68.00,4383665287488,,83
Ultra Brush Fridge Drone,457.00,4181338624536,,51
Premium Scale Fast,860.00,0100755456579,,35
Advanced Clock Drone Charger Mini X,706.00,8822420300612,,79
Premium Projector Brush Pro Fast,861.00,9252011800518,,24
Fast Speaker Router Lamp,626.00,1037883447072,,33
Fast Lamp Blender Drone Pro Go Sense,301.00,9910922495208,,60
Clean Lock Max,937.00,0043640254204,,39
Smart Radio Pro Ultra,754.00,2750209855724,,64
Rechargeable Shaver Mouse Digital,887.00,1723137839150,,97
Stove Iron,367.00,8300711001306,,96
Premium Shaver Thermostat Max,786.00,2779090803287,,58
Pro Keyboard Premium,293.00,3344701492694,,10
Advanced Oven Trimmer Silent Premium One,309.00,8030413467703,,60
Premium Fan Phone,921.00,8814163256608,,46
Clean Toaster Oven,514.00,2272846348679,,34
Heater Cooker,126.00,3262069849403,,38
Mini Dock Trimmer Eco Portable,697.00,3635298994785,,13
Scale,445.00,2999379730442,,17
Blender,656.00,1029803246315,,89
Smart Clock Brush Lite,42.00,5344363727071,,36
Eco Iron Drone Advanced Ultra,440.00,7227284124120,,97
Wireless Fan Clock Camera Lite Edge Rechargeable,470.00,6457013644495,,12
Clean Scanner Tablet Radio Fast,31.00,2687309533415,,12
Clock Brush,39.00,3433000809668,,31
Eco Mouse Radio Light Eco,233.00,3901991334730,,51
Smart Cooker Ultra Digital Fast,371.00,1043942168703,,28
Clean Radio Digital X Air,748.00,0012537427809,,93
Advanced Router Edge Air Fast,757.00,1721973071406,,21
Premium Bicycle Speakerphone Printer Portable Rechargeable,812.00,8623007140979,,74
Compact Oven Scale Compact Automatic,209.00,8912650656785,,2
Mini Camera Wireless Max Portable,565.00,1344661690484,,40
Headphones,973.00,6962241818636,,1
Wireless Treadmill X,931.00,9885000505714,,23
Grill,248.00,0000261275896,,12
Pro Fridge Printer Mouse Wireless Eco,29.00,2574089104662,,48
Eco Webcam Mouse Silent Eco,417.00,0941002111762,,22
Digital Monitor Brush Monitor Digital,648.00,3123778391822,,1
Rechargeable Blender Blender Compact,993.00,2801731396886,,17
Wireless Blender Scale Plus Portable Max,723.00,5637842903968,,75
Silent Lamp Grill Air Silent,273.00,1267547634603,,87
Printer Fan,829.00,6450669819972,,90
Scale Stove,588.00,4636890303707,,69
Powerbank,357.00,7539083712614,,98
Mixer Vacuum,381.00,1055396589386,,52
Lock Freezer,984.00,6329365938976,,68
Pro Keyboard,15.00,6880565811853,,25
Automatic Fan Powerbank Prime Max,294.00,6218541062577,,47
Speaker Powerbank Camera,386.00,0260815736789,,86
Digital Scanner Mouse Fast 360 Edge,608.00,7256827710292,,42
Rechargeable Headphones Max,760.00,7953777378557,,41
Eco Watch Touch Eco,727.00,1843056144996,,78
Wireless Tablet Ultra,75.00,0509851834203,,49
Smart Toaster Oven Silent,841.00,6471777482506,,18
Automatic Microphone Treadmill Oven Smart Prime Smart,8.00,1287008233701,,69
Compact Router Freezer Webcam,794.00,2727113177136,,80
Advanced Thermostat One,328.00,1184799332777,,62
Ultra Charger Treadmill Smart,414.00,2380726405364,,76
Eco Drone,718.00,9399346359400,,32
Portable Blender Treadmill Tablet Advanced Premium Touch,330.00,2909093311643,,48
Ultra Iron Monitor,285.00,9607338359698,,29
Smart Phone Speaker Blender Go Max,668.00,8761508098594,,63
Rechargeable Toaster,131.00,9285617139744,,66
Clock Lock,862.00,9002781742675,,38
Silent Fan,993.00,9756781568246,,17
Radio Light Fan,589.00,4771408714504,,47
Silent Cooker Sense Fast,120.00,9904889140585,,76
Pro Headphones,938.00,5535157286755,,76
Digital Webcam Webcam Stove Silent Automatic Mini,914.00,3968063437713,,21
Dock,699.00,0465428123463,,94
Silent Dock,255.00,9085299746342,,41
Cooler,774.00,4159148363907,,48
Eco Fan,303.00,9823385844219,,41
Mini Powerbank One,893.00,3161792539585,,65
Monitor Light,26.00,0289997309611,,40
Mini Freezer Plus Max,576.00,5446205944186,,41
Advanced Camera Touch Edge,448.00,6089770121188,,30
Bicycle Lock Fan,676.00,6948255654323,,96
Mini Camera Smart Mini Rechargeable,592.00,7218105214267,,5
Rechargeable Microphone Prime,747.00,0220394745671,,49
Fast Shaver Thermostat Prime Mini,923.00,9724602252698,,58
Fan Powerbank,338.00,8334238446906,,77
Digital Oven Scale Compact Plus Portable,681.00,3938143585795,,91
Mixer Router Phone,955.00,3321853355060,,84
Compact Projector Smart Digital Rechargeable,502.00,1716093577693,,95
Advanced Watch Grill Premium,567.00,9694530595252,,92
Wireless Brush Edge,329.00,4298429531489,,54
Automatic Tablet Cooler Fridge,294.00,9398480190993,,85
Lamp Freezer,501.00,0443216320812,,57
Dock,155.00,2060814474822,,14
Mini Vacuum,831.00,4542210369455,,20
Portable Cooker Prime 360 Plus,65.00,7332822748437,,7
Clean Kettle Edge Fast Ultra,467.00,3683283986512,,73
Compact Router Max,722.00,2849136254899,,94
Advanced Stove Blender Oven,66.00,2054460630312,,38
Scale Trimmer Grill,823.00,0917625275358,,53
Toaster,311.00,8101685499737,,76
Pro Blender Plus Silent Smart,151.00,9085148437582,,24
Fridge Cooker,179.00,7214834194542,,25
Smart Mouse Prime 360,489.00,3045314032665,,35
Pro Mouse Speaker Cooler Silent Clean,180.00,0158853331113,,89
Brush,744.00,4497840928711,,73
Silent Printer Lock Thermostat Prime Wireless Max,582.00,3736646691483,,84
Pro Drone Mini,422.00,4161514685353,,3
Fast Speaker Tablet Headphones Go Rechargeable,871.00,1411190959761,,48
Smart Grill Trimmer,903.00,7484045911324,,78
Ultra Mixer Heater Wireless Pro,917.00,5279223245177,,85
Portable Keyboard Toaster Monitor Clean,241.00,5522114366698,,35
Clean Fan Mini,857.00,3916977461836,,13
Compact Grill Rechargeable,893.00,3944554603638,,18
Treadmill,261.00,2042552198659,,52
Clean Kettle Vacuum Air Fast X,394.00,6746872115407,,17
Wireless Lamp Scanner Vacuum Mini,735.00,6940570412398,,87
Portable Watch Headphones Kettle,136.00,7871112126727,,23
Automatic Dock One X,942.00,2156949636386,,59
Radio,584.00,6552049283110,,74
Portable Scooter Ultra Eco,306.00,1739584734559,,25
Clean Watch Camera Ultra 360,932.00,4490285074333,,58
Silent Stove Blender Oven 360 Compact,83.00,3316113263209,,20
Eco Bicycle Scooter,811.00,6490082664537,,53
Digital Drone Speaker Speaker Plus Prime,626.00,1498287647916,,21
Eco Blender Portable Eco Plus,968.00,9890418392481,,35
Ultra Lock Thermostat Edge Smart Wireless,340.00,7647273861339,,5
Clean Mixer Heater Touch Touch X,255.00,2400229871159,,57
Eco Freezer Powerbank Watch Ultra,430.00,8042597518188,,85
Rechargeable Oven Scale,916.00,9834873912174,,41
Freezer,335.00,0688340591299,,54
Clean Printer Wireless Sense Fast,969.00,6644699248967,,95
Automatic Freezer Phone,123.00,6373219352524,,47
Eco Powerbank Iron Brush,566.00,5740390310420,,34
Clean Dock,226.00,2928872503758,,95
Digital Heater Go,749.00,1073301751741,,31
Toaster,71.00,6558932395182,,55
Fast Router Phone Silent Sense,266.00,8555175501903,,17
Smart Cooler Vacuum,41.00,6642089990960,,15
Lock Blender,357.00,4962803432739,,9
Advanced Keyboard Rechargeable 360 Sense,383.00,6234719718398,,7
Smart Webcam Cooker Toaster Silent Go,794.00,0314717716926,,25
Freezer Phone,88.00,0288519944033,,97
Premium Heater Monitor,20.00,6356161789181,,7
Rechargeable Cooler,492.00,9402179861955,,43
Pro Monitor Brush Monitor Edge,529.00,1629602862695,,50
Automatic Projector Sense,146.00,9144945357971,,79
Fast Speakerphone Fast Clean,927.00,8675908184033,,46
Smart Scooter Scale Cooler,328.00,8395010824763,,96
Router,22.00,9010645810354,,87
Clean Treadmill,119.00,0646109996297,,98
Wireless Keyboard,415.00,7969559256937,,63
Portable Radio Smart Touch,669.00,8843927248931,,75
Mini Fan Cooler Vacuum Automatic,669.00,6054041746063,,14
Smart Phone Prime Plus Rechargeable,688.00,9619176664889,,98
Fan,271.00,9789628574315,,51
Ultra Mouse Monitor Phone,786.00,7266145235889,,78
Smart Lamp Speakerphone Headphones Portable,213.00,2779637737075,,60
Ultra Radio Advanced Smart Silent,867.00,8014638405900,,8
Advanced Kettle Vacuum,875.00,0017249733460,,76
Clean Lamp,18.00,8352365132103,,92
Clean Webcam Webcam Stove Smart,404.00,8754768430396,,32
Portable Trimmer Webcam Heater Sense Advanced One,854.00,2030627024170,,63
Wireless Kettle Vacuum,889.00,0429318890163,,45
Cooler,730.00,1515674460092,,91
Digital Thermostat Speaker Sense Portable,249.00,1536926452702,,11
Clean Dock Smart Plus One,381.00,0604837768968,,16
Advanced Oven Scale Compact Eco Touch,629.00,6423358709991,,72
Rechargeable Speakerphone Mixer Mini Compact Edge,258.00,0273169471329,,11
Blender,654.00,6871280787264,,93
Smart Powerbank Cooker Iron Digital Wireless,579.00,6807322014524,,49
Smart Lamp Lamp Lite Edge Clean,574.00,7442244030246,,99
Wireless Microphone Treadmill Oven Prime Go Mini,370.00,3812989760311,,47
Fast Cooker Cooler Max Smart,34.00,1966359511194,,49
Mini Speaker Iron Grill X Digital,526.00,8643563883745,,90
Pro Microphone Headphones Edge,186.00,8233822772745,,92
Fast Lamp Grill Prime Plus,310.00,7071003967471,,91
Clean Grill Charger Headphones Sense Digital,999.00,3171212138632,,78
Smart Radio Pro Ultra X,1.00,4798852354209,,16
Heater Thermostat,257.00,9732669484365,,18
Watch,163.00,9541424660179,,97
Smart Cooler Plus,2.00,1816687561166,,55
Fast Powerbank Projector 360 Prime Lite,65.00,6781097548807,,39
Rechargeable Powerbank Cooker Iron,560.00,8222141021009,,2
Premium Brush Cooler Powerbank Silent Plus,354.00,2504040638998,,67
Ultra Microphone Heater Compact Pro,558.00,2884656313060,,14
Mini Drone Eco Sense,842.00,4157746276872,,88
Mini Charger Radio Max Pro,131.00,3509085117933,,44
Ultra Mouse Pro Compact,141.00,4137187167861,,70
Digital Iron Mini,574.00,3645226847434,,52
Automatic Mixer Freezer Trimmer Smart,15.00,9797867797495,,14
Silent Phone Scooter,768.00,8509447035559,,30
Compact Webcam Webcam Stove Ultra Fast,343.00,7070896184187,,24
Clean Toaster Oven,810.00,1554781314331,,9
Eco Grill Grill Scale Smart Max,528.00,5590081847953,,54
Mini Radio Eco,631.00,6680411871792,,18
Automatic Oven,585.00,2653307865957,,40
Fast Cooler Printer Speaker Lite,647.00,8776192175698,,24
Compact Speakerphone Scanner Monitor Pro,710.00,3340929120197,,24
Digital Vacuum Iron Phone,202.00,0408924168217,,57
Thermostat Printer,699.00,5974206075603,,49
Eco Drone Thermostat Headphones,815.00,6103913476727,,33
Router Phone,756.00,1143322377715,,79
Rechargeable Fridge Printer Mouse Portable,960.00,1827254221949,,73
Digital Toaster Oven,152.00,5109274738093,,20
Silent Vacuum,905.00,1424977532316,,18
Silent Keyboard,538.00,2161124539185,,20
Silent Camera,128.00,1632749119577,,23
Clean Fridge Printer Mouse 360,827.00,9866143977828,,17
Scale Headphones,561.00,5615731293581,,17
Portable Scooter Scale Cooler,304.00,4569263042258,,52
Smart Drone One,978.00,5587605052764,,9
Smart Light Webcam Cooker Max,766.00,6714288666493,,67
Advanced Phone Grill Ultra Eco One,414.00,3188648523116,,24
Clean Stove Light Eco Edge Advanced,883.00,6014965715880,,12
Rechargeable Thermostat Printer Mini Max Mini,780.00,9913065924260,,78
Premium Headphones,320.00,9624771507530,,1
Silent Oven Clean,808.00,4833763888273,,28
Wireless Keyboard Kettle Premium Portable,922.00,6748501501612,,47
Silent Fridge Printer Mouse Plus,190.00,0701461830266,,2
Smart Mouse,390.00,7080779099101,,17
Silent Brush Blender Edge X,434.00,6505172327701,,86
Silent Speaker Plus Automatic Portable,17.00,7355648981246,,12
Premium Mixer,375.00,2331178700422,,14
Rechargeable Clock Touch One,226.00,4672655318739,,10
Thermostat Trimmer,637.00,7484148508414,,36
Ultra Blender Treadmill Tablet Max One One,649.00,4091779298794,,89
Eco Tablet Speakerphone Portable,128.00,2059088012076,,33
Fast Thermostat Stove Lamp Wireless Max,249.00,2257999191648,,23
Fridge Freezer,150.00,6287548509071,,73
Rechargeable Tablet,942.00,5328263271728,,87
Fast Oven Scale Edge Advanced Air,154.00,2134792496845,,78
Eco Toaster,658.00,4528225167194,,52
Portable Camera Edge,369.00,7805604093617,,18
Smart Stove Iron Smart X Ultra,975.00,4455153273553,,24
Powerbank,862.00,7798707084210,,30
Digital Thermostat Camera Watch Silent Ultra,815.00,5908586420425,,94
Radio Light Fan,560.00,0674213684434,,5
Pro Thermostat Trimmer Ultra Edge Eco,930.00,0733515549770,,83
Silent Watch,316.00,8381027942286,,34
Digital Toaster Touch,387.00,1911190804547,,47
Eco Projector Pro Pro Wireless,888.00,0606756214410,,3
Dock,790.00,1411767594081,,66
Smart Heater Max Compact Clean,372.00,5228470326412,,89
Smart Trimmer Webcam Heater Compact Compact,161.00,9081565812346,,90
Compact Powerbank Iron Brush,63.00,2476599084376,,57
Smart Shaver Drone,993.00,4108958994641,,21
Advanced Camera Max Portable,152.00,5846678654108,,45
Smart Drone Vacuum,872.00,7570464104956,,53
Eco Shaver Drone Premium Premium,534.00,1997484637671,,28
Silent Keyboard Speakerphone Fan Eco Go,701.00,7058018085772,,30
Ultra Brush Prime,242.00,7039314863738,,33
Grill Grill Scale,962.00,4264233035642,,41
Mini Cooker Cooler X Lite,670.00,1097717595577,,73
Fast Iron Monitor,608.00,2970617893648,,41
Rechargeable Lamp Lamp Rechargeable Wireless Mini,913.00,9002689924401,,18
Premium Treadmill Dock Automatic,365.00,4963001200328,,88
Silent Thermostat Trimmer,945.00,1739123767833,,75
Eco Treadmill,794.00,1011751709721,,33
Compact Camera Router Fan,294.00,1034455680349,,43
Wireless Toaster Scanner Lite,306.00,0832166626738,,20
Heater Cooker,616.00,9959208894595,,68
Lock,861.00,6009509104336,,88
Pro Webcam Projector Oven Smart,411.00,9364955850617,,96
Advanced Fridge Fan Bicycle Automatic Plus Digital,407.00,8217857249212,,37
Automatic Mouse Automatic,277.00,9100031432496,,29
Drone Speaker Speaker,130.00,1805445188868,,28
Eco Keyboard Lite Smart,633.00,0858078540719,,6
Speakerphone Stove Tablet,801.00,8946693721995,,97
Kettle,380.00,9066648266315,,70
Portable Brush Fast Wireless Plus,748.00,7701322081694,,72
Rechargeable Dock Mixer Router Mini Air One,681.00,5729810745240,,9
Digital Grill Brush Watch One,10.00,4692701218967,,52
Rechargeable Grill Microphone Projector One Plus Clean,690.00,7283400822288,,25
Webcam Projector Oven,943.00,0947824050807,,29
Eco Router Lamp,533.00,8225097137015,,16
Smart Shaver Digital Go X,531.00,1705575363800,,25
Mixer,698.00,1018527546849,,78
Rechargeable Speakerphone Oven One,663.00,3596192335534,,27
Mouse Charger,904.00,9089478071980,,30
Portable Brush Silent Rechargeable,366.00,4730317021431,,29
Portable Vacuum Ultra Sense Pro,228.00,3230975254086,,37
Advanced Trimmer Webcam Heater Rechargeable,747.00,7629247020584,,80
Dock,519.00,3583511810803,,53
Printer Freezer,161.00,6576066953597,,34
Automatic Printer,961.00,8139396050732,,66
Fast Dock Powerbank Speaker Digital Clean,599.00,8046105801717,,81
Eco Toaster Clock Monitor,664.00,8460964582417,,96
Advanced Freezer Mixer Smart Touch,621.00,9937894348165,,51
Pro Camera Monitor Charger Prime,833.00,2682427778250,,77
Freezer Phone,783.00,7918111661313,,65
Microphone Heater,577.00,0102490568272,,68
Smart Lock Blender Compact Premium Advanced,785.00,3742895494041,,7
Mouse,948.00,5656256964044,,86
Rechargeable Grill Phone Automatic Plus,188.00,3741919125374,,66
Digital Camera Treadmill Heater Pro Go Prime,387.00,7669987530325,,94
Premium Thermostat Oven Mini One,156.00,7113553631966,,53
Smart Scale Rechargeable,350.00,9587758928028,,2
Portable Radio Clean Eco Prime,413.00,1958833748363,,22
Microphone Treadmill Oven,279.00,8212906828929,,32
Rechargeable Bicycle Lock Fan Premium Premium Ultra,418.00,1673429161493,,62
Pro Webcam Projector Oven Silent,46.00,8632491289521,,9
Wireless Fan Iron Cooker Advanced Fast,443.00,4295393633355,,59
Premium Powerbank Eco,39.00,3442354371660,,33
Pro Microphone Edge Prime Silent,899.00,2817795476501,,36
Portable Mixer Lamp,566.00,2093586945139,,63
Keyboard,311.00,3955509914075,,9
Eco Cooler Plus,538.00,6416355024303,,72
Cooler,974.00,6156314290201,,48
Smart Fan Thermostat Mini,583.00,1118292773386,,9
Silent Microphone Clock,214.00,2075849591390,,53
Fast Camera Drone Fan,685.00,0804828673510,,99
Mixer Vacuum,280.00,2201025878836,,4
Smart Powerbank Radio,118.00,7899274829416,,86
Smart Vacuum Cooler Digital,374.00,4919929148167,,95
Rechargeable Scooter Bicycle Oven Mini Lite,810.00,0217448863542,,87
Freezer Powerbank Watch,891.00,1249279633154,,13
Silent Drone Speaker Speaker,190.00,0081848029019,,11
Eco Charger Lock Oven,294.00,3814119786888,,21
Digital Trimmer Shaver Touch Mini Premium,227.00,7629017605799,,59
Clean Radio,873.00,2639754256357,,6
Digital Microphone Wireless,184.00,2299943225801,,67
Advanced Speakerphone Stove Tablet Clean Ultra,498.00,6070961631821,,19
Pro Fan,100.00,7361286014567,,23
Digital Blender Treadmill Tablet One,64.00,3573937309289,,27
Cooker Mouse Bicycle,446.00,8542280396302,,68
Rechargeable Iron Drone Go One,833.00,5104578498308,,72
Rechargeable Tablet Speaker Scooter Pro Wireless,528.00,7394633768165,,96
Smart Router Lamp Pro,993.00,9685317417898,,83
Automatic Trimmer,250.00,6339135677776,,94
Drone,863.00,2551565004333,,79
Compact Grill Microphone Projector Mini Prime,504.00,8935259924437,,53
Silent Stove Prime Smart Touch,511.00,5900064699132,,28
Automatic Webcam Scooter Ultra Clean,196.00,1799994929433,,59
Tablet,184.00,0152262080273,,60
Eco Shaver Grill Prime X,273.00,5900479408923,,38
Cooler,591.00,6967270356845,,48
Microphone Treadmill Oven,846.00,7851168578961,,64
Silent Dock Trimmer Smart Rechargeable,173.00,5620737890863,,43
Portable Heater Stove Scanner Air Max Advanced,254.00,0578498779444,,5
Automatic Blender Digital Smart,773.00,4178568232501,,1
Eco Lock Smart Automatic,417.00,2567185559269,,69
Digital Radio Mini Go,676.00,1710282708479,,73
Smart Watch Fridge Touch Clean,836.00,4823685206125,,34
Portable Fridge Ultra Touch Prime,723.00,1604207729123,,75
Clean Fan Phone,814.00,8231355778036,,12
Advanced Powerbank Eco,91.00,7247994010780,,24
Ultra Thermostat Iron,123.00,3914041144005,,24
Radio Mixer,484.00,3792882530054,,73
Rechargeable Dock Powerbank Speaker Ultra,59.00,1250909912686,,54
Fridge Camera,133.00,1903182564683,,11
Automatic Shaver Compact,485.00,8981530434713,,15
Tablet Speaker Scooter,68.00,6604095012357,,84
Fast Brush One,734.00,1709909327872,,47
Cooker,95.00,6743972872087,,24
Mini Lamp Monitor Mini Fast Compact,384.00,8647959943617,,88
Fast Speaker Router Lamp Automatic Pro Go,863.00,9515435483676,,71
Automatic Lock Plus Clean Advanced,47.00,9683495328807,,6
Cooler,132.00,1456921548388,,55
Automatic Fan Monitor Toaster Lite Rechargeable,712.00,0871356281654,,43
Speakerphone,570.00,6832940460934,,87
Ultra Bicycle Touch,959.00,8440991393262,,86
Mini Keyboard Toaster Monitor One,182.00,6368916766774,,7
Phone,317.00,9111774774255,,14
Ultra Brush Wireless,782.00,5070877229106,,55
Automatic Toaster Light Monitor Ultra Prime Ultra,818.00,3034956384577,,22
Digital Cooler Printer Speaker Edge Lite Sense,886.00,2895954026156,,83
Automatic Dock Trimmer Lite,921.00,2109702021516,,56
Cooker Mouse Bicycle,65.00,3917250225404,,51
Powerbank,294.00,9526224878207,,23
Eco Cooker Brush,487.00,8431496259191,,88
Cooker Mouse Bicycle,966.00,4289182954868,,52
Vacuum Webcam,645.00,8313877784563,,9
Eco Projector Compact,114.00,5050198632205,,29
Smart Printer Charger Brush Air Digital Ultra,237.00,3072187548238,,5
Automatic Stove Vacuum Speaker Rechargeable Wireless,146.00,5656005822823,,73
Smart Camera Heater Webcam,91.00,4396785898946,,72
Mini Mixer Drone Toaster Edge Max Max,892.00,5032768619052,,56
Shaver Mouse,94.00,8941376738185,,91
Premium Scale Stove Advanced Ultra,257.00,1292084036177,,96
Pro Scooter Dock Shaver Portable,420.00,7574200148266,,39
Cooler,183.00,2600440698195,,17
Clean Fan Thermostat Clean Eco,306.00,2300809896087,,34
Pro Fan,57.00,0140002569720,,97
Fridge,593.00,6760716726680,,25
Smart Watch Camera 360 Sense Portable,435.00,4451634440322,,25
Scale Treadmill,198.00,9454818033186,,97
Smart Lamp Scanner Vacuum,467.00,8246398707783,,6
Mini Grill Microphone Projector Digital Go Max,182.00,3051369694963,,11
Mixer Heater,730.00,4652852099082,,75
Advanced Cooker Ultra,633.00,7285044744674,,25
Wireless Blender Cooker Automatic Touch,136.00,1299562106322,,75
Automatic Shaver Pro,54.00,0064714620336,,68
Digital Microphone Heater Advanced,242.00,2180999723956,,4
Pro Heater Toaster Stove Smart 360,396.00,2408563860303,,50
Iron Monitor,80.00,5392378805772,,78
Compact Scale Stove Mini Smart,501.00,3464532423886,,18
Pro Thermostat Microphone Scooter X,62.00,8146394900570,,88
Eco Scooter Microphone Silent X Compact,54.00,9769483649939,,88
Charger,86.00,8892409054119,,7
Automatic Iron Advanced Mini X,330.00,3322977977732,,11
Advanced Scale Clock Touch Wireless,140.00,6171255608052,,81
Eco Toaster Oven Clean Ultra,847.00,0145607483334,,28
Light Drone,929.00,3746798763426,,88
Automatic Microphone Camera Silent Ultra One,571.00,1207836800326,,62
Powerbank Projector,845.00,3866064145180,,27
Smart Clock Lock,261.00,8652888543975,,72
Smart Fan Monitor Toaster Prime Sense,354.00,4126096991490,,11
Silent Oven,957.00,9579846340706,,44
Wireless Charger Cooker Thermostat Fast,637.00,6083082996212,,25
Clean Vacuum Webcam Fast,908.00,0878548811798,,63
Pro Camera Treadmill Heater Premium Automatic Smart,507.00,6930358524108,,45
Digital Mouse Lamp Lite Eco,859.00,6581921720979,,93
Digital Heater Mixer Shaver Max Plus Plus,541.00,5437175273246,,72
Digital Scanner Drone,470.00,4898329638013,,48
Smart Speaker Powerbank Camera Smart Advanced,208.00,9189876097282,,85
Advanced Printer,904.00,1866246344112,,83
Portable Mouse Speaker Cooler Pro Air Smart,868.00,2512112317153,,5
Fast Heater Advanced Advanced Digital,465.00,4395073223910,,15
Smart Oven Trimmer Dock Plus Plus,36.00,3013024594391,,84
Smart Speaker Tablet Headphones Go Premium,161.00,5909647200475,,80
Premium Clock Lock Portable Mini,700.00,0479386358409,,89
Digital Speakerphone Oven Max,663.00,8781062902007,,3
Clean Mixer Vacuum Plus Advanced Go,291.00,5548560466515,,55
Premium Webcam Toaster,39.00,8447989816000,,68
Ultra Mouse Treadmill Phone One X,843.00,6342485037084,,55
Digital Charger Stove Watch Clean Go,122.00,5171669274929,,30
Clean Radio Radio,212.00,0064213345792,,85
Automatic Bicycle Microphone Smart Pro Smart,496.00,2698863964096,,53
Digital Powerbank Projector Clean Premium Advanced,107.00,1756958874109,,69
Ultra Camera Monitor Charger Digital,716.00,7604056410641,,51
Eco Projector Max Fast Rechargeable,118.00,8407409567639,,88
Advanced Heater,883.00,0105280296973,,18
Fast Radio,732.00,8875450573853,,67
Ultra Tablet Cooler Fridge,993.00,6580316908329,,40
Premium Bicycle Lock Fan X,593.00,5589870536789,,68
Mouse,94.00,9966612427622,,40
Fast Phone Clean,805.00,0714165544599,,97
Advanced Clock Lock One,619.00,5766588278495,,54
Mini Tablet Microphone Trimmer Eco 360,960.00,3930022587951,,52
Silent Treadmill Wireless,610.00,1158365152304,,26
Wireless Freezer,396.00,4105105705334,,4
Webcam Stove Grill,623.00,3757273989033,,2
Eco Phone Scooter Lite Compact Portable,605.00,1898672331183,,96
Clean Webcam Scooter X Edge Automatic,835.00,4003628847961,,79
Smart Heater Wireless Smart Prime,851.00,1046611482100,,51
Smart Kettle Clean Advanced,815.00,7873433824122,,54
Scooter,972.00,0197056481966,,50
Mixer Router Phone,280.00,1357841082764,,67
Automatic Blender,357.00,9981378081475,,24
Advanced Trimmer Cooler Eco,251.00,5099706749875,,49
Digital Speakerphone Oven Touch Fast 360,953.00,0848982125133,,20
Ultra Freezer,193.00,8454079584480,,71
Smart Microphone Premium Lite Wireless,798.00,6548027945934,,37
Mixer Heater,800.00,8597955407470,,90
Automatic Webcam Projector Lock Go,778.00,5556547488030,,40
Eco Bicycle Max,404.00,0466448173919,,49
Advanced Scooter Dock Shaver Clean,720.00,4514591363230,,15
Ultra Radio Bicycle Cooler Smart Mini,552.00,5532549780501,,47
Advanced Shaver Grill Air Sense Edge,412.00,8703440698647,,2
Wireless Tablet,178.00,0011954640198,,22
Clean Thermostat Lite Air Automatic,870.00,2234715106155,,77
Smart Speakerphone Mixer Edge,221.00,5182697225029,,61
Mini Mouse Edge Sense,311.00,9551215490298,,29
Smart Thermostat Automatic Sense,711.00,3040966459358,,96
Automatic Router Keyboard Digital Clean Premium,892.00,7788500255054,,3
Clean Dock Portable Ultra Rechargeable,643.00,4369846652818,,67
Fast Toaster Oven Prime Pro X,389.00,2926044875993,,96
Eco Fridge Fan Bicycle,664.00,1239633628759,,62
Lamp Lamp,980.00,6883403067207,,39
Smart Mouse Mouse Router Air 360,324.00,8044695623818,,13
Silent Mixer 360,819.00,8750528399996,,49
Smart Router,983.00,8225597574792,,79
Scale,252.00,3894470746196,,39
Powerbank Cooker Iron,594.00,2758037271082,,44
Eco Headphones Automatic Wireless,796.00,4096310047152,,55
Clean Brush Prime Wireless,925.00,7004187204162,,61
Premium Cooker Brush Lite Go Clean,555.00,4795456270232,,9
Smart Mouse Monitor Phone Silent,842.00,5612041760437,,49
Mini Keyboard Toaster Monitor Mini,145.00,3270975081947,,17
Smart Fan Powerbank 360,48.00,5758590351440,,73
Bicycle Speakerphone Printer,63.00,4142316434639,,58
Wireless Router Rechargeable Smart,304.00,8425245669126,,8
Charger,725.00,6318306970106,,49
Mini Scanner Shaver Powerbank Automatic Clean Mini,411.00,6682677957364,,22
Smart Treadmill Dock Wireless Compact 360,992.00,4096726574341,,10
Digital Headphones Max,699.00,4196777273535,,43
Wireless Treadmill X Advanced,546.00,1989427283830,,52
Mini Charger Lock Oven,135.00,2097054995831,,20
Portable Powerbank Projector Advanced Ultra Plus,24.00,6477843152274,,30
Fast Speakerphone Charger Fast Clean,157.00,7403991701223,,25
Eco Lock Rechargeable,704.00,1196279995150,,96
Eco Light Plus Plus Smart,953.00,3092587612322,,18
Mouse,71.00,4987497824363,,37
Printer Freezer,724.00,9695419703652,,15
Wireless Treadmill Fast Lite,160.00,0462417817952,,28
Compact Mouse,898.00,6563991128510,,73
Advanced Speaker Router Lamp One Automatic,45.00,9332789562761,,42
Pro Lamp Speakerphone Headphones X Air Plus,488.00,4595077313932,,3
Eco Speakerphone Mixer Mini,173.00,8690767638671,,6
Smart Webcam Mouse Rechargeable Portable,859.00,4943944495784,,72
Advanced Cooker Compact,256.00,3972832944920,,30
Mini Drone Rechargeable One One,860.00,8287832246734,,57
Pro Mouse Treadmill Phone Go,212.00,7492646791955,,20
Portable Freezer Touch,147.00,5916888322750,,64
Pro Powerbank Scooter Portable Advanced,838.00,6790499159122,,98
Radio,310.00,7898996350949,,88
Wireless Dock Trimmer Plus One,338.00,3674725432698,,50
Digital Router Keyboard Air Premium,903.00,8586172393215,,36
Rechargeable Oven Speaker Fan One,256.00,6896616856186,,45
Compact Dock Lite Air Automatic,579.00,3096677133773,,47
Clean Freezer Projector Webcam Air Pro Wireless,261.00,4137611054354,,46
Pro Charger Monitor Brush Pro Touch,412.00,2844245560862,,62
Keyboard Speaker,163.00,7800387817412,,79
Advanced Fan Clean Premium,563.00,2689557227207,,40
Premium Charger Lamp 360,129.00,8944424266586,,75
Microphone Clock,801.00,1561648402193,,93
Portable Oven Speaker Fan Prime Silent,824.00,8912709144881,,20
Clock Router Fridge,422.00,7905146414793,,86
Advanced Mixer Bicycle Fridge,943.00,4059452911798,,6
Eco Freezer,453.00,7979312382285,,30
Pro Thermostat Microphone Scooter Smart Prime,168.00,2261590885394,,8
Phone,903.00,3963433673036,,8
Heater Keyboard,137.00,2911397593410,,43
Camera,683.00,4087481056241,,54
Fast Cooler,34.00,2831017688275,,86
Mini Radio,550.00,7029726470907,,52
Compact Grill Phone,360.00,2644958642806,,38
Keyboard,269.00,9193299602619,,59
Lock Charger,243.00,7205629432291,,5
Silent Printer Fan Shaver Mini Smart Edge,99.00,0779487638180,,21
Mini Grill Brush Watch Fast Smart,493.00,1896999948930,,23
Automatic Fridge Fan Bicycle,47.00,6496126790941,,61
Digital Fridge Camera Lite,231.00,5060676986591,,32
Mini Dock Lite Portable,909.00,9837277339189,,69
Rechargeable Brush Scale Grill Plus,882.00,0043426099814,,27
Pro Webcam Projector Oven,579.00,1185968292533,,72
Cooler,127.00,6642553883330,,60
Radio,381.00,5647970820150,,42
Mini Treadmill,569.00,4396797270242,,58
Ultra Toaster Oven Ultra Advanced,857.00,3599450868683,,1
Microphone Clock,858.00,2071085569698,,61
Advanced Printer,821.00,5359008222989,,64
Silent Kettle Mini Pro,329.00,0345675399593,,56
Premium Grill Grill Scale,205.00,5766238705463,,7
Ultra Printer Webcam,629.00,3271205401207,,1
Watch Fridge,840.00,1579007960123,,10
Ultra Thermostat Iron Mini Touch Max,195.00,9327347477878,,12
Digital Scanner Drone Pro 360,366.00,2836364281582,,55
Smart Heater Keyboard Advanced Plus,542.00,5395863794261,,83
Premium Brush Scale Grill Plus,20.00,7504956568896,,30
Smart Shaver Wireless Advanced Pro,615.00,5061784339330,,6
Mini Light Go Lite Premium,54.00,8088194873060,,47
Router Keyboard,513.00,1001439900236,,52
Drone,736.00,6143743593614,,49
Cooler Treadmill,617.00,9020842376904,,9
Ultra Freezer Mixer Silent,64.00,0564958306053,,42
Clean Mouse Radio Light,217.00,7731049991990,,65
Fast Trimmer Webcam Heater Digital Advanced Silent,39.00,9733783346188,,62
Compact Mouse Powerbank Printer Fast Plus,872.00,0740066259928,,98
Radio Mixer,155.00,7708470340444,,18
Silent Scale Speaker Powerbank Advanced,348.00,4848789878337,,41
Compact Router Fast Touch Silent,513.00,1555301159258,,49
Smart Light Drone Air Go,215.00,3319552930794,,5
Compact Fridge Camera Eco Prime,949.00,0675650901863,,91
Eco Fan Digital,390.00,5152792438921,,58
Mini Scanner Ultra,582.00,8782849325354,,44
Compact Freezer Mini Pro Digital,681.00,5247984408957,,54
Mini Headphones Plus Compact Automatic,155.00,2124448918166,,45
Tablet Tablet Kettle,859.00,3486722953232,,82
Rechargeable Powerbank X Lite Rechargeable,512.00,1543922106072,,38
Compact Stove Premium Pro,157.00,2254564016092,,96
Eco Freezer,871.00,1368923110541,,75
Silent Speakerphone Silent Wireless Max,435.00,1385762519465,,67
Clean Brush Cooler Powerbank,553.00,5785055334908,,50
Vacuum Router Toaster,806.00,9201475136619,,71
Smart Lamp Freezer,37.00,8026551849525,,48
Mini Scooter Scale Cooler Go Silent,53.00,6265199706933,,40
Toaster Oven,683.00,2960969549140,,43
Automatic Watch Grill Rechargeable Edge,705.00,6101828285892,,48
Fast Grill Tablet Fridge,312.00,4933567150580,,6
Ultra Headphones Plus Automatic,895.00,7208627485795,,41
Powerbank Brush Charger,95.00,9781762400154,,96
Smart Trimmer Heater,802.00,9278697032678,,86
Premium Cooler Printer Speaker 360 One Plus,234.00,9045917208072,,42
Mini Vacuum Router Toaster Ultra,774.00,9173608856414,,67
Iron Cooler Iron,204.00,5903742323725,,82
Rechargeable Headphones Rechargeable,153.00,7115802311384,,19
Pro Speakerphone Silent Air 360,526.00,0872464706756,,89
Eco Webcam Dock Heater Fast Touch Ultra,162.00,0872741234996,,92
Automatic Trimmer Shaver,20.00,2044690763614,,28
Scooter Scale Cooler,708.00,1238463484726,,78
Compact Toaster,760.00,3430522408294,,97
Automatic Phone One Compact Touch,97.00,9868591012793,,25
Smart Scanner Monitor Treadmill,142.00,1822253760437,,60
Compact Tablet Plus Smart,358.00,7539635667416,,33
Silent Microphone Portable Silent,317.00,6091795634598,,94
Compact Tablet Tablet Kettle Prime Pro Pro,849.00,4348086582222,,19
Advanced Mouse Powerbank Printer Sense Pro,312.00,1434223425392,,5
Fast Speakerphone Mixer Eco Touch Ultra,951.00,7333465022328,,9
Pro Projector Automatic,257.00,5256692892378,,14
Rechargeable Vacuum Router Toaster Clean 360 Compact,610.00,9729356042427,,29
Projector Speaker Treadmill,835.00,3943763831047,,74
Digital Oven Drone Wireless 360,539.00,9640589151369,,72
Wireless Iron Microphone Go Ultra,12.00,8697888290597,,75
Fridge,162.00,5477921710533,,39
Portable Radio Portable,854.00,9538816478412,,84
Compact Mixer Heater Fast Pro,926.00,7483028904223,,65
Mini Treadmill,14.00,3114285425209,,9
Portable Treadmill Dock Compact,799.00,5991275958187,,23
Smart Powerbank Rechargeable,756.00,7958923862492,,42
Drone Heater Scanner,780.00,8796422842848,,13
Cooker Mouse Bicycle,434.00,2966108919768,,5
Vacuum Webcam,134.00,7794563270828,,91
Silent Scooter Dock Shaver Automatic,542.00,8553054166168,,81
Compact Mixer Freezer Trimmer Smart,49.00,5816147210746,,5
Mini Iron Microphone Edge Advanced Prime,685.00,1162052391426,,84
Silent Mouse Heater Air Sense Plus,590.00,5142486646787,,47
Ultra Toaster Clock Monitor Clean,525.00,8196025023390,,42
Smart Watch,310.00,7112481867799,,58
Smart Camera Digital,922.00,2699754512808,,71
Fast Tablet Speaker Scooter Eco,49.00,7783249617866,,99
Wireless Drone,109.00,3000688977547,,33
Rechargeable Camera Router Fan Premium,158.00,7553403235911,,18
Rechargeable Vacuum Printer Mini,935.00,0327001544143,,51
Fast Brush Touch Wireless,785.00,0367917109128,,3
Automatic Keyboard Kettle Max Max Touch,759.00,6695062906878,,95
Fast Drone,390.00,7641028924515,,47
Premium Router Lamp Edge Digital,607.00,3460884649394,,78
Smart Headphones Portable Pro,614.00,7179531506053,,16
Speakerphone Oven,656.00,7516929605859,,14
Freezer Mixer,305.00,3295504245911,,55
Digital Printer Webcam 360,620.00,2355255776605,,87
Ultra Scanner Monitor Treadmill Rechargeable Automatic Go,997.00,6098747209590,,84
Pro Treadmill,389.00,4498277802216,,11
Fan,809.00,0775219165986,,69
Pro Camera Drone Fan,97.00,8441416951845,,20
Silent Heater,674.00,3958146160003,,26
Mixer,657.00,3299608179745,,19
Digital Camera Heater Webcam Rechargeable Mini,655.00,3976888648849,,76
Smart Camera Vacuum Max Rechargeable Pro,253.00,5075068040522,,97
Tablet Speaker Scooter,766.00,0881869381338,,22
Ultra Lock Go,697.00,3300487568176,,91
Charger Cooker Thermostat,239.00,1128310930806,,11
Wireless Blender Wireless Prime,30.00,2568111089225,,46
Router Phone,830.00,2812777882035,,28
Premium Brush Fridge Drone,480.00,3769650940643,,16
Digital Monitor Light Silent Compact Touch,877.00,2556895843201,,9
Wireless Vacuum,707.00,1774541482852,,79
Wireless Webcam Cooker Toaster Silent Smart Wireless,336.00,6227101702341,,7
Mini Phone Iron Speakerphone Pro Eco,771.00,9178716030268,,53
Lock,569.00,8067690401014,,17
Pro Webcam Trimmer Projector Clean Pro Mini,125.00,1093245956637,,66
Automatic Clock Lock Air,507.00,5511633747460,,62
Premium Keyboard 360 Ultra Max,807.00,6635255095477,,50
Advanced Printer Charger Brush,220.00,3702764361720,,11
Automatic Toaster Light Monitor Premium 360,527.00,7734268861273,,67
Eco Headphones Smart Mini Go,636.00,5917155246670,,86
Microphone Headphones,30.00,1993456894370,,24
Portable Dock Rechargeable Smart,750.00,6399864391930,,15
Pro Shaver Grill 360 Eco,910.00,9053057166091,,61
Ultra Headphones Premium One,181.00,9849727861188,,85
Compact Tablet Sense Smart,745.00,2033851929662,,81
Smart Scooter Rechargeable,234.00,8141283061936,,30
Smart Mouse Heater,703.00,7395763476333,,4
Smart Mouse Radio Light Advanced Max,383.00,8503530131388,,64
Advanced Webcam Webcam Stove,888.00,4255407722826,,8
Silent Drone Vacuum Plus Edge,887.00,0247464969164,,32
Charger Treadmill,674.00,6049378601116,,87
Clean Lock Camera Lite,764.00,7458410348244,,42
Tablet Powerbank Blender,104.00,2151895002919,,2
Clean Radio Smart,723.00,6960776087459,,33
Smart Vacuum Wireless Eco X,160.00,1015619945597,,51
Advanced Charger Radio Portable Air Portable,998.00,9393243208779,,19
Drone,964.00,2377374956928,,80
Ultra Fridge Portable Rechargeable Touch,81.00,4231637621771,,98
Clean Keyboard Speakerphone Fan Mini Eco,738.00,3734140199306,,66
Mini Mixer Grill Ultra,73.00,1869281392216,,42
Clock Lock,93.00,8859793657524,,86
Digital Heater Keyboard 360 Portable,908.00,3435399395814,,8
Smart Speakerphone,565.00,4642089489770,,78
Advanced Charger Compact Eco,670.00,2575594167296,,45
Digital Brush Lite Prime,753.00,0435072549667,,75
Advanced Lock Rechargeable Air,254.00,0651861966464,,38
Automatic Freezer,250.00,4748103533617,,6
Automatic Monitor Eco,397.00,4090615823831,,86
Portable Scale Stove,829.00,3843830248979,,71
Clean Mouse Wireless Automatic Portable,803.00,4222562821718,,65
Speaker Tablet Headphones,11.00,3185574666542,,94
Mini Keyboard Smart Mini Rechargeable,839.00,2082334843650,,89
Pro Fan 360 Smart Compact,500.00,3239576440232,,94
Ultra Bicycle Clock Lamp 360 360,59.00,8750993280799,,41
Treadmill,465.00,4273182155752,,76
Silent Cooker Cooler Touch 360,414.00,6713019497368,,25
Silent Watch Wireless,693.00,4763543644532,,46
Wireless Thermostat Printer Touch Digital,905.00,7206941600856,,89
Cooker,196.00,2937100315643,,20
Mini Phone Thermostat Mini Portable,354.00,5180789714222,,91
Compact Clock Lock Automatic Rechargeable Lite,394.00,4268069459047,,41
Premium Bicycle 360,687.00,0365926704952,,73
Fast Fan Phone Premium Go,187.00,1261577746190,,6
Smart Fan Phone Pro,988.00,6970207166332,,79
Portable Fan Advanced Lite One,762.00,6030947491245,,58
Smart Lock Smart Compact Touch,25.00,9302067088139,,44
Automatic Mixer Advanced,906.00,4539006315444,,11
Pro Mixer Toaster Toaster Advanced,564.00,1805947206671,,36
Scale,698.00,2213967360843,,5
Freezer,288.00,7339279782274,,19
Mini Headphones,164.00,8078409857848,,32
Mixer Treadmill,732.00,3833564015060,,99
Ultra Speakerphone,788.00,6106891691571,,29
Mini Drone Automatic Automatic,893.00,4529912912042,,15
Thermostat,533.00,6370008296595,,52
Clock Lock,648.00,6084194019677,,24
Portable Webcam Cooker Toaster Advanced,287.00,8488425356605,,29
Ultra Radio Clean,644.00,4110304936618,,34
Portable Iron Toaster Projector,816.00,5782363739494,,14
Lock Blender,387.00,5290997534816,,44
Pro Fan Scooter Trimmer Go Pro Plus,920.00,3083521872155,,33
Automatic Monitor Light Lite,363.00,1454293987231,,70
Premium Kettle Fast Air,285.00,0011375361665,,9
Brush Cooler Powerbank,792.00,1139954028552,,79
Smart Printer Premium One,322.00,8488292057605,,69
Automatic Printer Charger Brush Clean Go,834.00,8550828417457,,11
Eco Keyboard Fast Pro 360,536.00,3386096663952,,89
Fast Tablet Tablet Kettle,320.00,8393556099607,,59
Smart Scanner Keyboard Monitor Touch,967.00,1808558650314,,53
Silent Router Phone Mini,914.00,7897008502307,,81
Portable Projector,180.00,0922511499985,,29
Portable Speaker Keyboard,427.00,1449978242705,,85
Silent Mouse Rechargeable Compact Premium,559.00,9948941989286,,88
Silent Powerbank Scooter Pro,571.00,1776017125935,,18
Digital Lock Blender,433.00,3150470655280,,39
Rechargeable Trimmer Webcam Heater Automatic Automatic One,352.00,0258345594702,,80
Fan,654.00,5632147654300,,19
Rechargeable Charger Monitor Brush X One Prime,525.00,0307501900113,,86
Toaster Scanner,616.00,3295644623211,,10
Digital Shaver Drone Prime Sense,783.00,1542402078380,,42
Smart Shaver Blender,488.00,1342673021425,,77
Eco Fan Lamp,361.00,8777772823268,,99
Premium Printer Charger Brush Silent Smart,898.00,3914332264320,,12
Digital Scanner Tablet Radio Clean Advanced,477.00,1371359327971,,72
Heater Cooker,625.00,6137766821717,,42
Ultra Toaster One,544.00,5005785013233,,62
Compact Radio Sense Compact,673.00,1379068490290,,37
Automatic Freezer Prime Automatic Sense,391.00,4106715991179,,5
Ultra Charger Lamp,275.00,0841668202609,,90
Speaker,694.00,8822337114098,,4
Eco Lock Clean Touch X,358.00,5074021219166,,47
Pro Iron Premium Touch,82.00,2492298757526,,84
Rechargeable Brush Scanner,758.00,9938204034167,,1
Portable Router Prime Prime,40.00,8403303656486,,79
Smart Lamp Freezer,654.00,3629315675269,,42
Fast Fan Ultra Rechargeable,832.00,9529822275140,,53
Smart Oven Ultra Mini,703.00,5712729219544,,6
Ultra Mixer Router Phone,227.00,2630167816077,,81
Fast Charger Bicycle Cooker,930.00,2034380928133,,96
Ultra Lock Prime,409.00,4542869233374,,61
Dock,915.00,0249267416975,,57
Smart Tablet,42.00,8834802635755,,22
Compact Brush Blender Mini,494.00,2712918454896,,87
Scooter Bicycle Oven,12.00,9886420924451,,75
Watch Microphone Microphone,220.00,0296088120819,,37
Smart Speakerphone Scanner Monitor Edge Ultra,866.00,3281676460986,,9
Pro Blender Cooker Silent Go,658.00,9491484315499,,28
Wireless Thermostat Oven,80.00,1922271987318,,29
Mini Dock Pro Advanced Fast,118.00,1109430062479,,55
Thermostat Camera Watch,668.00,5266188318008,,78
Toaster Light Monitor,396.00,9202664170599,,19
Silent Dock 360,350.00,0609369313556,,22
Smart Blender Treadmill Tablet Clean Ultra Go,138.00,5689716649717,,54
Automatic Freezer Clean,927.00,8792572392363,,73
Clean Powerbank Sense Air,199.00,7351414417100,,31
Digital Headphones Smart Rechargeable,555.00,7136364651527,,1
Fast Clock Lock Eco,303.00,7692524043255,,17
Clean Printer Lock Thermostat Plus Advanced,118.00,7543781694479,,14
Portable Light Drone Go Mini,469.00,8629509602175,,57
Smart Lamp Freezer Prime Ultra,490.00,6737498457538,,53
Mini Printer,839.00,9917566326271,,83
Pro Shaver Premium,281.00,0343016491890,,47
Compact Thermostat Printer Prime Compact,263.00,0229149228704,,77
Portable Dock Router Webcam Advanced,848.00,9735316314091,,2
Wireless Lock Lamp Premium Pro Silent,489.00,2532694935316,,40
Iron Microphone,864.00,2995628765111,,7
Automatic Drone Prime Air Sense,727.00,4844361197957,,97
Digital Kettle Brush Fan Air,993.00,5127023628709,,48
Advanced Drone Speaker Speaker Smart Touch,834.00,7559089776472,,11
Smart Watch Premium Touch Wireless,127.00,1613108101693,,97
Pro Fridge Cooker Rechargeable Sense Clean,92.00,9584762599435,,60
Compact Watch Premium Mini Ultra,388.00,4520228202506,,67
Advanced Light Webcam Cooker,253.00,0274928674500,,64
Smart Charger Lock Oven Clean Pro Digital,676.00,6004609980750,,29
Automatic Blender Plus Mini,632.00,9540869046241,,49
Digital Fan Monitor Toaster Compact Digital,606.00,3698685319547,,1
Mixer Grill,521.00,7925512534658,,31
Advanced Router Smart,71.00,6458760431840,,33
Mini Fan,333.00,0502245571692,,3
Digital Projector Oven Thermostat Eco Smart,771.00,8221146822987,,1
Wireless Thermostat,193.00,7676818594364,,9
Automatic Router,477.00,2479002567091,,17
Automatic Powerbank Router,307.00,8717910071106,,69
Wireless Cooker Brush Sense Rechargeable Max,166.00,0855035495396,,94
Heater,391.00,7495753716286,,13
Grill,174.00,3877108091035,,69
Smart Monitor Compact Pro,554.00,2681345922530,,77
Mouse Charger,145.00,9924345381680,,66
Eco Webcam Powerbank Rechargeable X,695.00,4962583489893,,87
Blender,447.00,2549774564984,,46
Silent Webcam Webcam Treadmill Eco X Clean,426.00,9832099297327,,45
Clean Toaster Mini Prime,422.00,1447769104409,,52
Mixer,746.00,6348452506751,,18
Eco Speakerphone Fast Premium,160.00,9941130196342,,55
Premium Bicycle Scooter Max Silent Ultra,295.00,8207461654366,,98
Clean Webcam Cooker Toaster 360 X One,194.00,2223165838501,,80
Wireless Watch,401.00,6686878903779,,66
Digital Fan Smart,384.00,8213582396283,,97
Scale,873.00,6052436355104,,48
Microphone Headphones,361.00,1545066262058,,26
Brush,623.00,4599078301905,,6
Wireless Webcam Webcam Stove,736.00,3213354761726,,11
Keyboard Toaster Monitor,224.00,6054514260447,,62
Smart Scale Treadmill Digital,414.00,3621395640670,,4
Wireless Lock Lite Touch,669.00,5105379039738,,23
Premium Cooker Clean 360 Max,918.00,5559256465637,,80
Automatic Stove Blender Oven Smart Ultra,106.00,9555008873541,,55
Compact Radio Radio Smart Eco,346.00,1022126174204,,41
Vacuum,637.00,2107840765927,,97
Advanced Fan Pro Automatic,212.00,0932060194095,,40
Ultra Mouse,732.00,1182258480793,,78
Automatic Projector Freezer Premium Silent Silent,508.00,6518358755526,,88
Fast Grill Phone,468.00,1602200614002,,74
Pro Treadmill,202.00,8761404103798,,73
Wireless Toaster Eco,9.00,2178162815980,,85
Mini Headphones Monitor Plus,492.00,3297023938404,,46
Smart Scale Advanced,12.00,4097835267568,,6
Speaker Router Lamp,244.00,7654421359594,,18
Silent Drone Smart,826.00,3372254490560,,13
Charger Monitor Brush,871.00,9159992526782,,49
Automatic Grill,437.00,3420393029629,,28
Eco Webcam Trimmer Projector Portable,105.00,4466599002775,,65
Rechargeable Mouse Powerbank Printer Prime One,252.00,9507852718325,,55
Grill Tablet Fridge,594.00,4932311725647,,99
Portable Brush Fridge Drone One Lite,250.00,3143870235244,,96
Compact Toaster Automatic,560.00,0748164005133,,99
Radio Light Fan,805.00,4415526660151,,32
Stove Monitor Tablet,249.00,3845770690467,,46
Rechargeable Radio Treadmill Touch Premium,493.00,1467409394960,,65
Advanced Microphone Cooler,400.00,6532552570501,,76
Lock Thermostat,695.00,4163553904846,,67
Heater,905.00,9975978648398,,93
Lock Thermostat,748.00,3824605705859,,70
Freezer Powerbank Watch,151.00,0589297222291,,33
Smart Tablet Powerbank Blender Lite Touch Pro,180.00,2473392082646,,85
Smart Keyboard Freezer Smart 360 Lite,204.00,0580763675979,,74
Clean Fan Cooler Vacuum Digital Prime,129.00,8680790395375,,21
Premium Trimmer Shaver Touch,400.00,5872722415531,,96
Smart Grill Grill Compact Pro,401.00,9111451307929,,9
Clean Mouse 360 360 Max,916.00,7805911897526,,57
Advanced Stove Monitor Tablet Automatic,114.00,5977577959619,,19
Advanced Trimmer Clock Advanced Rechargeable,294.00,2977498900380,,65
Premium Grill Charger Headphones Clean Lite,412.00,7903311427326,,91
Clean Fan 360,71.00,8145107758286,,65
Pro Fridge Printer Mouse Lite Digital Compact,620.00,8947211178987,,97
Compact Microphone Headphones Touch,325.00,2626887446700,,89
Ultra Charger Tablet Brush Rechargeable Smart Wireless,19.00,0379632608497,,90
Fast Keyboard Toaster Monitor Air Smart,303.00,0209992144123,,82
Smart Router Fast Silent Digital,120.00,0553912413548,,21
Automatic Tablet Ultra,405.00,4817156841755,,68
Smart Fan Powerbank One,414.00,2000613385493,,46
Iron,473.00,3478880655837,,3
Silent Fan Digital Ultra,694.00,5039151945903,,94
Portable Keyboard Speakerphone Fan Silent,303.00,6387490034765,,39
Watch Grill,752.00,4976583450616,,90
Digital Iron Heater One Touch Silent,176.00,1695413571569,,57
Clean Scanner Shaver Powerbank Prime,655.00,4454890694140,,64
Smart Cooler One Smart,330.00,4533715509507,,65
Ultra Camera Smart Mini Smart,118.00,9462493584640,,83
Fast Fan Speaker Fridge Mini Digital Edge,603.00,1269327721923,,57
Smart Printer Charger Brush,270.00,6241419653201,,64
Pro Cooler Clean Air,663.00,9231002552629,,37
Eco Charger Treadmill Plus Premium,109.00,5933576061180,,36
Scooter,308.00,6782293804544,,78
Silent Lamp Scanner Vacuum,882.00,3049490922246,,63
Fast Mouse Silent Wireless,640.00,8773290799702,,7
Automatic Cooler Vacuum Go One,474.00,9488069349819,,9
Advanced Vacuum Smart,108.00,4615454790184,,95
Automatic Freezer,435.00,8453787836669,,3
Eco Radio Light Fan Portable Prime Touch,189.00,1450067263570,,50
Grill Charger Headphones,525.00,2718997515992,,40
Portable Lamp Monitor,425.00,6044813194079,,24
Grill Tablet Fridge,104.00,3450444887625,,80
Silent Grill Charger Headphones,350.00,5356495677520,,11
Clean Watch Camera Fast Lite X,626.00,5121687698382,,66
Premium Tablet Router Printer Clean Smart,67.00,5835838848457,,79
Clean Mixer Freezer Trimmer Smart,492.00,4435912563736,,62
Eco Router Lamp Wireless Plus,900.00,3414134566160,,21
Scooter,90.00,0241010258658,,12
Smart Fan Thermostat,107.00,9838699150444,,57
Silent Heater Toaster Stove Rechargeable Portable,248.00,6351507837120,,51
Pro Thermostat Stove Lamp Pro Prime,181.00,0325898581708,,34
Rechargeable Blender Treadmill Tablet Pro Touch Advanced,647.00,6527200285043,,41
Oven Speaker Fan,198.00,2235969760711,,29
Digital Cooker,73.00,8440212573787,,45
Silent Tablet Speakerphone Smart Ultra,191.00,6628218727485,,22
Fast Scanner Monitor Treadmill Advanced,432.00,7700463997529,,31
Silent Stove Vacuum Speaker Silent Air Lite,644.00,4107136879961,,38
Ultra Cooker Cooler Max Plus Mini,406.00,3183193545774,,22
Watch Grill,859.00,6171167767281,,85
Silent Clock Lock Max,36.00,5207774085096,,92
Smart Mixer Heater Lite Pro,919.00,5953339709876,,44
Clean Brush Scale Grill,388.00,3521317498368,,52
Premium Speakerphone Charger,909.00,1019831812422,,14
Eco Clock Drone Charger,391.00,6033923763879,,58
Clean Mixer Drone Toaster Rechargeable Smart,563.00,3963454904492,,11
Automatic Vacuum Shaver,349.00,7046379818368,,74
Wireless Watch Camera,58.00,7427383107448,,11
Automatic Keyboard Toaster Monitor Lite Rechargeable Portable,69.00,6974071569336,,11
Grill Charger Headphones,873.00,9927222892057,,75
Fast Keyboard Lite Fast Air,999.00,6843310615847,,21
Scanner Tablet Radio,609.00,5733812587975,,17
Advanced Keyboard Toaster Monitor Mini Ultra Compact,174.00,8748799444736,,26
Compact Printer Lock Thermostat Sense Plus Advanced,397.00,3303653076925,,39
Rechargeable Scale Treadmill Mini Edge,915.00,8275408614971,,86
Pro Treadmill Touch Touch Sense,163.00,8633120817702,,9
Fast Fan Iron Cooker Prime,15.00,5281582663400,,91
Clean Freezer,335.00,9851199624406,,90
Digital Cooker Mini Silent,407.00,1992194511051,,17
Advanced Scanner Mouse,998.00,4940303962710,,67
Compact Toaster Light Monitor Prime Compact,920.00,8583850248072,,71
Clean Radio Smart Premium,730.00,7226481256566,,91
Smart Radio Radio Silent Compact Smart,588.00,2512604107187,,68
Premium Toaster Smart Silent,560.00,8750655588300,,74
Portable Phone Compact 360,545.00,5093274237567,,46
Mini Microphone,309.00,5062743255616,,76
Speaker Router Lamp,664.00,1106364688645,,72
Automatic Router Max,44.00,8146252401065,,17
Portable Vacuum,203.00,4059086831127,,12
Automatic Lock Bicycle Ultra Mini,370.00,6232141654178,,38
Fast Mouse Powerbank Printer One,519.00,0693912908610,,76
Wireless Freezer Projector Webcam Ultra,955.00,8650510592117,,36
Fast Radio Rechargeable Max,419.00,9499713409797,,95
Premium Phone Sense,545.00,4753650429191,,88
Fast Scooter Scale Cooler Clean Touch Smart,110.00,0449602602128,,13
Ultra Lock Pro 360,585.00,5418857703220,,88
Portable Scale Speaker Powerbank Wireless Plus Advanced,868.00,4468515049796,,50
Fast Speaker,547.00,7019824036761,,85
Silent Mouse Plus Silent,740.00,5969271632653,,67
Light,266.00,9098655680730,,80
Smart Heater Mixer Shaver Silent Touch Smart,439.00,6388313010881,,78
Portable Printer Pro Plus Smart,785.00,7302412316711,,44
Smart Treadmill X,997.00,4698972098024,,40
Ultra Heater Sense,941.00,9928710493978,,93
Pro Toaster Light Monitor,996.00,6739982457871,,76
Rechargeable Scale Stove Prime,156.00,0529787894645,,28
Webcam Projector Oven,539.00,2928740595229,,44
Pro Toaster Scanner Smart Lite Eco,602.00,3315235441496,,77
Mini Printer Lock Thermostat Wireless Air Pro,757.00,3815529863329,,20
Wireless Scanner Tablet Radio Plus Wireless,932.00,9817668954610,,73
Pro Freezer,432.00,0843669706742,,20
Silent Router Freezer Webcam Sense Compact Smart,235.00,1945528661984,,39
Lock,839.00,7987769289552,,83
Powerbank Brush Charger,962.00,5062032506962,,56
Drone Printer Tablet,758.00,3180225590351,,9
Rechargeable Printer,223.00,0685686664441,,69
Smart Webcam Projector Lock Advanced Wireless,841.00,8525882559016,,74
Fan,900.00,7947846060085,,99
Clean Speakerphone Oven,645.00,1527626552618,,16
Silent Lock Lite Wireless Compact,872.00,0119698834474,,29
Smart Charger Tablet Brush,416.00,3930594621176,,20
Premium Toaster Scooter Prime Smart,335.00,5032135047457,,3
Digital Grill Brush Watch Edge,12.00,7478857635219,,45
Smart Monitor Brush Monitor Digital,400.00,7136626763227,,45
Ultra Toaster Oven,903.00,0665933617673,,39
Silent Blender Pro Mini,916.00,8004628421423,,87
Eco Blender Scale Wireless,623.00,3097526174602,,50
Advanced Mouse Max Air Prime,658.00,2681466915893,,37
Fast Keyboard Toaster Monitor,349.00,3138435478853,,56
Scale Treadmill,476.00,6708203403072,,28
Dock,947.00,5511486821263,,43
Advanced Headphones Wireless,268.00,8983918276069,,29
Automatic Freezer Pro Ultra,767.00,0905775340842,,75
Ultra Iron Toaster Projector Digital Automatic Premium,616.00,8403717565497,,7
Rechargeable Fridge Fan Lamp 360 Digital Smart,655.00,1103965549023,,92
Fast Radio Mixer,951.00,8975355529778,,47
Printer,732.00,1536009678395,,29
Pro Bicycle Ultra,472.00,5021687634734,,35
Drone Printer,779.00,6449235277995,,32
Eco Router Phone Rechargeable One,381.00,0181313699089,,55
Smart Heater Toaster Stove,963.00,4209732026364,,76
Digital Projector,321.00,3873453805839,,9
Rechargeable Mouse 360,725.00,7488927051146,,49
Rechargeable Webcam Webcam Stove,570.00,2627733461366,,97
Fast Scale Treadmill 360 Automatic,256.00,8719715376325,,91
Fast Radio Treadmill,386.00,8505701518981,,7
Rechargeable Router Scanner One Pro Portable,597.00,5924849121045,,53
Advanced Iron Drone Premium Touch Lite,694.00,4835524208290,,7
Compact Camera One Rechargeable,703.00,6911169255351,,44
Smart Lamp Freezer Smart Digital Wireless,509.00,2512407053834,,30
Compact Brush Rechargeable Fast,290.00,3864492290946,,40
Watch,801.00,8968686442236,,91
Smart Microphone Cooler Fast,650.00,5324136323822,,17
Silent Mouse Lite,804.00,0063581880485,,73
Eco Fan,10.00,7688145486601,,83
Silent Freezer,619.00,2225613796753,,49
Smart Microphone Clock,940.00,8683236698696,,48
Mini Webcam Dock Heater Lite Portable,803.00,7334771761468,,77
Mini Iron Heater Prime,547.00,7298185408251,,1
Clean Printer,54.00,2869204872794,,12
Smart Grill Grill Portable,526.00,6491508923849,,82
Silent Toaster Scanner Prime Touch Premium,528.00,1480463717360,,46
Advanced Scooter Microphone Ultra Air Smart,423.00,8183928541007,,41
Digital Charger Bicycle Fan Air,381.00,2724961410095,,27
Portable Toaster Oven Sense Premium,145.00,0640788647143,,66
Silent Oven Trimmer Go Plus Plus,905.00,5491246023994,,4
Automatic Router Scanner,53.00,5190934021518,,56
Fast Cooker Cooler Smart,999.00,1672575362297,,18
Silent Light Headphones Tablet 360 Touch,974.00,8245607802219,,65
Fast Mouse Heater Smart Clean Smart,380.00,4429707208285,,99
Ultra Heater Premium Edge,396.00,6728657187410,,15
Compact Thermostat Stove Lamp Sense Silent Clean,571.00,9800078170770,,17
Smart Scale Speaker Powerbank,337.00,9571101432195,,82
Compact Fan Pro,258.00,5312711922591,,96
Fast Trimmer Cooler Digital One,801.00,9468305858077,,88
Webcam Projector Lock,47.00,3513011078137,,46
Automatic Stove Portable,221.00,6141734004019,,32
Fan Iron Clock,761.00,0575471177761,,38
Pro Brush Cooler Powerbank,509.00,8190356629160,,49
Wireless Freezer Go Advanced Rechargeable,258.00,3984701913814,,19
Compact Mouse Prime Fast,253.00,5971927610724,,61
Premium Blender Max Lite Advanced,593.00,7941732610248,,63
Eco Microphone Camera X Automatic Sense,787.00,4009265594220,,63
Cooler,187.00,0475565230733,,71
Portable Heater Compact Automatic,389.00,3922225302721,,41
Digital Oven Mouse Cooler X,237.00,5358739097446,,68
Rechargeable Camera Heater Webcam Prime,310.00,2419202072667,,55
Compact Lamp Lamp Pro Eco,985.00,2843164455389,,57
Smart Dock Touch,810.00,6514770476230,,6
Automatic Radio Light Fan Mini,939.00,0003865069403,,57
Smart Brush Scale Grill Smart Advanced One,537.00,0984141131925,,59
Rechargeable Iron,553.00,3893854280042,,35
Portable Scooter Dock Shaver,379.00,0804389960135,,84
Keyboard,241.00,3236636044508,,73
Rechargeable Vacuum Router Toaster Eco,512.00,1289395564550,,40
Premium Headphones Stove Portable,16.00,8180565622441,,91
Advanced Webcam Bicycle Camera Max One,588.00,4463919624914,,5
Rechargeable Radio Iron,98.00,8202867832479,,83
Silent Dock Eco Plus Air,568.00,0342028893418,,75
Fast Cooker,37.00,2264364136937,,99
Compact Speakerphone Scanner Monitor Go,605.00,9805877846222,,8
Clean Iron Monitor,537.00,3947390571383,,56
Digital Printer Automatic One Premium,395.00,2544764779959,,12
Pro Camera Treadmill Heater Air Plus,469.00,5337927258746,,37
Projector,611.00,1788107318745,,71
Treadmill,284.00,7919651427544,,33
Automatic Camera Rechargeable,429.00,4176832333107,,34
Radio Stove Shaver,869.00,6955879570939,,98
Smart Tablet Powerbank Blender,607.00,9735511961182,,12
Silent Lamp Grill Automatic Go,534.00,7997250448368,,75
Silent Printer,364.00,7668732962794,,65
Smart Iron Air Mini Fast,842.00,1895587275892,,69
Automatic Printer Lock Thermostat,614.00,0869351280949,,54
Portable Cooker Cooler,868.00,8405436265283,,15
Microphone Headphones,745.00,6472911171720,,13
Mini Freezer,690.00,2470454900801,,93
Rechargeable Keyboard Freezer Plus Smart Go,758.00,6768700213710,,36
Smart Fan Monitor Toaster Digital,905.00,1436903752996,,92
Stove Monitor Tablet,242.00,2755447999216,,71
Smart Clock Lock,565.00,5315935748626,,55
Advanced Mixer Drone Fan Automatic Compact Lite,967.00,4131110699900,,86
Wireless Brush Blender Eco Plus Mini,420.00,3477067477354,,51
Clean Mouse Smart Eco,694.00,6005691791743,,6
Ultra Radio Bicycle Cooler Eco,460.00,3414293977524,,39
Pro Bicycle Speakerphone Printer Automatic Touch Automatic,502.00,5602430038537,,34
Ultra Camera,152.00,4717685844220,,14
Compact Heater Radio Smart,908.00,9198855790762,,98
Portable Trimmer Stove,846.00,7268463331779,,81
Smart Scanner Mouse,921.00,9215192351309,,42
Eco Heater Digital Lite Smart,689.00,3751190062978,,76
Webcam Cooker Toaster,378.00,3263114033884,,44
Automatic Mixer Grill Eco,877.00,4840041021048,,96
Portable Keyboard,420.00,5229537972634,,17
Wireless Projector Air Silent,767.00,5660992099960,,44
Wireless Clock,995.00,5935969355401,,52
Dock,927.00,3827327138578,,51
Advanced Powerbank Projector,1.00,2316184145771,,14
Portable Drone Vacuum One Smart Eco,95.00,3627604859901,,54
Rechargeable Tablet Microphone Trimmer,433.00,4675010174674,,69
Fast Grill,115.00,9324370216337,,33
Microphone,213.00,5341361664223,,93
Lamp Lamp Kettle,863.00,4808288206765,,80
Pro Keyboard Compact Air Smart,502.00,1366604902515,,35
Fast Fan Lamp,469.00,5707978799190,,54
Digital Treadmill,434.00,3534099839168,,57
Mixer,341.00,4487271059955,,24
Ultra Heater Mixer Shaver,240.00,3991004162290,,75
Compact Projector One One,654.00,5939502409446,,39
Ultra Fan Clock Camera,206.00,4251062089823,,66
Portable Blender Scale Plus,768.00,1800657507346,,29
Charger Bicycle Cooker,626.00,7552311724869,,28
Pro Scooter Max 360 Pro,116.00,5265014658561,,75
Digital Iron Microphone Mini,382.00,7037636737584,,97
Digital Bicycle Silent,890.00,4884878792399,,36
Scale Clock,117.00,7836687850606,,99
Mini Projector X,201.00,8771992184086,,95
Brush Scale Grill,976.00,6014776252017,,77
Grill,96.00,1631122218920,,85
Smart Fridge Cooker,342.00,0854547030408,,18
Silent Thermostat Digital Lite,700.00,9535847567962,,8
Portable Oven Drone,902.00,5879776810107,,97
Fast Tablet Microphone Trimmer,842.00,5782518156435,,73
Eco Mixer Drone Fan Compact Mini Mini,377.00,6493513898112,,38
Portable Fan Wireless,419.00,0639057079464,,88
Portable Headphones Compact Pro Wireless,980.00,2546074194712,,43
Rechargeable Toaster Oven,606.00,4934106112335,,71
Mini Iron Automatic Touch Silent,380.00,7415664129104,,37
Automatic Phone Scooter Pro Touch,893.00,0755036542436,,24
Ultra Heater Go Premium Max,517.00,0552945561301,,67
Rechargeable Charger Lock Oven Sense Digital,452.00,9903419958843,,57
Mini Tablet Touch Prime,437.00,8135226332429,,54
Ultra Monitor Cooler Dock,905.00,1170435349797,,77
Clean Webcam Projector Lock,678.00,7642528364979,,67
Watch Microphone Microphone,704.00,0088822625618,,20
Compact Brush Blender Sense Max Lite,933.00,3897380990833,,27
Ultra Scooter Automatic Mini,967.00,9118098923307,,27
Compact Fridge Fan Bicycle Advanced Rechargeable,497.00,4792234776429,,38
Ultra Clock Automatic Silent,681.00,8052921670345,,54
Clean Thermostat,368.00,0031865454622,,95
Pro Iron Thermostat 360 Digital,565.00,1678438569452,,37
Camera Vacuum,913.00,0030251375190,,1
Iron Monitor,817.00,3104422504942,,97
Fast Dock Plus,780.00,9313787298975,,32
Tablet,988.00,8481285535968,,19
Wireless Light Headphones Tablet,216.00,8715342867120,,52
Compact Toaster Air Sense Fast,297.00,5435931649588,,38
Pro Cooler Vacuum,36.00,4346158188440,,42
Portable Scale Trimmer Grill Portable Silent,57.00,0480526039799,,58
Thermostat Trimmer,578.00,7480680869419,,6
Grill,759.00,1476832087592,,35
Blender Treadmill Tablet,212.00,3943123613467,,13
Rechargeable Blender Toaster Camera Silent 360 Eco,4.00,6723437877017,,86
Premium Fan Iron Cooker Pro Premium Digital,822.00,1538283352350,,85
Charger,7.00,8374077380153,,44
Clean Mixer Advanced Rechargeable Lite,196.00,8285114878611,,46
Ultra Clock Pro,23.00,9283238127553,,59
Portable Fan,865.00,0206537610907,,24
Smart Freezer Prime Digital,804.00,9195444004446,,59
Premium Fan Scooter Headphones,156.00,2669124025375,,46
Scanner Drone,812.00,4468411526902,,65
Advanced Radio Stove Shaver X Advanced Silent,488.00,8227316558595,,67
Rechargeable Webcam Trimmer Projector Advanced Compact,314.00,5997294785988,,35
Rechargeable Scale Toaster Prime,109.00,1574120270395,,90
Pro Headphones Touch Smart,328.00,4108182371409,,1
Ultra Mouse Mini Pro,180.00,5105721854552,,75
Eco Vacuum Shaver Fast Eco Mini,20.00,4273520279331,,42
Fast Heater Stove Scanner Edge,537.00,1729555899752,,98
Radio Stove Shaver,85.00,9797393481578,,83
Advanced Thermostat Trimmer Eco,42.00,2032172529094,,67
Compact Watch Air,95.00,0258374152614,,57
Premium Lock Lamp Smart Silent,541.00,9829476605745,,44
Automatic Mixer Treadmill,784.00,9303518916735,,33
Camera,679.00,7102708308396,,69
Fan Thermostat,890.00,6466209266588,,57
Charger Bicycle Cooker,527.00,0041878761983,,24
Clean Brush Mini,766.00,2339513466613,,79
Wireless Camera Keyboard Advanced Compact Eco,903.00,7522918819084,,81
Mouse Monitor Phone,883.00,2437987979513,,81
Wireless Camera Premium,517.00,5363966820972,,61
Premium Charger Radio,745.00,1283609274938,,47
Digital Tablet Pro,273.00,3405829985540,,20
Brush Blender Vacuum,396.00,8313230270740,,30
Advanced Fan Iron Clock Advanced Portable,379.00,1366866206512,,20
Rechargeable Fan Eco Compact,500.00,5313855115627,,93
Pro Shaver Compact,794.00,5446070182041,,16
Mini Oven Trimmer,862.00,9596820766543,,36
Pro Drone,17.00,1536001611178,,73
Rechargeable Freezer,538.00,2185310939672,,15
Advanced Freezer,925.00,1400969180178,,32
Ultra Charger,496.00,3316807152482,,24
Advanced Monitor Brush Monitor,16.00,1404881393487,,36
Rechargeable Kettle Brush Fan Go Edge,60.00,7399681784433,,68
Fast Scale Go Ultra Plus,86.00,7732332643930,,41
Powerbank,691.00,9867670297113,,85
Clean Iron Toaster Projector,335.00,7050156794776,,56
Automatic Tablet Blender X Clean,687.00,3002369167377,,16
Cooker,295.00,0059233442736,,22
Freezer,540.00,8776630381766,,60
Premium Stove Monitor Tablet Lite Silent,119.00,3988177697681,,55
Mini Iron Microphone X Ultra,4.00,7250277725752,,70
Scale Stove,972.00,0432558366596,,15
Fast Webcam Stove Grill Advanced,741.00,6300204451092,,1
Premium Powerbank Automatic Lite,100.00,2806068120289,,42
Dock Router Webcam,496.00,7703838801155,,35
Pro Microphone Clock Silent Advanced,68.00,1484701402407,,80
Premium Trimmer Shaver,600.00,3326297832238,,98
Pro Scooter Microphone Silent,878.00,4849649624156,,98
Cooler Vacuum,139.00,4989230469046,,22
Digital Oven Mouse Cooler,564.00,7551106523946,,33
Pro Webcam Bicycle Camera X Wireless,970.00,9035693866405,,4
Portable Lamp Lamp Kettle Wireless Rechargeable Edge,494.00,6808876931923,,86
Portable Oven Speaker Fan Plus Prime,14.00,9528192141406,,74
Cooker,56.00,2225384122119,,62
Rechargeable Drone Thermostat Headphones One Clean Smart,124.00,0997946729099,,53
Heater Mixer Shaver,290.00,6857403429235,,17
Fast Printer Freezer Sense,943.00,8299114493644,,33
Premium Headphones Mini Sense Edge,801.00,8149981496395,,89
Ultra Fan Monitor Toaster,317.00,0492301481921,,56
Premium Router Scanner Mini Eco,55.00,5017954969258,,84
Silent Scooter Mini,672.00,4133279576740,,11
Premium Brush Scanner Advanced Smart Premium,683.00,5957148711983,,26
Advanced Scooter Bicycle Oven Max Automatic Digital,773.00,3677280930227,,63
Oven Speaker Fan,794.00,3575790650782,,16
Grill Trimmer,885.00,1010921077080,,30
Smart Freezer Mixer Lock Pro,544.00,8055209883628,,67
Portable Watch Thermostat Air,396.00,6036179844019,,38
Digital Scanner Tablet Radio One Eco,925.00,4659992187433,,48
Ultra Kettle Vacuum Mini Premium,105.00,6744085964935,,92
Ultra Mixer Heater,612.00,8350420596839,,97
Mini Watch,476.00,4771264260436,,81
Smart Cooker Cooler,346.00,2402121725240,,9
Mini Brush X Automatic,707.00,6042411989073,,62
Premium Fan Powerbank Touch,501.00,7899520819901,,98
Watch Fridge,700.00,9086224625008,,21
Premium Shaver Mini,578.00,9929006497779,,46
Mixer Bicycle Fridge,677.00,8830021996608,,5
Advanced Webcam Projector Lock Rechargeable,138.00,7670196359591,,35
Fast Stove Blender Oven Eco Max,319.00,9463023259991,,71
Rechargeable Lock Max Smart Edge,738.00,1524887574878,,95
Fast Printer Fan Wireless,93.00,3153636409413,,54
Automatic Trimmer,984.00,5259757355382,,29
Charger,140.00,5904265881044,,42
Pro Microphone Camera Lite,22.00,1212585962188,,33
Silent Radio Go Touch Air,516.00,0173408035421,,22
Smart Thermostat Drone Heater Silent Go,377.00,6798537417562,,76
Rechargeable Bicycle Scooter,239.00,4653373535455,,86
Clean Monitor Light Digital,327.00,9625118823221,,27
Advanced Stove Vacuum Speaker,976.00,7157225637528,,56
Premium Oven Speaker Fan Smart Go,286.00,4097430322044,,59
Premium Bicycle,91.00,1715231678391,,71
Premium Charger Cooker Thermostat Max Touch,933.00,6728550259849,,52
Silent Lock Blender Portable Clean,184.00,2508161703375,,44
Dock,117.00,8931173756482,,33
Compact Keyboard Smart,976.00,0694327172344,,35
Smart Bicycle X Automatic Mini,345.00,3969842905515,,55
Advanced Mixer Bicycle Fridge Lite Portable Air,514.00,9336558936616,,81
Automatic Speakerphone Touch Edge Automatic,440.00,1123095106354,,78
Mini Dock Powerbank Speaker Eco,539.00,8261085153551,,11
Automatic Webcam Dock Heater Air Mini,389.00,0734247934728,,38
Eco Vacuum Printer Premium Rechargeable Plus,497.00,9883025152814,,2
Speaker Router Lamp,799.00,7762287381618,,20
Freezer Projector Webcam,980.00,0164931916868,,93
Wireless Freezer X Smart,78.00,7373567653891,,21
Fast Clock Router Fridge Automatic Clean Prime,728.00,9608583345481,,1
Automatic Blender Smart Premium Lite,961.00,6082262920573,,70
Advanced Treadmill Dock Silent Mini Prime,805.00,6652323574917,,56
Fast Vacuum Ultra X Clean,822.00,5425710283058,,19
Fridge Mouse Monitor,416.00,9895893483549,,35
Rechargeable Webcam Projector Oven Advanced Automatic Compact,532.00,0972351789234,,83
Digital Freezer,84.00,6632898059552,,80
Fast Blender Blender,871.00,8055271167954,,37
Mini Thermostat Oven Max,933.00,8657427532588,,82
Wireless Printer Automatic,744.00,0371664258497,,30
Rechargeable Webcam Printer Sense,156.00,0756207617175,,77
Blender Treadmill Tablet,626.00,0270834169116,,2
Fast Router Phone Prime,922.00,2687840963450,,99
Wireless Fan Portable One,872.00,0004570416933,,74
Mixer Router Phone,652.00,1363577699985,,89
Smart Iron Thermostat Premium Fast Go,460.00,4267679318911,,20
Fast Lock Lamp Clean,317.00,4179251523166,,61
Smart Vacuum Shaver,891.00,4795586613954,,33
Portable Iron Toaster Projector,368.00,8176030768844,,92
Advanced Scanner Shaver Powerbank,768.00,9375680980685,,78
Iron Microphone,341.00,6199594698626,,40
Silent Iron Heater Automatic Lite,355.00,5168267936922,,37
Silent Trimmer Heater Clean Clean,775.00,3925535543181,,19
Smart Heater Silent Digital Clean,189.00,7003795760602,,65
Digital Headphones Stove X,5.00,5071692601207,,54
Clean Oven Trimmer,928.00,1695008538656,,8
Pro Mixer Vacuum Ultra,808.00,9085128633584,,70
Fast Radio,884.00,0080424318684,,21
Pro Mouse Powerbank Printer Wireless Eco Clean,412.00,6585701659183,,51
Fast Printer Fan Shaver,975.00,4801711891873,,85
Mini Microphone Cooler One Max,258.00,5260849594022,,18
Eco Projector Speaker Treadmill Plus Mini,656.00,0219458892253,,95
Ultra Radio Treadmill Advanced,714.00,7603411011561,,22
Automatic Phone Iron Speakerphone,837.00,3989891859522,,71
Eco Vacuum Iron Phone Smart Advanced Premium,882.00,0070836863124,,46
Smart Router Scanner Smart Rechargeable,191.00,3156593432661,,71
Smart Light Webcam Cooker,20.00,9183459458217,,62
Portable Oven Trimmer Clean,645.00,3089370054728,,15
Portable Scale Trimmer Grill Max Edge Air,119.00,0779392421426,,70
Watch Grill,296.00,3628174089323,,66
Wireless Camera Treadmill Heater Pro Digital Go,103.00,4616904890133,,72
Digital Mixer Toaster Toaster,494.00,8041134069565,,72
Heater Toaster Stove,572.00,2652531356804,,32
Clean Dock Powerbank Speaker,638.00,0502397646064,,18
Smart Grill Smart Mini Go,447.00,2663822072594,,29
Wireless Fan Go Pro Silent,189.00,9178238220888,,36
Mini Mouse Pro 360,68.00,7016158039796,,50
Microphone,877.00,5388884168807,,96
Fan,67.00,9922050576346,,66
Fast Printer X Digital,783.00,4085136216477,,80
Premium Speakerphone Oven Mini 360,254.00,2733725968116,,58
Smart Heater Cooker Plus,457.00,5829173619803,,23
Compact Router Air Go,884.00,8075884996796,,61
Premium Thermostat Trimmer Max Silent,788.00,3938504902759,,74
Rechargeable Iron Monitor Plus,906.00,7526938211170,,18
Clean Speakerphone Oven Touch Smart X,468.00,3514613169018,,7
Clean Fridge Camera,209.00,2232197331720,,58
Projector Freezer,107.00,7454197103311,,77
Smart Watch Thermostat Portable Prime,15.00,7935763558167,,35
Thermostat,894.00,8342242009857,,33
Compact Cooler Vacuum,154.00,9246342461647,,81
Mini Scale Smart Advanced Compact,240.00,8022835865861,,60
Smart Bicycle Clock Lamp,151.00,8950042207870,,42
Rechargeable Fan Advanced,925.00,0853041312317,,11
Silent Charger Lamp Premium Smart Clean,393.00,2804731956890,,9
Compact Bicycle Edge,82.00,0591199357360,,47
Wireless Printer Lock Thermostat Plus Max One,736.00,2145579938892,,76
Ultra Router Scanner One Plus,116.00,2938250086612,,76
Ultra Projector Freezer,983.00,9485922085440,,27
Pro Thermostat Speaker Ultra,234.00,5007372992501,,88
Fridge Printer Mouse,824.00,1254249724725,,89
Pro Toaster Oven Clean Smart Portable,266.00,5974686896903,,37
Mini Clock Drone Charger Air Max Smart,373.00,0424284424831,,64
Pro Headphones,998.00,6897279689159,,17
Fast Shaver Grill Silent Ultra,767.00,4401375327543,,86
Grill Grill Scale,197.00,6031029637193,,90
Smart Cooler Printer Speaker,394.00,8088642193528,,86
Premium Headphones Rechargeable,315.00,3006803140889,,16
Mini Clock Lock,592.00,1745086405712,,14
Fast Blender Blender Sense Edge Compact,295.00,2459724057377,,87
Wireless Powerbank Iron Brush Lite,480.00,9043498087550,,93
Mini Webcam Bicycle Camera,315.00,3270013708911,,17
Digital Tablet Speaker Scooter Touch Silent,330.00,4042561692160,,74
Advanced Powerbank,395.00,8021883701879,,65
Smart Shaver Thermostat Compact Eco Automatic,410.00,2547054457254,,6
Eco Webcam Scooter Pro,914.00,8389897639770,,25
Powerbank Brush Charger,893.00,3327277606078,,82
Premium Charger Max Clean,452.00,1398149744589,,48
Digital Mouse Prime,773.00,9101504767015,,46
Premium Thermostat Iron Wireless Automatic Ultra,940.00,8297109142201,,12
Wireless Light,484.00,9050993588802,,84
Compact Speakerphone Edge Air,332.00,0732104426539,,11
Compact Speakerphone Mixer Automatic Touch Fast,316.00,0249925427893,,89
Mini Scooter X,339.00,6805027967480,,89
Premium Mixer Drone Fan Silent,648.00,4154648253413,,21
Pro Router Portable Edge,957.00,1129174906372,,5
Rechargeable Grill Trimmer Eco,618.00,8492548565479,,61
Premium Grill Charger Headphones Plus Go Premium,926.00,7443401238260,,91
Silent Speakerphone Oven Rechargeable,233.00,1565487714882,,66
Wireless Projector Fast,373.00,2227369016314,,76
Eco Grill Charger Headphones Clean Touch,853.00,6200661544873,,63
Pro Mouse Mouse Router,883.00,8095205182264,,45
Mini Brush Cooler Powerbank Plus Lite,811.00,9132996651674,,71
Fan Clock Camera,248.00,6601227191751,,14
Automatic Brush Scanner Silent,341.00,2589332346829,,15
Digital Thermostat Trimmer,11.00,2097004037970,,45
Speakerphone Mixer,690.00,6134607810787,,96
Silent Powerbank Scooter One 360,275.00,4545006812043,,6
Smart Scale Digital,857.00,6640026449052,,9
Digital Blender Toaster Camera Eco Premium,222.00,0817426514321,,44
Smart Camera Vacuum Wireless Mini Automatic,93.00,8537807339641,,36
Rechargeable Cooker Brush Plus Ultra,948.00,6244947362119,,53
Premium Charger Treadmill Premium Clean Sense,455.00,8208886721459,,47
Pro Mixer 360 Prime,480.00,5796243867504,,81
Pro Clock Drone Charger Edge,524.00,3249446281261,,79
Fast Kettle,973.00,8767555219456,,29
Ultra Tablet Smart Automatic Plus,58.00,7415123870073,,12
Portable Grill,448.00,7186960543498,,60
Premium Iron Drone Pro Pro Sense,775.00,1950502588355,,56
Eco Iron Cooler Iron Eco Automatic,173.00,3719242028723,,13
Eco Powerbank Brush Charger Sense,881.00,3855782633123,,35
Pro Clock Lock Automatic Compact,908.00,8346540289430,,60
Smart Dock 360 Automatic Prime,430.00,1985724267764,,69
Clean Charger Cooker Thermostat Compact Ultra,75.00,7048656693231,,85
Fridge Fan Bicycle,409.00,2804133328820,,70
Eco Vacuum Iron Phone Automatic Smart Rechargeable,277.00,7127692592231,,89
Advanced Charger Bicycle Fan Max One Digital,737.00,1837427320225,,11
Pro Webcam Go,44.00,4613624296467,,45
Compact Shaver Drone Portable,476.00,3762689559336,,43
Automatic Drone Vacuum,963.00,3766636701199,,12
Eco Keyboard Kettle Portable Compact,724.00,6145402023371,,18
Ultra Grill Eco,872.00,3531704298693,,99
Fast Cooker,344.00,0328800914502,,21
Ultra Radio Radio 360 Air Mini,35.00,0901951409464,,74
Pro Radio Treadmill Automatic Max,883.00,1320911404254,,31
Silent Powerbank Brush Charger,873.00,7445280623724,,95
Advanced Phone Grill Rechargeable Fast Go,253.00,6295247033599,,53
Clean Toaster Scooter Air Touch,507.00,9775871668765,,38
Portable Scale Go Touch,590.00,6886599579783,,11
Portable Vacuum Eco Smart Digital,87.00,6908992474042,,18
Compact Shaver 360 Edge,701.00,6735461902122,,72
Premium Drone Thermostat Headphones Eco Automatic,800.00,6463270198787,,39
Ultra Charger One Plus,867.00,7464244033898,,35
Automatic Vacuum Iron Phone,74.00,4624329507086,,63
Fast Cooler,956.00,4195481483209,,3
Clean Powerbank Brush Charger Wireless,203.00,8992687085710,,99
Digital Brush Scale Grill Eco Premium Advanced,525.00,5348477830399,,17
Smart Dock Dock Trimmer Digital Portable Plus,694.00,0054839017111,,80
Ultra Mouse Monitor Phone Eco,482.00,9435514820270,,94
Smart Thermostat Printer Premium Wireless,591.00,9854963072397,,69
Premium Dock Trimmer One Air,121.00,6151831552948,,17
Ultra Heater Mixer Shaver Rechargeable Pro,245.00,9960152254687,,76
Smart Powerbank Radio Digital 360,60.00,5843510265584,,25
Wireless Thermostat Stove Lamp,903.00,7726568092617,,43
Pro Watch Compact X,672.00,5866438811114,,13
Advanced Powerbank Air X,112.00,3894927106191,,71
Fan Cooler Vacuum,341.00,1577286349493,,78
Pro Thermostat Edge,957.00,0465076777889,,68
Automatic Projector Speaker Treadmill,451.00,6676366921446,,49
Fast Vacuum Go Air Smart,167.00,0198561264082,,3
Wireless Freezer Mixer Prime,447.00,3814418523689,,93
Fast Camera Pro Sense Fast,619.00,0826749930701,,63
Premium Powerbank Radio,114.00,1185508279284,,30
Smart Watch Headphones Kettle,714.00,6608361487108,,58
Mini Webcam Scooter Sense Plus Touch,501.00,1834235465070,,43
Freezer Projector Webcam,575.00,4969196589576,,21
Silent Projector Rechargeable Rechargeable Prime,38.00,9390288556551,,80
Compact Headphones Digital Eco,872.00,9655542100834,,57
Silent Vacuum Fan Edge Mini X,807.00,7079926573083,,68
Digital Router Lamp Ultra Smart Smart,714.00,9182206312598,,70
Advanced Fan Monitor Toaster Advanced,654.00,1063172590563,,27
Silent Powerbank Automatic,243.00,6761970475888,,83
Eco Cooler Advanced Mini,545.00,0684605466999,,27
Advanced Lock Lamp Clean Lite Plus,411.00,8108645621399,,32
Wireless Fridge Portable,48.00,5392291999213,,51
Headphones,779.00,4746376144363,,28
Eco Fan Lamp Smart,92.00,8734372628938,,22
Lock,400.00,9944912806316,,76
Smart Router Automatic,583.00,4246595556454,,64
Camera,855.00,8840967751001,,23
Silent Camera Silent Mini Max,221.00,4603151176479,,57
Rechargeable Lock Go Smart One,135.00,2902457406368,,58
Compact Oven Mouse Cooler X Rechargeable Smart,177.00,9771145452511,,85
Digital Speakerphone Stove Tablet,737.00,6239145273190,,15
Smart Mouse Lamp Wireless,309.00,5392590753394,,91
Ultra Toaster,923.00,5655454779894,,44
Brush,766.00,7109150334577,,12
Thermostat Microphone Scooter,580.00,6217048791034,,84
Rechargeable Powerbank Air Smart Smart,326.00,8376085942378,,54
Automatic Dock Clean Portable,335.00,7632558287553,,92
Automatic Radio Stove Shaver Prime,538.00,0926410496052,,70
Compact Mixer Vacuum,642.00,1793677990420,,65
Portable Stove Digital Wireless Premium,478.00,3874785884042,,32
Fast Blender Cooker Sense Mini Rechargeable,47.00,7759263496237,,41
Smart Scanner Keyboard Monitor Digital,578.00,9241435562171,,41
Digital Mixer Treadmill,48.00,4731722997694,,93
Mixer,502.00,2721634527906,,41
Heater,810.00,9147968652795,,76
Automatic Cooler Fan Prime,436.00,3471925383689,,36
Smart Shaver Mini Fast,144.00,0804600419176,,5
Smart Headphones 360,903.00,0787009502352,,6
Silent Mouse One,870.00,8267893881051,,89
Portable Drone Silent,783.00,4095426181279,,70
Eco Toaster Prime,830.00,1113061244296,,32
Mouse,668.00,6464402196398,,97
Smart Fridge Camera X Wireless,433.00,4542524812227,,94
Premium Webcam Stove Grill Digital,713.00,3249526500695,,63
Clean Fan Powerbank Touch Max,810.00,2157326013776,,51
Advanced Charger Stove Watch,455.00,6204550164692,,42
Scooter Dock Shaver,421.00,4591794145085,,93
Mini Speaker,443.00,8684281021286,,35
Fridge Fan Lamp,869.00,1743229408101,,3
Mini Toaster,800.00,7132432881766,,41
Advanced Fan Clock Camera,315.00,4020519132852,,74
Rechargeable Lamp Blender Drone One Eco Wireless,920.00,1230914742041,,82
Mini Fan,50.00,4305911036411,,56
Automatic Kettle Vacuum Mini,994.00,3759522407336,,6
Mini Keyboard Speakerphone Fan Prime Smart Plus,970.00,4902496755685,,97
Compact Powerbank Mini 360,415.00,0469533858432,,56
Pro Scooter Bicycle Oven Ultra Lite Portable,195.00,6099794006880,,40
Premium Headphones,768.00,2276628411810,,12
Scooter Scale Cooler,171.00,3951883546796,,77
Speakerphone,536.00,1481596494005,,31
Pro Phone Speaker Blender Eco,986.00,4694620723416,,73
Radio Light Fan,847.00,5064796929049,,25
Mini Charger Cooker Thermostat Touch,669.00,2950526527797,,75
Fast Radio X 360 Wireless,521.00,5473514016174,,51
Rechargeable Camera Touch Automatic,686.00,5663755933457,,20
Compact Charger,413.00,1764188204153,,72
Drone,844.00,8746745449040,,46
Pro Stove Blender Oven Automatic,641.00,7625599499351,,64
Powerbank Cooker Iron,777.00,4112959448324,,99
Wireless Speakerphone,804.00,5252663069992,,10
Automatic Shaver Blender,273.00,8878950025341,,84
Projector Speaker Treadmill,690.00,5530749178685,,8
Camera,553.00,6851808815587,,15
Ultra Grill Tablet Fridge Pro,435.00,0823386700230,,46
Smart Toaster Portable Advanced,416.00,0257725408240,,19
Silent Treadmill Smart,134.00,9239619286852,,82
Silent Charger Advanced,435.00,7848495608966,,89
Ultra Tablet Speakerphone Prime,935.00,1701303681857,,98
Clean Heater Monitor Silent Portable,632.00,2230503190689,,76
Clean Freezer Max Premium Compact,994.00,8136815438416,,23
Smart Fan Powerbank Sense,565.00,8538526393686,,39
Digital Webcam Projector Oven Wireless Sense,443.00,0624769420161,,88
Clean Blender Toaster Camera Silent Plus Eco,503.00,7471627899811,,11
Digital Cooler Watch Fan Eco Advanced,987.00,7530806213579,,23
Pro Trimmer Premium Mini Clean,48.00,2379831763315,,24
Portable Freezer Pro Smart 360,981.00,1017519982580,,3
Premium Mouse Powerbank Printer Eco Smart Advanced,763.00,2896500886392,,96
Smart Brush One,507.00,5408815814921,,54
Silent Trimmer Stove Max One Rechargeable,371.00,4968232460312,,47
Clean Stove Rechargeable,516.00,8748310951798,,14
Wireless Thermostat Air Silent Go,443.00,3755289448841,,29
Clean Brush Blender Prime Eco 360,98.00,6214320358152,,66
Pro Heater Thermostat 360 Smart,172.00,8103382809871,,59
Clean Brush,183.00,5325966049883,,22
Wireless Trimmer Cooler,66.00,0370054763115,,81
Ultra Monitor Go Fast Advanced,858.00,8718640507149,,84
Clean Shaver Go Go,934.00,5393034637805,,42
Smart Scale Headphones X,842.00,8224609062111,,2
Portable Freezer Pro,578.00,9965176827114,,65
Wireless Phone Speaker Blender Fast Wireless,410.00,0840421451346,,1
Shaver Blender,729.00,2342818387996,,12
Rechargeable Printer Plus Clean Max,364.00,3426133797971,,71
Wireless Toaster Light Monitor Compact,986.00,1665742071894,,47
Iron Monitor,809.00,4943928334962,,83
Silent Tablet Portable Compact Pro,736.00,9621732876018,,20
Digital Iron Drone Compact,282.00,5296699161152,,8
Oven Mouse Cooler,176.00,4687280957222,,68
Eco Speakerphone Oven Touch Max Air,234.00,4834465630337,,51
Ultra Fan Scooter Headphones Smart,220.00,3612484770873,,73
Eco Microphone Touch Rechargeable Air,412.00,8188536572405,,28
Silent Lock Lite,891.00,7035609121521,,11
Mouse Powerbank Printer,619.00,3907168989208,,58
Blender,449.00,8647588249869,,56
Ultra Cooler Vacuum Digital,662.00,7234539346893,,25
Clean Grill Microphone Projector,427.00,6536186400777,,83
Wireless Bicycle One,363.00,5772525636099,,42
Vacuum Shaver,253.00,1089557907542,,18
Mini Shaver Grill,608.00,7384010765764,,55
Eco Speakerphone Stove Tablet Digital,973.00,3541918243600,,93
Compact Vacuum Premium Wireless Mini,314.00,8761106589470,,89
Compact Trimmer Webcam Heater,310.00,7353524389216,,11
Premium Router Keyboard Automatic 360 Pro,537.00,1850744325674,,97
Router Scanner,80.00,5095595383282,,12
Clean Lamp Max Automatic Max,891.00,4484135072617,,59
Pro Tablet Blender X,14.00,0413788662559,,65
Fast Charger Lamp,312.00,0199645176406,,64
Portable Webcam Projector Lock Mini Prime Smart,585.00,7797321578433,,46
Ultra Projector Mini Eco,860.00,9484515935414,,55
Pro Thermostat,736.00,9831819464070,,29
Wireless Thermostat Touch,965.00,2722597933568,,26
Ultra Microphone,684.00,8456535361871,,83
Digital Brush Blender Vacuum One Compact,686.00,1033212902700,,63
Automatic Shaver Premium,709.00,9321213930368,,30
Silent Mixer,617.00,6941946093777,,91
Automatic Powerbank Edge Portable,730.00,3286828839399,,94
Smart Mixer Compact Automatic,171.00,7793335725948,,30
Smart Radio,237.00,8901889455108,,78
Grill Brush Watch,257.00,1014657057163,,4
Compact Bicycle Microphone Advanced Silent Wireless,741.00,8757541896105,,65
Fan Thermostat,733.00,5123970348448,,50
Smart Fan Scooter Headphones,151.00,1047393931039,,61
Automatic Cooler Fan Prime,105.00,3695688300077,,39
Charger Monitor Brush,358.00,2873691685683,,44
Pro Fan Cooler Vacuum Ultra Automatic,628.00,1192256477268,,61
Toaster Scanner,923.00,7212746854448,,14
Ultra Watch Eco,232.00,4377105105869,,17
Pro Router,858.00,7830176177618,,25
Smart Heater,322.00,6004030468445,,37
Portable Kettle Edge,439.00,2716232612857,,66
Mini Kettle Clean,356.00,1144146776128,,48
Advanced Tablet Go,126.00,7184695115133,,94
Wireless Fridge Max,393.00,5094270001145,,28
Smart Router Smart,611.00,9347645221331,,85
Light,908.00,8530811050816,,88
Lamp,351.00,8338133675607,,96
Fast Watch Tablet Printer Sense Touch,91.00,8967565536110,,33
Pro Cooker Cooler,919.00,1481254715558,,76
Portable Grill Tablet Fridge Edge,519.00,3579148682609,,75
Rechargeable Scanner Keyboard Monitor Clean 360,889.00,7627996749817,,17
Fast Speakerphone Oven Lite Mini,511.00,5278865281178,,59
Brush,835.00,3212063069949,,86
Phone Scooter,793.00,2941077772231,,19
Premium Trimmer Stove,242.00,8105379760325,,20
Premium Speakerphone Eco,88.00,8557531968023,,87
Ultra Vacuum Webcam Smart Wireless X,597.00,0358178003805,,46
Clean Tablet Speaker Scooter Air Max,922.00,1057648241653,,72
Drone,57.00,4117699412376,,46
Pro Tablet Speaker Scooter,247.00,6358364964501,,69
Microphone Headphones,132.00,7280944399047,,50
Fan,841.00,1935974478953,,4
Automatic Bicycle Scooter Advanced Premium Go,902.00,5809939437322,,32
Automatic Heater Portable,551.00,0970580452097,,93
Clean Scooter Bicycle Oven Edge,96.00,0537084180415,,37
Smart Camera Vacuum,484.00,5959320838242,,60
Webcam Bicycle Camera,319.00,6160040838071,,12
Ultra Lock Lamp Compact Edge One,816.00,4144523953651,,71
Ultra Kettle Premium,745.00,7973169298768,,64
Eco Camera Treadmill Heater Go,634.00,1465020873017,,57
Wireless Lamp Freezer Rechargeable Premium Premium,915.00,4381648140799,,90
Compact Lock Lamp Pro,748.00,8882706488458,,4
Mini Lock Freezer Pro,482.00,3830973315866,,14
Eco Camera Digital Touch,435.00,8343678775088,,51
Ultra Monitor Brush Monitor,766.00,4901706800948,,20
Drone,962.00,9096502651865,,32
Silent Blender Touch,693.00,8023872486514,,37
Dock,880.00,1577909117560,,31
Portable Microphone Headphones,1.00,2230860206498,,92
Printer,100.00,2324838000185,,81
Wireless Shaver,239.00,4612514840414,,23
Wireless Brush Cooler Powerbank Air X,992.00,1263683944248,,7
Advanced Powerbank Smart Edge Digital,855.00,9519531982422,,59
Wireless Monitor Cooler Dock Eco,169.00,4158395795493,,47
Compact Projector Brush Smart 360 Premium,597.00,7352990973448,,48
Digital Projector Go One,543.00,8050558682724,,13
Pro Charger Tablet Brush Air,773.00,8313241319476,,79
Wireless Grill Charger Headphones,276.00,3753777167014,,58
Silent Brush Scanner Silent,176.00,2921504953402,,55
Smart Webcam Powerbank Smart X,413.00,6765563385349,,51
Charger Bicycle Fan,803.00,4998354710804,,72
Tablet Blender,761.00,2317279164400,,89
Automatic Headphones Silent Smart Max,250.00,4042219576682,,99
Eco Radio,256.00,2024364548587,,51
Premium Radio Prime Rechargeable Premium,629.00,8376760765353,,15
Ultra Iron Heater Smart Rechargeable Digital,805.00,5780481993460,,29
Compact Webcam Dock Heater Max,820.00,4435499605768,,41
Webcam Powerbank,656.00,1929865247865,,9
Router Freezer Webcam,848.00,0672083088208,,5
Portable Thermostat Iron Digital Pro,291.00,0380426751619,,38
Mini Scooter,228.00,0635639680554,,83
Advanced Scanner Shaver Powerbank Lite Portable Smart,55.00,9818470292433,,23
Portable Heater Smart Edge,436.00,6817062113135,,1
Automatic Blender Blender,209.00,2476313772381,,68
Ultra Headphones Prime,681.00,6221139164225,,89
Digital Stove Iron Portable Fast Digital,315.00,4738943407308,,89
Portable Iron Smart Mini Compact,957.00,4737321597594,,62
Compact Fan Mini,441.00,5286190117840,,30
Mini Oven Drone Mini Portable,999.00,9179228959115,,88
Premium Vacuum Silent Go Air,75.00,7252482793694,,72
Digital Dock,351.00,7275371000949,,23
Shaver Grill,281.00,0590046782690,,31
Treadmill,221.00,2162460146891,,75
Dock,715.00,2444856040861,,77
Speakerphone Oven,235.00,0398937031335,,78
Portable Iron Smart,334.00,4129037823195,,38
Portable Lock Bicycle,631.00,0399576248849,,19
Wireless Iron Drone Clean Lite Smart,713.00,0981741642042,,97
Premium Shaver Grill Max Eco Compact,437.00,7766430552504,,22
Rechargeable Iron,658.00,4278143667497,,80
Fast Lamp Lamp Silent Silent Lite,289.00,4800661639283,,63
Portable Mouse Portable Touch Fast,679.00,0727979606681,,4
Advanced Lock Bicycle Fast Max,177.00,2227485787938,,44
Fast Projector Sense One Pro,77.00,2162419488966,,7
Ultra Trimmer Clock Go Rechargeable,493.00,7668713082039,,44
Lamp,56.00,6137707154744,,71
Trimmer Heater,3.00,9276273752804,,72
Compact Bicycle Microphone Lite One Portable,857.00,6704411251184,,29
Fast Scooter Portable X Lite,710.00,0054500500126,,73
Compact Thermostat Stove Lamp Advanced One,738.00,9276177205611,,48
Premium Radio,5.00,2688891760364,,59
Compact Drone Plus,850.00,5466747363924,,99
Premium Thermostat Webcam Bicycle Clean,697.00,8126581255119,,74
Portable Speakerphone Charger Eco Touch,302.00,2773651873542,,99
Fast Fridge Printer Mouse,131.00,7935313674897,,78
Automatic Trimmer Premium,570.00,8122610903259,,52
Portable Camera Eco,381.00,2655903456188,,51
Automatic Shaver Blender Pro,522.00,6354360575338,,23
Portable Cooler,999.00,6556315443963,,56
Fast Lock Thermostat Smart,727.00,7922511412215,,60
Compact Radio,98.00,7839724456687,,40
Digital Dock Speaker Phone Pro Go,159.00,9897196605918,,59
Mini Light Toaster Compact Touch,948.00,8333809467821,,1
Premium Fan Fast Wireless,607.00,1131434277566,,92
Automatic Grill Grill Digital,825.00,2745569644910,,78
Smart Clock Drone Charger Compact,27.00,7640179680059,,34
Compact Thermostat Speaker,579.00,7503702062459,,63
Pro Speakerphone,332.00,9854929935391,,69
Webcam Webcam Stove,954.00,7321871943436,,12
Portable Freezer Mixer One,767.00,8007075412556,,65
Automatic Brush Advanced Plus,887.00,5603575329467,,34
Cooker Mouse Bicycle,801.00,7767059252097,,17
Premium Light Headphones Tablet Smart Edge Lite,691.00,9947485893189,,42
Charger Bicycle Fan,94.00,4033687454961,,49
Pro Shaver Wireless 360 Ultra,144.00,2554807362055,,10
Compact Camera Drone Fan,811.00,4513468170247,,39
Mini Router Scanner,7.00,8939098490153,,30
Eco Printer,144.00,1750721775662,,39
Mini Headphones Fast Go Digital,558.00,1434433880288,,89
Silent Projector,327.00,4753380452629,,31
Fridge Fan Bicycle,408.00,4305810827318,,13
Smart Fan,201.00,4224492099441,,85
Cooler,170.00,4262886187855,,91
Silent Watch Touch,756.00,9819928082521,,38
Dock,152.00,1207533013500,,6
Automatic Charger Treadmill,69.00,0967227613508,,78
Pro Mouse Lamp Eco Sense,702.00,0419703091633,,54
Eco Tablet,336.00,4266958997021,,80
Rechargeable Watch,324.00,6498592271344,,98
Cooler,729.00,7554538838169,,33
Pro Tablet,192.00,4560195026705,,31
Mini Tablet Portable Lite,885.00,0425888377493,,76
Compact Lock Automatic Edge,542.00,9437200489358,,48
Wireless Charger Touch Pro Smart,367.00,3832630328295,,39
Dock,110.00,2930908176874,,82
Advanced Mouse Monitor Phone Wireless Edge Mini,281.00,2135899913792,,12
Premium Scale Trimmer Grill Digital,324.00,4113662645529,,32
Clean Tablet Sense,737.00,8578492284847,,97
Mini Keyboard Speakerphone Fan,119.00,0135776905614,,3
Mini Printer Fan Shaver One Automatic,417.00,4076801098115,,64
Premium Tablet Fast Lite Wireless,339.00,6810724421975,,93
Advanced Vacuum Air,444.00,1078394215309,,67
Smart Speakerphone Portable Wireless Wireless,823.00,1421081882160,,22
Rechargeable Webcam Bicycle Camera Automatic Fast,324.00,1397088834092,,74
Mini Mouse Heater Max Rechargeable,145.00,8288227915143,,53
Compact Powerbank Projector Digital Prime,457.00,3909539470575,,41
Smart Vacuum Cooler Touch,77.00,7360888023083,,16
Brush,638.00,9969567572324,,98
Rechargeable Projector Automatic Advanced,931.00,9401111935686,,33
Webcam Printer,997.00,9475497664423,,71
Portable Brush Fridge Drone Air Edge,560.00,3768539674136,,31
Heater Keyboard,809.00,7898785809603,,49
Clean Radio Automatic Premium,695.00,6004813337876,,39
Digital Scooter,105.00,2544030830209,,30
Eco Mixer Bicycle Fridge Clean,10.00,1312894502256,,95
Watch,263.00,1975209396485,,28
Premium Mixer Freezer Trimmer X,905.00,4735325584077,,27
Camera,889.00,4822893505006,,49
Mixer Drone Fan,330.00,2715538499940,,66
Automatic Camera Router Fan,689.00,3512780467722,,83
Shaver Drone,40.00,9783644590656,,37
Pro Freezer Touch Smart,513.00,2334791855326,,74
Pro Camera Treadmill Heater Ultra,365.00,8939694429601,,23
Mixer,934.00,6532433384258,,49
Fast Toaster Scanner Touch Max Wireless,320.00,8944225315322,,48
Pro Toaster Max,794.00,6591453121960,,22
Heater,477.00,1004314940914,,22
Advanced Freezer Mixer,846.00,7923443408802,,89
Premium Lamp Touch Premium Lite,112.00,1754316369229,,52
Fast Drone Smart Ultra,860.00,2712246896283,,99
Digital Thermostat Microphone Scooter Prime X Premium,834.00,5184315123533,,10
Scale Trimmer Grill,247.00,1841607953851,,80
Wireless Tablet Silent Portable Premium,364.00,1663297507820,,93
Wireless Mixer Vacuum Ultra Fast,509.00,4913572921184,,49
Pro Kettle Brush Fan Portable Pro,127.00,9870509903994,,34
Digital Bicycle Speakerphone Printer,385.00,8084256383218,,78
Rechargeable Camera Smart,45.00,8223368508106,,21
Wireless Shaver Mouse Compact,30.00,9491628914106,,95
Camera,36.00,9964873887735,,38
Clean Thermostat Trimmer Automatic,715.00,4405026084809,,27
Compact Fan,477.00,8712568985621,,41
Wireless Speaker Powerbank Camera Fast,776.00,9144635900609,,72
Premium Printer Fan X Digital 360,298.00,9669240172673,,63
Mini Thermostat Speaker,173.00,7416069612260,,67
Clean Mouse Fast,153.00,7267732867568,,24
Digital Light Headphones Tablet Plus Sense Plus,959.00,8797525921409,,25
Cooler Vacuum,642.00,6645124453352,,55
Wireless Router Lamp Prime Edge,583.00,5587415939163,,74
Eco Thermostat Camera Watch,549.00,0751578431207,,14
Portable Lock Pro,594.00,5346514938725,,4
Fan,598.00,6557191931728,,95
Compact Cooler Pro Compact Touch,331.00,4167759199020,,32
Portable Watch Camera Plus,250.00,8219513197134,,71
Silent Grill Grill Smart Automatic,683.00,5300009895719,,72
Advanced Powerbank Advanced,973.00,9344841147069,,25
Portable Freezer Rechargeable,584.00,8266593150573,,15
Rechargeable Microphone Lite Ultra One,975.00,2956795808568,,57
Pro Lamp Freezer Edge Lite,834.00,4438350480306,,45
Rechargeable Thermostat Camera Watch Ultra Automatic Pro,666.00,8900863799559,,69
Dock Router Webcam,620.00,2564377265663,,75
Silent Toaster Clock Monitor Silent Mini,64.00,9645566175444,,99
Cooler Fan,944.00,1105816757502,,79
Pro Brush Blender Vacuum,212.00,2643932263846,,99
Dock,691.00,5913691949365,,74
Smart Speaker Powerbank Camera,977.00,0918149532231,,77
Automatic Heater Cooker X Lite,737.00,2782438484406,,44
Fast Mouse Powerbank Printer Smart Air Smart,34.00,2321696956302,,25
Keyboard Speakerphone Fan,691.00,8264205408623,,36
Rechargeable Printer One Premium Clean,230.00,5740983718961,,47
Wireless Light Rechargeable Fast,690.00,6947272427286,,58
Clean Grill Tablet Fridge Sense Mini,442.00,5078562680560,,83
Clean Webcam Trimmer Projector,360.00,2625131082404,,68
Rechargeable Scanner Mini,854.00,9956250062552,,41
Premium Treadmill Dock Portable Air,123.00,2663391309121,,94
Digital Blender Scale,68.00,6681674167059,,30
Automatic Mixer Freezer Trimmer Clean,780.00,9024407048893,,34
Smart Headphones Sense Air,429.00,8044524991422,,21
Iron Microphone,336.00,9574316027422,,21
Mini Printer Freezer,880.00,0252716946190,,34
Ultra Thermostat Oven Go Pro,970.00,3857969798045,,89
Mini Thermostat,674.00,7656345146854,,46
Watch,413.00,0829588949743,,83
Eco Fridge Plus Wireless Smart,225.00,0924323821824,,92
Premium Headphones Pro,470.00,0279870392366,,67
Portable Mouse Plus,766.00,2297682850452,,59
Bicycle Speakerphone Printer,739.00,2844309024385,,48
Mixer Toaster Toaster,725.00,9541639241682,,71
Automatic Projector,395.00,9071665589453,,67
Mouse Mouse Router,442.00,0572797017931,,47
Mini Powerbank Router,143.00,2118648079444,,75
Digital Grill Brush Watch Smart Air,328.00,5117814774371,,13
Automatic Light Heater Clock Prime Eco X,330.00,1868079487493,,84
Automatic Radio Treadmill,744.00,4495809308215,,79
Projector Oven Thermostat,718.00,6973604305236,,61
Thermostat Iron,436.00,5734380967060,,18
Compact Cooker,41.00,6021243097965,,28
Mini Mixer,306.00,4465601309222,,83
Premium Radio Stove Shaver Edge Air,109.00,2641679872970,,24
Fast Scale Headphones Smart Premium,123.00,7999147831123,,50
Trimmer Stove,882.00,7069437821056,,13
Ultra Fan,992.00,9113752871055,,10
Compact Powerbank Iron Brush,187.00,0641360825836,,5
Heater Mixer Shaver,283.00,2425966925095,,1
Silent Stove Clean Automatic,521.00,1140589575250,,23
Clean Fan Cooler Vacuum Premium,671.00,2829897967399,,58
Scale,701.00,8127212758702,,72
Smart Drone Thermostat Headphones Lite,195.00,7946777991437,,98
Clean Bicycle Max Portable,202.00,0359939252685,,88
Automatic Mixer Treadmill Wireless,931.00,6150219829849,,2
Portable Bicycle Lock Fan Automatic Smart Touch,23.00,2693055142030,,5
Automatic Radio Lite Compact,482.00,4013579040977,,82
Advanced Grill Microphone Projector,662.00,9125761426072,,30
Thermostat Oven,582.00,6973179890564,,12
Oven Drone,968.00,2734077419004,,13
Digital Watch One Go,371.00,6046869622056,,39
Smart Mouse,697.00,8044257957061,,8
Portable Camera Treadmill Heater Clean,67.00,3931299831549,,87
Mouse Powerbank Printer,610.00,9824570620137,,43
Mini Phone Iron Speakerphone Ultra,120.00,4274409622712,,49
Clean Lock Lamp Sense Eco,865.00,2963697275473,,48
Eco Clock Lock 360 Sense,37.00,6910239633112,,46
Scale,937.00,6043563958276,,94
Smart Tablet,656.00,3181989739239,,47
Mini Scooter Dock Shaver,249.00,6130143437259,,54
Digital Mouse Radio Light Max,674.00,6592921212678,,64
Wireless Brush Fast,644.00,3807972945110,,14
Speaker Iron Grill,161.00,0500735518523,,39
Wireless Stove Iron,223.00,8001318513895,,43
Rechargeable Thermostat Iron,781.00,7515025300842,,3
Clean Bicycle Microphone,519.00,1288218196879,,5
Ultra Trimmer,701.00,4751494710208,,53
Wireless Printer Sense Edge Compact,889.00,4102542619880,,56
Eco Mouse Premium X,841.00,5809757498055,,81
Automatic Scale Toaster Max,86.00,5831206466520,,48
Fast Radio Bicycle Cooler Digital One Advanced,784.00,4283246415715,,4
Clean Lock Digital Prime,646.00,1510564042587,,40
Premium Grill Charger Headphones Edge Lite Fast,727.00,8493305229153,,58
Charger Tablet Brush,567.00,2071433628459,,93
Rechargeable Radio Radio,575.00,4535489052791,,38
Silent Drone Printer,416.00,0238731588416,,51
Digital Tablet Blender Digital Smart Premium,395.00,3941964212054,,8
Eco Scale Trimmer Grill,823.00,6796562351233,,45
Wireless Fridge Freezer Digital One Sense,667.00,2990838084489,,42
Pro Blender Wireless Digital,422.00,4901907682244,,79
Headphones Charger,693.00,0197618959735,,40
Compact Brush Lock,772.00,7202567009639,,12
Advanced Printer Advanced Pro Silent,706.00,6747776093198,,58
Ultra Radio,774.00,7914609974262,,22
Mini Router Freezer Webcam,812.00,2800548533262,,8
Scanner,538.00,0677398552789,,86
Silent Radio Treadmill,658.00,9323613898729,,27
Vacuum,284.00,5942142633300,,28
Charger,338.00,2078565684643,,98
Eco Fan Monitor Toaster Prime,316.00,1923678519249,,58
Premium Microphone Clock,844.00,4148873987502,,15
Trimmer,982.00,1966447408900,,81
Advanced Watch X Lite,596.00,0844436022751,,79
Automatic Grill Charger Headphones Silent,622.00,8036251220746,,56
Automatic Tablet Speaker Scooter Prime Mini Digital,297.00,3536647411635,,21
Silent Keyboard Ultra,362.00,1564827271702,,75
Clean Powerbank Router 360 One,911.00,1520714267616,,32
Smart Clock,389.00,5328085767317,,47
Clean Watch Tablet Printer,163.00,3255915245924,,57
Compact Powerbank Scale Sense Touch Sense,262.00,1712328214692,,99
Eco Microphone Headphones Pro,669.00,4678666289938,,86
Fridge Mouse Monitor,320.00,6204249819131,,27
Rechargeable Tablet Powerbank Blender,313.00,1510256557764,,18
Powerbank Projector,992.00,7457123691876,,76
Router,610.00,9323471133918,,80
Compact Light Headphones Tablet Clean Advanced,222.00,1021105970561,,7
Thermostat,107.00,2143148444034,,45
Advanced Scale Sense Mini Automatic,638.00,7737212931503,,64
Pro Router Eco Sense Portable,634.00,0315226728981,,16
Fast Shaver Blender Edge Sense Silent,911.00,9458228746544,,20
Wireless Heater X Plus,781.00,7153556724692,,77
Clean Cooler Vacuum Plus,278.00,1429491050384,,91
Advanced Watch,93.00,5651687303103,,15
Eco Microphone Lite Eco Touch,413.00,2521191215960,,56
Portable Drone Pro Plus Lite,447.00,2054586504641,,24
Speakerphone Mixer,473.00,1816939799880,,29
Printer Charger Brush,164.00,5226623688677,,41
Fast Printer Fan Shaver Ultra,791.00,7683761299987,,2
Wireless Speaker Keyboard Plus,335.00,3416103455215,,80
Compact Freezer Prime Compact Eco,189.00,0796673077707,,44
Ultra Stove Light Air,810.00,9379408733973,,37
Eco Powerbank Iron Brush Prime,804.00,4896535724605,,10
Grill Grill,345.00,2302809444923,,8
Smart Cooker Mouse Bicycle Mini Advanced,732.00,6306432791818,,44
Clean Cooler Smart Go,437.00,8074015165971,,16
Mini Phone Speaker Blender Pro Eco,351.00,5071650821500,,83
Oven Drone,831.00,5145303136942,,53
Eco Scale Clock Ultra Automatic One,144.00,5520593024955,,30
Clean Drone Lite Max,626.00,4233478117529,,6
Rechargeable Toaster Clock Monitor,784.00,1231498575889,,53
Light Heater Clock,732.00,8960824918214,,69
Speakerphone Scanner Monitor,22.00,0757914010921,,29
Ultra Radio Silent,440.00,8702808044522,,88
Rechargeable Phone Speaker Blender Wireless,74.00,6969398710738,,31
Compact Powerbank Scale,801.00,2104260026881,,10
Compact Treadmill Pro,729.00,7236377490004,,4
Smart Camera Bicycle Speakerphone Edge,103.00,9177245491755,,95
Wireless Mouse Treadmill Phone Go Digital,722.00,5314413298226,,65
Freezer Mixer Lock,736.00,4341355539606,,76
Compact Shaver Ultra Smart 360,678.00,1078396678348,,65
Ultra Webcam Toaster,261.00,4859478709979,,30
Automatic Lock Camera Premium,821.00,6182756941883,,37
Rechargeable Trimmer Shaver Wireless One,812.00,6993790025268,,7
Radio Stove Shaver,139.00,1239038973461,,90
Vacuum Webcam,809.00,8381737765281,,30
Clean Oven Automatic Prime,237.00,7612866214373,,98
Portable Grill Grill Pro Lite Clean,888.00,4027004356427,,58
Wireless Powerbank,265.00,0928296498021,,44
Compact Thermostat Speaker,889.00,4695559985883,,89
Digital Grill Tablet Fridge Go,892.00,5797212575475,,81
Fast Powerbank Projector,68.00,6648254553190,,64
Eco Tablet Powerbank Blender Touch Max Smart,973.00,1765754290082,,30
Clean Charger Radio X Clean Compact,713.00,8444415241481,,32
Mouse Lamp,448.00,6591331871185,,38
Fast Lock Wireless Rechargeable,483.00,9727558031966,,7
Wireless Projector Oven Thermostat Digital,979.00,4575358104343,,76
Digital Powerbank Radio Eco Go Lite,790.00,8077021696149,,10
Pro Lamp Blender Drone Ultra,944.00,8003739200347,,14
Scanner Mouse,450.00,1759553750625,,48
Portable Scanner Eco X,190.00,8292774825077,,35
Advanced Oven Trimmer Dock Mini Smart Lite,163.00,4714509146058,,13
Watch Headphones Kettle,422.00,5994526653015,,82
Thermostat,285.00,5862583904756,,29
Rechargeable Charger Treadmill Portable Touch X,468.00,7918357820161,,16
Ultra Stove Iron Pro,883.00,9592834733984,,60
Silent Heater Max Advanced,432.00,5738335950824,,65
Automatic Microphone Camera Prime Digital,317.00,1279977130402,,30
Advanced Brush Edge Touch,375.00,0531272005825,,92
Compact Scooter Bicycle Oven,438.00,6467197284226,,96
Dock,691.00,7333771454516,,94
Lock,267.00,9247728324488,,69
Digital Drone Mini Advanced,46.00,5911354494535,,20
Wireless Fridge Silent Plus Fast,841.00,2536495276821,,15
Smart Speakerphone Charger Sense Prime Digital,995.00,9880875386482,,83
Silent Light Toaster Air,350.00,5549837695997,,25
Premium Cooler One,159.00,8174734766180,,47
Portable Tablet Speakerphone Edge Eco Lite,40.00,2428738505792,,68
Mixer,544.00,1597370802277,,51
Tablet Router Printer,421.00,9524153093289,,62
Smart Cooler Printer Speaker X Go,504.00,5005995799507,,18
Clean Headphones Clean Digital Ultra,373.00,6385300638530,,11
Clean Speakerphone Mixer Air Prime X,76.00,1020722292667,,3
Fast Treadmill Edge Pro,773.00,8081757863645,,41
Rechargeable Treadmill Dock Automatic,35.00,5952430206949,,79
Iron Cooler Iron,950.00,7159556379702,,41
Automatic Freezer Silent Premium Portable,584.00,7913410099478,,56
Lamp Speakerphone Headphones,684.00,0182559920197,,77
Compact Mixer Grill X Fast,774.00,9530346291431,,36
Smart Printer Smart 360,659.00,4004355779709,,93
Ultra Charger Stove Watch Smart Smart 360,387.00,2603924730084,,36
Smart Powerbank,751.00,2006098002504,,7
Clean Cooler Watch Fan Max,78.00,0387622597270,,51
Smart Mixer Lamp,362.00,0655104821145,,85
Scooter Dock Shaver,992.00,0412283965202,,67
Rechargeable Iron Cooler Iron,831.00,1536638087711,,51
Rechargeable Lamp Freezer Advanced,654.00,8501651075529,,64
Portable Vacuum Webcam,294.00,0320408649190,,14
Advanced Phone,898.00,3952813854448,,50
Wireless Fan Clock Camera Plus X Air,651.00,4800117703377,,95
Digital Scale Touch Plus Digital,311.00,7050710603988,,61
Eco Vacuum Rechargeable Smart,449.00,1059628232521,,85
Clean Mixer Toaster Toaster,220.00,8727615963965,,73
Microphone,367.00,5026498579588,,66
Automatic Cooler Compact Sense,245.00,9367791097215,,78
Compact Mixer Router Phone 360 Max,137.00,6854382928865,,86
Automatic Fan Thermostat Max,376.00,1269801645172,,4
Headphones Charger,204.00,1424834927514,,23
Wireless Projector Speaker Treadmill Smart Ultra,474.00,7413221865083,,65
Clean Lock Portable X,418.00,1734977992073,,63
Smart Bicycle Portable Go,282.00,4602899670508,,30
Smart Freezer Mixer One,99.00,7935780931981,,73
Advanced Cooker Air,70.00,2839226280730,,74
Pro Scale Stove,404.00,6332211774802,,21
Pro Keyboard Speakerphone Fan,511.00,9501765995323,,46
Ultra Stove Iron Max Compact Advanced,331.00,5463505308050,,75
Rechargeable Thermostat Speaker,898.00,0027124428015,,34
Mouse Monitor Phone,898.00,9063364990395,,10
Automatic Scale Headphones Ultra Pro,900.00,8906901145555,,91
Compact Kettle Sense Clean Sense,864.00,5566177795422,,3
Clean Phone Iron Speakerphone Compact Go,952.00,8496432333823,,80
Automatic Mouse Pro Ultra,975.00,1083974861449,,83
Smart Tablet Blender Max Prime Smart,750.00,1777790736172,,20
Mini Toaster Oven,971.00,5672951358896,,84
Digital Printer Fan Clean Premium,501.00,3429312967448,,69
Thermostat Microphone Scooter,385.00,6847982846868,,82
Fast Drone Speaker Speaker One X,501.00,9103062691955,,98
Digital Scanner Keyboard Monitor Go,549.00,9993533070798,,46
Scooter Microphone,922.00,1242387045116,,9
Fridge Printer Mouse,196.00,8072061325363,,82
Silent Grill Prime Rechargeable,721.00,1033545828616,,43
Digital Camera Advanced Touch Advanced,839.00,7263766447943,,4
Camera Treadmill Heater,782.00,1599025970898,,27
Premium Speakerphone Oven Rechargeable,554.00,2002246665225,,86
Rechargeable Light Webcam Cooker Digital Air,305.00,8445083219062,,55
Tablet,307.00,4395039202478,,94
Pro Fridge,500.00,2407843959171,,75
Smart Cooler Silent One,495.00,1071455354139,,92
Wireless Tablet Cooler Fridge Eco Touch One,865.00,2552175788460,,66
Smart Monitor Cooler Dock,418.00,2719592019489,,64
Silent Heater Thermostat Automatic Mini,158.00,8807423665920,,50
Powerbank Scooter,893.00,5207681033364,,32
Ultra Mouse Monitor Phone Compact Touch Fast,664.00,2439140755866,,15
Smart Charger Monitor Brush Silent Smart,412.00,5963161899768,,1
Ultra Blender Toaster Camera Portable Rechargeable,582.00,2504063107679,,65
Portable Vacuum Cooler Rechargeable,991.00,2170503310598,,57
Clean Scooter Fast Eco Max,696.00,5848806974768,,36
Premium Microphone Headphones Compact Plus,774.00,4108908706713,,37
Eco Keyboard Toaster Monitor,198.00,4954007669141,,70
Iron,648.00,1247373391499,,22
Smart Grill,633.00,2532797471049,,57
Smart Radio Treadmill Plus,510.00,3882084592247,,59
Mini Headphones Premium Wireless Prime,396.00,0132838656040,,10
Advanced Toaster Light Monitor X Rechargeable,619.00,0953162039855,,68
Freezer,59.00,4331511932945,,40
Pro Brush Go 360,478.00,0484713568925,,38
Drone,241.00,5919931057883,,81
Automatic Thermostat Oven Wireless,705.00,5793033320423,,90
Digital Fan X,230.00,2247662155398,,54
Rechargeable Oven Scale Clean Rechargeable Air,245.00,4983210134856,,20
Compact Speaker Go Automatic,259.00,8948519307581,,72
Portable Brush,872.00,5263240448642,,11
Smart Monitor Smart Automatic Edge,223.00,6206786151309,,35
Automatic Scooter,705.00,9796033911055,,72
Wireless Fan 360 Plus 360,373.00,1621944880931,,59
Scanner Monitor Treadmill,953.00,8983367680196,,16
Ultra Oven Scale Max,215.00,2293107229742,,21
Eco Tablet Ultra Rechargeable,996.00,9567611308167,,81
Smart Drone Plus,422.00,8670216465010,,3
Portable Radio Bicycle Cooler Prime,109.00,0642479070902,,30
Automatic Brush Max Automatic,475.00,3705753749875,,75
Automatic Fan,417.00,9450027101838,,16
Smart Camera,846.00,0655154856005,,58
Portable Thermostat Stove Lamp Eco Mini,116.00,7872126328602,,75
Eco Oven Speaker Fan,782.00,2477445722725,,24
Brush Lock,741.00,2543907672546,,10
Lock,12.00,5724029940615,,24
Smart Dock Edge Smart Premium,625.00,9354429073420,,90
Smart Toaster Oven Sense 360,835.00,4512388002300,,82
Automatic Lock X Eco Digital,110.00,7912616687595,,74
Fast Webcam Dock Heater 360 Premium Sense,356.00,5149193983280,,66
Watch Headphones Kettle,310.00,9605475572642,,50
Smart Powerbank Iron Brush,727.00,7697914854664,,42
Fast Oven Drone Lite Sense Edge,364.00,8342015213702,,28
Pro Webcam Dock Heater Pro Portable Fast,581.00,3372540902401,,33
Premium Fridge Cooker X Eco,973.00,2474885973557,,51
Pro Fridge Fan Bicycle Mini,204.00,0279226457671,,30
Webcam Trimmer Projector,571.00,0835037999498,,37
Pro Thermostat Trimmer Touch,464.00,7863507159489,,36
Rechargeable Monitor,710.00,6782029090128,,97
Wireless Drone Portable Ultra Edge,959.00,2993583866454,,60
Rechargeable Projector Oven Thermostat Ultra,964.00,4880663368176,,67
Compact Printer Charger Brush Automatic Max,125.00,4247719070221,,35
Pro Lock Charger Plus Wireless,517.00,9840563440339,,39
Smart Charger Lamp Smart Portable Silent,428.00,9471148480985,,96
Advanced Fridge Freezer,666.00,5419119823229,,97
Mini Projector Freezer Premium Fast Touch,842.00,3664546332789,,78
Ultra Webcam Powerbank Smart,888.00,8040957170410,,18
Advanced Printer,703.00,3897222549564,,58
Fast Treadmill Premium,181.00,1539723650715,,9
Clean Radio Touch,391.00,8673417590376,,41
Portable Radio Mixer Ultra Automatic Touch,934.00,7223876188358,,18
Smart Mouse,773.00,1284856457068,,53
Advanced Tablet Silent 360,722.00,1262160135551,,89
Advanced Iron Monitor,815.00,2234240798467,,76
Portable Scanner Shaver Powerbank Pro Automatic,747.00,9163326200828,,35
Silent Light Max,104.00,5414942630181,,30
Advanced Stove Iron,678.00,8700702073037,,34
Advanced Camera,767.00,8690165403475,,14
Premium Powerbank Air Portable,63.00,2739864369852,,34
Digital Iron Heater 360,94.00,9145851573790,,37
Compact Dock Mixer Router Ultra Clean Touch,187.00,6428135220072,,89
Fast Trimmer Clock Fast Ultra,875.00,3020809173276,,28
Webcam Webcam Stove,576.00,4434600462498,,10
Digital Router Lamp,641.00,9673229218603,,66
Smart Fan Silent,641.00,9654001200313,,62
Compact Printer Sense Clean,562.00,7470656319345,,27
Shaver,202.00,2970533029022,,42
Smart Cooler Fast Go,933.00,2087749939462,,38
Automatic Iron Monitor,829.00,0444620614641,,60
Fridge Fan Bicycle,915.00,1110164382726,,77
Radio Treadmill,183.00,3210293573595,,41
Compact Dock Pro,631.00,9131132942539,,36
Pro Toaster Scanner,839.00,5814104905759,,39
Compact Clock Air Edge Air,364.00,8983507655749,,87
Lock Bicycle,621.00,6754733966365,,29
Premium Lamp Lamp Kettle Touch,611.00,8488809418851,,99
Silent Router Freezer Webcam Max Compact,869.00,6706341979190,,19
Ultra Vacuum Router Toaster Sense Lite,376.00,2419872901229,,33
Automatic Fan 360 Digital,227.00,8637231427393,,47
Silent Kettle Silent,697.00,1057642105111,,91
Keyboard Phone Scanner,280.00,8097391335288,,12
Premium Fan Phone,265.00,5678722854468,,75
Compact Thermostat Max,375.00,6971607197025,,30
Smart Heater Touch,661.00,6681689298885,,3
Pro Watch,975.00,5546514946151,,65
Pro Clock Ultra Lite Max,975.00,3414312452858,,51
Automatic Lock Fast,457.00,6989340311882,,9
Ultra Scooter Edge Max Sense,17.00,0887663631327,,25
Smart Fridge Printer Mouse Digital,726.00,3432085021651,,94
Printer,327.00,2782476016805,,23
Smart Blender,178.00,9696817839370,,1
Silent Fan Edge Ultra,375.00,3394553384722,,79
Radio,850.00,9545549714588,,82
Pro Powerbank Scooter Clean,624.00,2152552471659,,26
Premium Camera Monitor Charger Advanced Air,916.00,6027512137769,,12
Ultra Iron Microphone,564.00,3669396312202,,74
Compact Clock One,157.00,9733600483614,,49
Thermostat Camera Watch,519.00,8301260049269,,67
Advanced Blender Smart Fast,90.00,4309405260047,,95
Webcam Bicycle Camera,799.00,9206004215162,,26
Premium Iron Eco Edge,648.00,0918036509315,,83
Compact Stove Iron Premium Wireless,971.00,8926843820686,,3
Vacuum Webcam,765.00,3147462463022,,75
Scanner Drone,739.00,6105639027986,,48
Tablet Router Printer,282.00,2140433690947,,19
Blender,423.00,9949008514786,,78
Rechargeable Keyboard Kettle Edge,351.00,8544248476071,,1
Advanced Thermostat Webcam Bicycle,535.00,6269624499568,,41
Premium Drone Ultra One Clean,24.00,8108686123906,,95
Smart Radio Bicycle Cooler One,570.00,6367093347448,,21
Compact Lock Silent Ultra,135.00,8125560753356,,34
Automatic Fan,436.00,2218996183630,,23
Drone,25.00,9223475412944,,86
Automatic Grill Microphone Projector Mini Compact,679.00,5033661542676,,75
Eco Keyboard Toaster Monitor Touch 360 Premium,326.00,9603897022837,,1
Wireless Watch,653.00,8422852781746,,63
Compact Charger Advanced,685.00,0003083797102,,20
Rechargeable Webcam Projector Lock Silent Wireless Compact,687.00,3637360115661,,14
Mini Grill Touch Edge Air,433.00,5120714931690,,92
Premium Toaster Oven 360 X,955.00,7405795095256,,76
Portable Mouse Speaker Cooler,655.00,3149725308125,,21
Rechargeable Lock,600.00,7978479034747,,97
Portable Drone Premium Silent Ultra,105.00,5828412810346,,65
Rechargeable Cooler,889.00,5555207488823,,3
Fridge Freezer,773.00,9544917940895,,25
Webcam Stove Grill,84.00,4427583561432,,94
Compact Shaver Mouse Rechargeable Max,511.00,1678935014981,,30
Smart Trimmer Heater Rechargeable Digital,453.00,5079033555363,,47
Rechargeable Scooter Microphone Max,735.00,0220842377706,,24
Pro Lamp Monitor Clean Rechargeable,324.00,2347608769259,,83
Fast Dock Powerbank Speaker Smart Plus Portable,781.00,6861842710656,,60
Eco Mouse Premium Portable,783.00,5959919457502,,90
Compact Thermostat Microphone Scooter Air,362.00,9741326096230,,32
Automatic Light Smart,951.00,8678381699216,,95
Clock Drone Charger,287.00,7693230025849,,24
Digital Shaver,304.00,3484415258350,,64
Silent Webcam Projector Oven Advanced Rechargeable,336.00,3842369057472,,53
Eco Brush Scale Grill Fast,209.00,2477929319861,,63
Wireless Charger Bicycle Fan,273.00,7607383261177,,36
Clean Printer Fan Shaver,942.00,5888986259774,,3
Clean Grill Air X,16.00,1017644958740,,87
Mini Fan Lamp Rechargeable Smart,900.00,0450794683970,,43
Mini Lamp Monitor Portable,197.00,1229232937864,,64
Rechargeable Drone Touch Smart Ultra,631.00,4814245680387,,26
Rechargeable Radio Stove Shaver,186.00,1289302333231,,71
Portable Charger Lock Oven Max Lite Automatic,48.00,4739171381767,,53
Eco Speakerphone Portable,905.00,4516403733514,,42
Compact Speakerphone Oven Go X,340.00,3156609533092,,93
Pro Webcam Toaster Wireless,696.00,7719929392594,,40
Rechargeable Printer Fan Smart Portable,336.00,3817813969618,,50
Advanced Scooter Rechargeable Ultra,39.00,0908441881168,,58
Premium Microphone Cooler Ultra Max Sense,526.00,8043093373356,,97
Fast Headphones,717.00,2128274113047,,8
Fast Charger Ultra,470.00,9139824567732,,59
Automatic Webcam Trimmer Projector One Touch,675.00,7662067591940,,75
Compact Drone Heater Scanner 360 Mini Mini,741.00,9435865363198,,20
Compact Light Drone One Sense,412.00,3928355071155,,48
Compact Shaver Thermostat Sense Smart,441.00,0205828709825,,28
Wireless Drone Printer Touch,128.00,9414726402726,,86
Portable Mouse Speaker Cooler Smart Clean Touch,946.00,4937833682850,,63
Smart Cooler Wireless Rechargeable Wireless,235.00,9430326665217,,34
Compact Dock Digital,220.00,0380639846775,,79
Fast Mixer Drone Toaster Smart Air Ultra,165.00,9515022525420,,96
Compact Speakerphone Oven Pro,628.00,1450261271517,,61
Lock,19.00,3197396553313,,76
Digital Thermostat Webcam Bicycle Touch Sense Go,986.00,8478821533434,,23
Rechargeable Scale Speaker Powerbank Advanced,465.00,0927671522160,,22
Premium Dock,263.00,7184933876246,,22
Printer Fan,61.00,0350489933901,,95
Smart Heater Radio Go Lite Ultra,536.00,7793135069068,,30
Portable Freezer Wireless Advanced,714.00,4107358764809,,93
Smart Fan Phone Silent Sense Clean,989.00,5653965092761,,27
Ultra Phone Thermostat,378.00,0171652541835,,19
Portable Monitor Touch Pro Automatic,598.00,8857938881902,,20
Digital Keyboard Speaker Compact Compact,118.00,4567028137393,,95
Ultra Blender Toaster Camera Go Fast,24.00,2929134480329,,71
Eco Powerbank Radio,969.00,6048248885588,,54
Eco Speakerphone Smart,820.00,2361584471784,,63
Drone,647.00,8838671287718,,53
Smart Freezer Edge Sense 360,172.00,1900066380308,,51
Premium Printer X,359.00,8778970654708,,95
Ultra Camera,644.00,8367907680936,,56
Advanced Brush Blender Vacuum Max,328.00,8967258490989,,26
Rechargeable Thermostat Microphone Scooter Silent X,148.00,0528808996597,,64
Silent Projector X Wireless,480.00,3900032879957,,53
Ultra Drone Vacuum Portable Ultra,774.00,3463181533908,,91
Portable Cooker Sense Go,969.00,8772911003044,,4
Stove Monitor Tablet,454.00,9781163216286,,56
Automatic Router Edge Sense Mini,516.00,8703565598983,,70
Fast Router X,417.00,6109334761060,,71
Mini Powerbank Scale Rechargeable,970.00,7096364304161,,79
Dock,177.00,9705607155955,,86
Projector Oven Thermostat,877.00,2552448052526,,32
Automatic Mouse Powerbank Printer Mini Pro,308.00,2313890350444,,38
Portable Shaver Automatic Rechargeable,937.00,1698135367687,,24
Clean Cooler Vacuum X Advanced Plus,111.00,0473382121500,,31
Digital Treadmill X,720.00,1509215211236,,65
Advanced Grill Grill Scale Mini,867.00,0152104521483,,91
Portable Toaster,123.00,8839901435701,,85
Eco Fan,490.00,4106717998640,,11
Ultra Iron Mini,330.00,3034995252202,,17
Fast Scanner Keyboard Monitor Air,749.00,9445253644983,,55
Wireless Fan,459.00,8942973134301,,41
Silent Charger Tablet Brush Smart,243.00,9944609548758,,45
Eco Speakerphone Lite Clean Premium,559.00,9076886478623,,71
Automatic Tablet Automatic Max Clean,417.00,4394827663033,,53
Advanced Iron Heater Portable Portable Go,203.00,2245709758823,,62
Clean Camera Touch,63.00,0656696002134,,64
Rechargeable Shaver Smart Mini Portable,118.00,6215536033574,,8
Rechargeable Scale Stove Pro Plus,619.00,6636791434522,,90
Digital Printer Lock Thermostat Silent,698.00,2448958334095,,34
Clean Tablet Cooler Fridge One,722.00,6627633050321,,44
Keyboard Toaster Monitor,906.00,9569476097477,,68
Fast Shaver Grill Portable,913.00,4931365719374,,34
Wireless Blender Plus Portable,563.00,3626768143727,,97
Advanced Fan Max Fast,515.00,5764695633275,,23
Mouse Treadmill Phone,160.00,0132331399420,,55
Ultra Fridge Fan Bicycle,40.00,1404408386725,,79
Mouse Powerbank Printer,303.00,0075461763610,,93
Digital Brush Go Go Eco,45.00,7349994277863,,55
Ultra Cooler,241.00,9616688253549,,76
Ultra Camera Vacuum,685.00,7940148011908,,98
Smart Dock Plus,856.00,0275367798505,,8
Smart Scale Stove Smart,762.00,1839827977733,,47
Rechargeable Thermostat Trimmer Automatic Digital Ultra,269.00,4060900253230,,72
Compact Camera Portable Go,730.00,8952748496282,,68
Tablet,580.00,7183380934547,,58
Premium Powerbank Router Digital Digital,320.00,4927678586246,,44
Silent Scanner Air Edge Eco,339.00,7694023894475,,29
Advanced Vacuum Shaver 360,376.00,2424269865442,,89
Compact Fan Drone Monitor Lite Smart Fast,77.00,2652421813622,,27
Compact Router Go Plus Ultra,164.00,5141175741536,,3
Rechargeable Thermostat Camera Watch Clean Premium,118.00,6877937317464,,49
Mini Keyboard Freezer Air Smart,464.00,6939378451456,,63
Automatic Charger,819.00,1833093350931,,26
Mini Shaver Silent,166.00,6234152905409,,19
Clean Headphones Fast Sense Touch,566.00,9442004340514,,5
Premium Microphone Lamp Speaker Premium,584.00,7124990298179,,14
Eco Headphones Monitor Compact,126.00,4870269683025,,58
Eco Blender Cooker Go Ultra One,584.00,6627180658483,,67
Ultra Webcam Projector Lock Fast Silent Wireless,490.00,2898844263266,,9
Wireless Clock Router Fridge Go Digital,962.00,1209605223336,,55
Mini Radio Radio,542.00,5420279949889,,45
Clean Projector,645.00,4753627092618,,93
Cooker,533.00,6062834171213,,95
Mixer Drone Toaster,360.00,6837667595099,,57
Ultra Mixer Vacuum Mini,353.00,8292141896952,,72
Compact Treadmill Air Mini,883.00,2514386658635,,81
Light,166.00,2702730828913,,4
Silent Charger Cooker Thermostat Premium,440.00,3700370849779,,89
Smart Scanner Keyboard Monitor Smart,209.00,7606967972959,,86
Dock Trimmer,781.00,5917443660454,,60
Mini Drone Thermostat Headphones Pro Digital Go,490.00,1565092619046,,54
Ultra Camera Monitor Charger Edge Ultra Silent,817.00,5297398972636,,58
Scanner Drone,526.00,2779046928491,,87
Pro Oven Trimmer X Prime,617.00,9909378660131,,88
Fast Freezer Powerbank Watch,473.00,4325999035137,,51
Keyboard Speakerphone Fan,99.00,3092414716971,,53
Freezer,698.00,6136725938121,,55
Pro Bicycle Scooter Portable Sense,350.00,1302900211357,,48
Mixer Freezer Trimmer,135.00,7278533270730,,80
Wireless Cooker Edge,522.00,5940419310718,,43
Fan Cooler Vacuum,445.00,0919050377041,,59
Premium Mixer Vacuum Max 360,854.00,4020613302366,,51
Rechargeable Thermostat Printer Edge Mini Go,902.00,4216138843846,,75
Wireless Cooker Mouse Bicycle Smart Compact,92.00,4622558627346,,34
Advanced Light Drone 360 Portable Mini,852.00,1456198309774,,1
Advanced Watch Thermostat Lite Advanced Rechargeable,376.00,5579797072194,,25
Rechargeable Radio Mixer,387.00,8303441241516,,18
Mini Clock Clean Advanced Eco,817.00,3023412115848,,11
Microphone Cooler,356.00,8876734125515,,13
Wireless Mixer Vacuum Eco X,83.00,8557318844281,,5
Dock,540.00,5874431912516,,66
Premium Mouse,959.00,4799823412829,,50
Portable Dock Advanced Eco,580.00,8844050632390,,74
Freezer,100.00,0912237735771,,66
Pro Powerbank Ultra Portable,632.00,2585956184953,,56
Router,244.00,3798725470976,,91
Portable Heater Ultra,864.00,9658629400872,,53
Rechargeable Cooler Vacuum Pro,213.00,2967445964954,,16
Webcam Webcam Treadmill,248.00,6449722615675,,89
Advanced Charger Radio,842.00,4740408722413,,9
Rechargeable Webcam Stove Grill Air Clean Smart,283.00,1660470720724,,62
Premium Lamp Lamp Touch,155.00,4104698830683,,59
Silent Stove Iron X,22.00,3263371530386,,98
Blender,571.00,5324434387885,,25
Clean Monitor Light Smart Go,740.00,5493683657428,,35
Radio,934.00,3672712680107,,9
Smart Mixer Plus Lite,678.00,8627645257693,,94
Mini Toaster Clock Monitor Touch Pro,809.00,3638838096505,,1
Radio,637.00,3182788715059,,92
Eco Shaver Mouse Max Ultra Lite,740.00,3730334374115,,29
Compact Lock Camera Digital Digital,309.00,4348174725357,,27
Premium Projector Freezer,289.00,8902480252516,,63
Phone Grill,455.00,5384177460122,,87
Projector,456.00,4547754025720,,39
Fast Mixer Bicycle Fridge,290.00,5840821947369,,37
Toaster Oven,437.00,0538069418004,,82
Automatic Mixer Ultra Silent Sense,586.00,1483482017664,,97
Automatic Vacuum Silent Smart,106.00,5442639133394,,54
Advanced Blender Digital,509.00,6810366422231,,28
Rechargeable Mixer Treadmill Eco 360,966.00,9220616966656,,55
Silent Grill Phone,403.00,3984719755543,,93
Clean Projector Compact Wireless,708.00,5275220854220,,42
Portable Fan,946.00,0413109933252,,89
Heater Keyboard,215.00,3683639335643,,36
Wireless Scale Toaster Automatic Silent Ultra,645.00,7363117770031,,94
Compact Keyboard Speakerphone Fan,763.00,7139720915103,,90
Clean Speaker Keyboard One,371.00,2523656644575,,15
Portable Fan Cooler Vacuum Edge,172.00,8904030919627,,82
Mini Headphones,783.00,3702075775292,,60
Automatic Toaster,228.00,1879932530690,,40
Clean Speaker Iron Grill Digital Premium Smart,340.00,3305694244707,,75
Smart Heater Radio Plus Fast Rechargeable,392.00,7846082739840,,32
Dock Freezer Projector,230.00,1377752565224,,4
Ultra Cooker Edge 360,838.00,3905951247177,,46
Automatic Heater Toaster Stove Wireless Mini,952.00,0964105476019,,40
Wireless Keyboard Toaster Monitor,46.00,9647287813759,,60
Automatic Printer,421.00,0100716898950,,30
Webcam Trimmer Projector,420.00,3242876883678,,13
Fast Camera X,703.00,8763009699249,,75
Mini Lamp Lamp Kettle Max Edge Silent,370.00,0507075108520,,62
Portable Trimmer Shaver Wireless Ultra,852.00,1604659138795,,35
Premium Scale Treadmill Automatic,104.00,6380918850787,,78
Clean Tablet Microphone Trimmer Smart Sense X,945.00,3049419426596,,94
Portable Oven Drone Sense Sense,671.00,5184922941810,,3
Automatic Trimmer Stove,830.00,6206714336662,,26
Fast Light Drone Pro Compact Clean,592.00,0631427006087,,34
Ultra Fridge Camera Premium X,700.00,9544761888176,,36
Wireless Toaster Sense,855.00,6549724108004,,8
Mixer Router Phone,542.00,2820017019936,,35
Eco Shaver Go,588.00,8280329211574,,58
Rechargeable Blender Treadmill Tablet Digital,631.00,5480949345793,,96
Premium Watch Thermostat Plus Fast,402.00,9272542884887,,67
Portable Tablet Wireless,111.00,3530374710825,,86
Compact Blender Ultra Clean Eco,470.00,0066348956737,,99
Fan Clock Camera,258.00,2595148969589,,58
Router,882.00,4272724676076,,15
Smart Grill Brush Watch,762.00,8270429797986,,38
Premium Keyboard,393.00,4154746879867,,38
Drone,873.00,6708317717225,,80
Pro Fan Powerbank Smart Max,752.00,9915778755766,,65
Advanced Printer,665.00,9729603588913,,73
Mini Camera Vacuum Ultra,944.00,2299984543964,,49
Smart Mouse Monitor Phone,567.00,8835925526630,,66
Premium Vacuum Printer Advanced Plus,488.00,5873340867139,,53
Wireless Cooker Brush,10.00,1118229867003,,21
Digital Stove Blender Oven Go,231.00,4496694448796,,38
Kettle,601.00,9498607680403,,39
Compact Microphone Treadmill Oven,714.00,1834068333546,,52
Wireless Shaver Drone Pro,249.00,5864526747178,,54
Rechargeable Cooler Fan Plus Clean Fast,18.00,5327886871711,,75
Advanced Webcam Stove Grill Pro Touch Wireless,85.00,0046048415956,,41
Ultra Shaver Mouse Rechargeable,222.00,5695436847913,,19
Portable Monitor Wireless Portable Go,696.00,5513018930191,,48
Rechargeable Charger Bicycle Cooker Fast Mini,769.00,7748058026728,,13
Pro Heater Radio Prime Portable Prime,555.00,6060708743528,,71
Automatic Fan Clock Camera Edge,310.00,5760036962172,,59
Silent Charger Stove Watch Premium Rechargeable Pro,612.00,6811275792217,,62
Rechargeable Cooler,717.00,2824078028876,,37
Smart Powerbank Rechargeable Air,542.00,7009192030225,,90
Bicycle Speakerphone Printer,562.00,5221510893479,,93
Rechargeable Oven Scale,990.00,7314678469452,,7
Compact Thermostat Stove Lamp Go Plus Fast,359.00,2360184568962,,33
Clean Cooler Vacuum Pro Smart,116.00,5486565996036,,47
Camera Heater Webcam,90.00,6815952388854,,37
Portable Vacuum Touch Digital Smart,822.00,5438211138932,,76
Eco Fridge Fan Lamp,137.00,5564246958990,,13
Eco Monitor Cooler Dock,147.00,9497734745399,,65
Silent Dock Dock Trimmer Pro Eco,801.00,5323275091500,,32
Eco Camera Bicycle Speakerphone Go Eco Max,705.00,5362189565844,,48
Wireless Light Wireless,845.00,0822843893980,,65
Blender,967.00,0552595454343,,59
Advanced Cooler Fan Go,804.00,5495682043547,,66
Fast Clock Lock X,181.00,9489781406026,,68
Advanced Stove,701.00,4102142172167,,40
Premium Watch Fridge Automatic,44.00,2093209912876,,6
Ultra Fridge Fan Lamp,391.00,0104237232361,,30
Scooter,126.00,1827018120914,,42
Pro Headphones Stove,320.00,4220565711777,,42
Ultra Speakerphone Stove Tablet Mini Lite,377.00,3818739039560,,75
Digital Radio Treadmill,37.00,6145192238375,,87
Eco Grill Pro Compact Plus,251.00,4017129833804,,7
Fast Fridge,242.00,5380847580756,,78
Premium Mouse,897.00,1182517858967,,91
Advanced Microphone Silent Max Premium,91.00,0996118306373,,20
Clean Tablet Cooler Fridge Plus,161.00,7166437624608,,48
Smart Tablet,197.00,7330734799431,,68
Bicycle,452.00,6147728816705,,8
Mini Microphone,651.00,0539794434529,,70
Clean Printer Fan Pro Plus Smart,699.00,1150549373956,,76
Fast Printer X Ultra Smart,65.00,4847073584237,,38
Compact Mixer Vacuum Advanced Edge Portable,310.00,0028921993393,,96
Smart Mouse Charger,870.00,5645279910152,,7
Automatic Radio Touch,599.00,8376926927861,,11
Charger Stove Watch,362.00,0117130683710,,10
Smart Stove,263.00,5529086419193,,78
Silent Blender Blender,925.00,7113838596478,,16
Fan,293.00,9560638846674,,10
Fast Fridge Advanced,10.00,4242178981637,,36
Cooler Printer Speaker,677.00,7648361652914,,74
Compact Charger Monitor Brush Compact Clean,297.00,7357909134705,,7
Blender,252.00,5073996764930,,30
Eco Mouse Wireless Clean Smart,964.00,3514173236311,,28
Advanced Fan Ultra Pro Plus,14.00,9075804310410,,56
Clean Mouse Monitor Phone Clean,731.00,5396813112715,,14
Smart Drone Speaker Speaker Wireless Clean,156.00,0405882747485,,66
Compact Stove Iron Wireless Sense Plus,662.00,5274642719179,,10
Advanced Drone Vacuum Pro,364.00,5984648416179,,40
Eco Brush Blender 360,150.00,8689694840332,,91
Wireless Scale Toaster Automatic Clean,904.00,6579220445921,,63
Automatic Vacuum Cooler Mini,854.00,1142565206950,,2
Advanced Fan Clock Camera Wireless Advanced Air,207.00,6296040495263,,16
Kettle Vacuum,8.00,4859935094839,,15
Wireless Freezer Ultra,230.00,6265157352806,,54
Fast Fridge Cooker Go 360 Prime,556.00,6020495237204,,93
Stove Light,123.00,5522684923765,,7
Shaver Thermostat,708.00,9956127530528,,46
Portable Trimmer Clean,14.00,9584861587807,,77
Premium Light Drone Fast Max,363.00,0256842383980,,18
Portable Lamp Scanner Vacuum X Sense,964.00,8794451737296,,89
Rechargeable Phone Go Sense Max,93.00,7428990664980,,42
Rechargeable Cooler Watch Fan Mini,291.00,8164777821748,,58
Ultra Treadmill Portable Touch Portable,587.00,4468913112719,,71
Portable Microphone Camera,176.00,7933073478786,,19
Powerbank,457.00,6400464028857,,36
Premium Brush,208.00,3363063492432,,58
Compact Drone Portable Wireless Clean,865.00,2382588844220,,53
Smart Headphones Monitor Fast Smart Smart,234.00,8624607966266,,44
Charger Cooker Thermostat,965.00,0699426183857,,63
Portable Lamp,91.00,0488826041528,,11
Heater Stove Scanner,855.00,1861654305083,,27
Rechargeable Heater Mixer Shaver Advanced Silent,17.00,2292818225296,,2
Premium Radio Treadmill Fast Lite,131.00,7306710527893,,73
Rechargeable Powerbank Touch,938.00,7255304310383,,59
Shaver,408.00,5470617548199,,28
Portable Powerbank,801.00,9648777506144,,24
Silent Tablet,693.00,6302090989673,,61
Headphones,546.00,6498183378889,,6
Advanced Webcam Webcam Treadmill Ultra,390.00,1505066851904,,4
Monitor Brush Monitor,19.00,3547506054795,,83
Ultra Fan,128.00,5804311593177,,71
Pro Tablet Automatic Smart,197.00,7822579506997,,69
Portable Blender,692.00,2671282793669,,58
Smart Treadmill Silent Max X,38.00,3206740133931,,52
Clean Charger Stove Watch,51.00,9678765687371,,97
Pro Mixer Wireless,165.00,5803937843185,,75
Premium Shaver Wireless Wireless,922.00,3996791826516,,23
Advanced Drone Vacuum Go Prime,364.00,5695403473329,,14
Wireless Phone Grill Rechargeable Touch,299.00,3002080226414,,7
Wireless Dock Freezer Projector,774.00,4774527026923,,39
Eco Stove Light,308.00,4158104430240,,76
Headphones,282.00,9244073090150,,29
Rechargeable Radio Bicycle Cooler Touch,939.00,5404597823533,,13
Wireless Powerbank,374.00,8575706322623,,73
Clean Clock Brush,820.00,6753548262358,,53
Ultra Powerbank X Air,718.00,0045603744869,,20
Wireless Webcam Stove Grill One,14.00,5248265086239,,78
Silent Webcam Lite,212.00,6157743051043,,30
Wireless Powerbank One Silent,906.00,2543060301369,,66
Digital Phone Grill,971.00,5922495450694,,63
Clean Clock Drone Charger Max Eco One,524.00,7908344802348,,51
Clean Cooker Portable Lite,551.00,1610366991332,,90
Wireless Speakerphone Scanner Monitor,336.00,0063334566918,,94
Charger,696.00,8945463744554,,19
Mini Camera Heater Webcam Mini Pro,473.00,9962805119923,,67
Mini Phone,553.00,0838332918140,,38
Advanced Router Lamp Smart Edge,544.00,2822654613645,,3
Premium Charger,976.00,1785719437109,,23
Wireless Microphone Lamp Speaker,698.00,7042594462676,,76
Rechargeable Treadmill Sense,816.00,9615410721479,,9
Phone Thermostat,948.00,1364882831695,,89
Rechargeable Router Phone Smart,94.00,7500144101029,,50
Clean Shaver Thermostat Edge,242.00,0217506565203,,75
Shaver Grill,969.00,6205282725434,,28
Pro Webcam Silent,397.00,9747388355971,,88
Clean Phone Speaker Blender,108.00,0927956514354,,47
Smart Brush Cooler Powerbank Compact Smart,400.00,7704324010921,,49
Speaker,745.00,9450476455070,,26
Oven Speaker Fan,628.00,6726630160368,,83
Pro Oven Mouse Cooler Rechargeable Advanced,290.00,7294087330379,,7
Premium Fridge Plus Touch Premium,814.00,3450099233419,,97
Pro Iron Toaster Projector,792.00,0703720253717,,75
Ultra Fan Ultra Advanced X,327.00,7109584253901,,2
Mini Phone Scooter Max,144.00,4788206692200,,97
Silent Watch Lite,931.00,6286100485358,,18
Vacuum Fan,881.00,7675770094684,,93
Eco Powerbank Scooter Automatic Eco,652.00,4127885814464,,77
Advanced Drone Speaker Speaker,241.00,3441199865631,,38
Smart Camera Fast Air,470.00,9827645838819,,27
Portable Iron Monitor Mini Ultra,110.00,9554611908701,,12
Smart Speakerphone Oven Eco,912.00,5527013876361,,91
Advanced Drone Lite,472.00,6210240755194,,15
Silent Webcam Edge Silent Mini,214.00,4646389943741,,34
Pro Bicycle Scooter Portable Air Pro,203.00,2973450200215,,87
Rechargeable Printer,873.00,5021238001916,,74
Portable Router Scanner Clean 360,871.00,8437000411772,,9
Ultra Fan Cooler Vacuum Compact Automatic,863.00,6332357443105,,31
Mini Light 360,504.00,0574771110416,,33
Fast Treadmill,987.00,0648942317093,,15
Grill,32.00,9930529706927,,53
Heater Toaster Stove,969.00,3669375939581,,70
Shaver Mouse,289.00,2194188050334,,93
Smart Bicycle Microphone Touch,999.00,3568641324390,,78
Dock Powerbank Speaker,690.00,4763250363702,,40
Portable Brush Plus,271.00,7205035546940,,15
Headphones,656.00,1651396337295,,37
Portable Radio Iron Edge Smart,814.00,3515292707775,,42
Silent Heater Mixer Shaver,920.00,0439621567683,,91
Pro Charger Tablet Brush Clean Automatic Sense,988.00,6202571173013,,73
Wireless Cooker Mouse Bicycle Rechargeable Lite,57.00,5089041469088,,36
Mini Cooler Sense,471.00,0967743648701,,14
Ultra Iron Toaster Projector Mini Touch Touch,538.00,8919136638242,,20
Watch,738.00,8026158759425,,42
Rechargeable Grill Touch Compact Pro,682.00,8817542608159,,81
Smart Powerbank Cooker Iron Sense,626.00,3941623106304,,28
Automatic Mouse Treadmill Phone Plus Smart Premium,808.00,8291770973324,,98
Watch Thermostat,69.00,0224352822183,,95
Dock Powerbank Speaker,677.00,8228702098725,,18
Lock,772.00,4843166753832,,88
Silent Radio Bicycle Cooler Clean Eco,267.00,9291050396392,,8
Automatic Powerbank,614.00,9494882635848,,1
Rechargeable Drone Vacuum Smart,135.00,4573361329838,,37
Advanced Charger Lock Oven 360 Rechargeable,428.00,9834872315792,,22
Pro Cooler Premium,259.00,5023315580260,,74
Eco Brush Scale Grill Digital Silent Lite,147.00,9956851949795,,75
Fast Fan Pro,232.00,0850432233497,,57
Fast Charger Wireless Ultra,353.00,6226684482220,,61
Tablet,912.00,1481728008094,,90
Silent Mouse Powerbank Printer Air Prime,45.00,4678674532019,,77
Compact Heater Thermostat Silent Max,196.00,5714043926351,,80
Ultra Toaster Light Monitor,337.00,9588095676764,,31
Mini Dock Rechargeable,387.00,1230425930234,,84
Mini Fridge Touch Mini,578.00,2349543325668,,13
Wireless Vacuum Iron Phone Clean Ultra Air,787.00,5850124169696,,69
Stove Vacuum Speaker,897.00,7671378681790,,65
Fast Dock Router Webcam Plus Compact,153.00,8904869722764,,54
Premium Microphone Headphones Touch Sense,1.00,2573369405178,,4
Clean Projector Eco Edge,835.00,3552046972843,,46
Wireless Radio Light Fan Max Silent,135.00,0091724959064,,49
Smart Camera Vacuum Go,685.00,0793627876720,,97
Rechargeable Oven Mouse Cooler,229.00,6902813118979,,79
Premium Iron Touch Clean,211.00,5182872719282,,78
Advanced Oven Scale 360,498.00,2127504851001,,34
Fast Speaker Sense Automatic,256.00,3356435522844,,28
Automatic Oven Trimmer Dock Prime,858.00,4444989273264,,23
Portable Mouse X Wireless,997.00,2927710111858,,93
Compact Drone Printer Tablet Sense,24.00,7363244688056,,57
Ultra Phone Iron Speakerphone,714.00,6474423330855,,88
Digital Webcam Webcam Treadmill Ultra,501.00,1950320948089,,57
Mini Brush Blender Vacuum Plus Digital Wireless,161.00,4721955877337,,17
Toaster Oven,460.00,4055322836871,,18
Automatic Treadmill,89.00,8052974175491,,77
Compact Webcam Webcam Treadmill Portable,753.00,2440032004054,,41
Silent Freezer,644.00,1543313720290,,65
Eco Mouse,617.00,2361914996208,,73
Digital Charger Cooker Thermostat Touch Edge,854.00,2354760094488,,4
Premium Fan X,593.00,7328710380674,,59
Smart Camera Monitor Charger One Premium,677.00,9169100316037,,80
Mini Powerbank Prime,255.00,7836786511934,,51
Compact Projector,420.00,6011374601292,,33
Rechargeable Clock Router Fridge Clean,62.00,4399668140576,,36
Pro Charger Monitor Brush Pro,78.00,8911603658913,,1
Mini Scanner Keyboard Monitor Eco,242.00,1324437923176,,95
Silent Drone Vacuum Prime,150.00,2534527437448,,40
Blender Blender,916.00,7407957555486,,77
Smart Speaker Keyboard,843.00,8905708398546,,11
Smart Scanner Tablet Radio Plus Eco,914.00,4216366801205,,25
Scale Toaster,760.00,6285092395874,,78
Portable Iron Cooler Iron Digital 360 Clean,537.00,8233940155512,,81
Rechargeable Kettle Edge Fast Fast,551.00,0170840887021,,61
Projector,339.00,1976295436611,,81
Silent Phone Digital Smart,703.00,5930308012342,,11
Clean Drone Lite,757.00,0089869638685,,55
Smart Watch Edge Portable Wireless,486.00,2733467222132,,59
Mini Trimmer Clock Ultra Max Plus,392.00,2140179661294,,85
Headphones,979.00,0518267030536,,57
Silent Blender Pro Compact,378.00,7174562715610,,88
Rechargeable Monitor Ultra,410.00,9791043413865,,15
Speakerphone Stove Tablet,742.00,5453094175690,,43
Vacuum Cooler,860.00,8810725759549,,34
Digital Vacuum Fan One Digital,803.00,3015145438516,,11
Smart Freezer Mixer Lock X Max Prime,141.00,7871984696113,,43
Mixer Drone Toaster,406.00,1074528563742,,79
Mini Brush Blender Advanced Portable,918.00,9024136417724,,70
Automatic Projector Freezer,241.00,3166068208769,,88
Powerbank Brush Charger,26.00,4262930327794,,81
Ultra Webcam Toaster Smart One,440.00,0820615619363,,87
Rechargeable Drone Printer Tablet Advanced Advanced,253.00,6802196160711,,97
Printer Webcam,66.00,5559612257852,,6
Dock,967.00,9586027911778,,37
Compact Dock Sense,924.00,6366688615801,,12
Monitor Light,174.00,5107865808538,,72
Mini Radio Max Edge,267.00,1681484567303,,57
Compact Mixer Freezer Trimmer Mini Pro,229.00,7290640689434,,28
Smart Vacuum Printer Prime,157.00,4099207880580,,81
Clean Fan Go Automatic Prime,489.00,4440603667525,,22
Digital Drone Printer Go Smart,976.00,4869132873267,,66
Clean Mixer Vacuum Edge Prime,670.00,5057197680121,,32
Smart Lamp Sense,210.00,1986347330811,,36
Premium Freezer Mixer Lock Lite Edge Pro,520.00,0896522465089,,57
Advanced Tablet Tablet Kettle Sense Ultra Edge,573.00,8261866087709,,38
Eco Shaver Thermostat 360 Fast Portable,263.00,2658710383500,,79
Portable Treadmill Rechargeable,449.00,3995113297874,,28
Compact Mouse Speaker Cooler Prime Advanced Automatic,443.00,2868394072601,,77
Advanced Fridge,470.00,8804504825624,,42
Smart Clock Router Fridge,518.00,5774189471436,,75
Mini Cooler Printer Speaker 360 Silent,261.00,8433935395408,,83
Automatic Fridge Fast,958.00,7646625763376,,84
Mini Speakerphone Sense Rechargeable Max,396.00,4531740073116,,80
Lock Camera,984.00,8763998955692,,57
Portable Blender Rechargeable Clean,899.00,2570025838103,,92
Freezer,555.00,1507217703339,,75
Advanced Router Premium Lite Edge,611.00,5424421369068,,16
Digital Powerbank Radio Advanced Silent,557.00,0164828731536,,98
Pro Microphone Heater Touch Go Premium,848.00,0039272133697,,75
Advanced Mixer Router Phone,381.00,3892477261186,,33
Compact Mouse Ultra Clean Eco,85.00,2004477649036,,14
Smart Vacuum Touch,285.00,2460996168937,,54
Digital Webcam Projector Oven Silent Edge One,23.00,5775346504851,,78
Microphone Camera,559.00,5521972884009,,77
Clean Lamp Lamp Air Digital,478.00,8827470257046,,49
Silent Projector,703.00,6864234349908,,6
Smart Mouse Wireless Premium,806.00,9967290467863,,33
Lamp Freezer,169.00,7038461384721,,3
Fan,500.00,2486651126715,,49
Compact Radio Go,245.00,3331508227116,,27
Portable Radio Stove Shaver,464.00,6097292411717,,68
Automatic Mouse Treadmill Phone Prime,934.00,9106039033925,,63
Digital Cooker Brush,84.00,8212208146073,,33
Iron Toaster Projector,991.00,5424366802767,,70
Smart Brush Scale Grill Mini Go,342.00,7792234689122,,30
Powerbank,109.00,3522745690836,,49
Compact Projector Smart Prime Silent,116.00,8808110895873,,7
Charger Monitor Brush,224.00,4980490384414,,36
Smart Watch Pro One,540.00,4949354062684,,3
Rechargeable Camera,916.00,3745850525217,,19
Portable Webcam Mouse One,26.00,2713376649022,,51
Rechargeable Lamp Freezer,415.00,3169786302351,,65
Fast Iron Heater,576.00,3464894778181,,96
Advanced Toaster Portable Lite,86.00,3944034510470,,57
Ultra Powerbank Silent Portable Rechargeable,746.00,1251785095845,,99
Premium Watch Thermostat Air Pro Plus,742.00,3654478057379,,58
Webcam Webcam Stove,96.00,0608927827337,,65
Clean Vacuum Shaver,65.00,5831880164750,,64
Drone,272.00,6110860087500,,98
Digital Charger Lock Oven,274.00,3398210637381,,69
Portable Freezer,885.00,1459357143363,,15
Advanced Iron Microphone Plus,454.00,2144371154660,,62
Smart Shaver Mouse One Eco Rechargeable,811.00,9688129252329,,96
Compact Charger Stove Watch Advanced Digital,651.00,9627470905782,,6
Compact Bicycle Microphone Digital Wireless 360,973.00,1310213894761,,34
Advanced Trimmer Stove Smart,614.00,9721624369809,,49
Eco Brush Go Max,633.00,1715505249142,,83
Premium Keyboard Phone Scanner,74.00,8617189354835,,12
Silent Charger Treadmill Automatic,364.00,3932575190688,,62
Brush Scale Grill,204.00,2474825682327,,18
Compact Freezer Smart Prime,851.00,8988071582828,,25
Rechargeable Fan,813.00,2867184984810,,64
Rechargeable Webcam Projector Lock Rechargeable One,158.00,1043669383595,,19
Rechargeable Camera Automatic Premium Pro,950.00,5647733103797,,2
Smart Microphone Camera Eco Compact,70.00,1363934556609,,50
Pro Watch Touch,388.00,7731506768998,,45
Portable Brush Blender Vacuum,181.00,2702292351348,,4
Automatic Router Prime Pro Rechargeable,133.00,9976156193051,,70
Smart Router Scanner,46.00,8484821893850,,56
Portable Dock Edge,356.00,0970825743416,,50
Wireless Thermostat Microphone Scooter,486.00,4837428530194,,5
Silent Mixer Grill Ultra Rechargeable Automatic,69.00,8835159044351,,77
Silent Clock X Silent,858.00,0242517116496,,23
Phone Speaker Blender,334.00,3301434752051,,24
Advanced Vacuum Touch,462.00,2643267180405,,11
Cooker,425.00,0124491758865,,54
Fast Shaver Blender,706.00,3991419328595,,2
Bicycle Microphone,290.00,1429969158017,,78
Clean Iron Automatic Touch,755.00,1554857398555,,12
Portable Freezer Powerbank Watch Ultra Compact,485.00,9434993126972,,35
Smart Scooter Scale Cooler,308.00,0794389140944,,88
Light Webcam Cooker,456.00,3485533176014,,91
Wireless Blender Digital Silent,505.00,7066241826833,,30
Automatic Radio Radio Digital,316.00,3341204345151,,7
Advanced Lock Charger Compact,907.00,7239221237497,,23
Premium Router Lite,715.00,8016659498435,,67
Ultra Heater Plus Edge,52.00,0611191329995,,42
Advanced Router Phone Rechargeable Air Lite,824.00,5578899095773,,73
Fast Printer Fast,149.00,3394225844110,,23
Mouse Lamp,966.00,7122662838777,,57
Wireless Fridge Fan Lamp Smart One,164.00,3504413254854,,73
Fast Blender Digital,700.00,1758356743551,,5
Powerbank Brush Charger,874.00,7456532757371,,41
Pro Drone Heater Scanner,759.00,7561460377628,,74
Smart Fridge Freezer,683.00,9874924809893,,77
Automatic Dock Powerbank Speaker Edge,364.00,1218540229600,,87
Mini Phone Digital 360 Digital,65.00,7362036160213,,53
Premium Freezer Smart,137.00,3954213749287,,35
Ultra Radio Premium Mini,730.00,9138334274024,,9
Compact Thermostat Smart,83.00,6070886993004,,69
Wireless Router Clean Plus Prime,696.00,0883952968518,,22
Compact Fan Prime,207.00,2957080381742,,57
Silent Dock Sense,465.00,8056635543117,,55
Ultra Cooler Watch Fan 360 360,828.00,8926490401160,,36
Smart Microphone Clock Premium Fast Advanced,94.00,2484858756179,,2
Mixer Lamp,312.00,0411072120563,,14
Premium Brush,63.00,9371895770073,,96
Lamp Lamp Kettle,520.00,5128332079473,,22
Wireless Radio Stove Shaver Premium,328.00,1254288408402,,27
Premium Mixer Vacuum Eco,878.00,0373939446363,,74
Compact Headphones Plus,795.00,6221086273483,,59
Portable Microphone Clock Smart Fast Automatic,761.00,8838804154788,,12
Silent Keyboard Speakerphone Fan,86.00,3700800551760,,91
Eco Phone Grill Digital Go 360,65.00,9448232442457,,95
Premium Scooter Bicycle Oven Fast Sense,463.00,0396652495180,,98
Digital Cooker Brush,806.00,6549784794971,,18
Eco Webcam Printer Smart 360,304.00,6766640889088,,54
Silent Lamp Grill,560.00,6925708935284,,93
Ultra Cooler Printer Speaker Silent,95.00,0646848651594,,88
Ultra Heater Keyboard,236.00,0279146196087,,64
Pro Toaster Compact Mini Eco,57.00,3994095331262,,26
Portable Charger Monitor Brush Advanced Max Wireless,162.00,0595267221058,,33
Mini Powerbank One,924.00,4268403529030,,98
Freezer,759.00,4939285330822,,72
Smart Light Webcam Cooker,751.00,3709286730751,,64
Advanced Dock X,190.00,5627217661531,,60
Premium Dock Trimmer Pro,77.00,1135396758095,,41
Digital Freezer Max,491.00,9775972155706,,39
Rechargeable Heater Cooker Pro Mini Air,299.00,5868848044267,,82
Portable Charger Automatic Compact,349.00,7787534730902,,14
Fast Heater Cooker,281.00,3156733863300,,26
Portable Headphones Stove Pro Rechargeable,710.00,4402450830613,,51
Pro Watch Thermostat Smart Clean,465.00,5444275946192,,4
Lock,997.00,7269523021302,,45
Digital Drone Vacuum Eco Compact Sense,705.00,7648510207422,,26
Clean Powerbank,552.00,1231799065201,,62
Eco Iron Microphone Automatic,437.00,4014723808696,,70
Ultra Radio Light Fan Portable Air,91.00,9246985380992,,29
Premium Router Automatic Fast Prime,352.00,2989949827634,,27
Pro Radio Radio One Plus Portable,3.00,9539949858645,,68
Silent Light Headphones Tablet,489.00,4597217877748,,45
Ultra Phone Scooter Silent,201.00,3224858883159,,49
Camera Treadmill Heater,934.00,0053732208190,,76
Freezer Projector Webcam,352.00,1120929543460,,20
Pro Stove Vacuum Speaker Silent Ultra Max,372.00,6493587108445,,30
Premium Kettle Vacuum Prime Silent,96.00,4452392042759,,6
Mini Router Air Clean,239.00,0305833040101,,82
Digital Dock Speaker Phone,78.00,3975253951287,,1
Tablet,322.00,8662828455640,,88
Eco Freezer Projector Webcam Eco,691.00,8459428223447,,62
Advanced Microphone Air Lite,450.00,7510575427896,,98
Ultra Camera Keyboard Compact Clean,41.00,1914371017750,,77
Headphones,408.00,2346648127937,,34
Rechargeable Vacuum Shaver Portable,436.00,5424368247641,,53
Clean Heater Keyboard One,82.00,1638361813039,,65
Smart Keyboard,972.00,8214191782894,,59
Light Heater Clock,49.00,7171687221644,,54
Powerbank,500.00,6291410073362,,53
Rechargeable Headphones,233.00,3221283263785,,64
Mouse Heater,915.00,7454578495196,,43
Microphone Lamp Speaker,775.00,8238834889351,,69
Scale,292.00,5138332048102,,25
Advanced Thermostat Camera Watch,27.00,7494144077579,,46
Premium Camera Monitor Charger Silent Clean Smart,339.00,1200724674900,,95
Portable Fan Iron Clock Sense,837.00,6657765099851,,46
Toaster Light Monitor,641.00,1313892109577,,37
Fridge Camera,617.00,4761972336677,,90
Automatic Brush Premium,99.00,7303728301804,,61
Clean Fan Sense,657.00,6336428975076,,66
Freezer,129.00,5215823825678,,47
Wireless Lamp Speakerphone Headphones Compact Pro Air,903.00,6673785257378,,49
Portable Heater Cooker Smart Portable Go,205.00,9473101262812,,29
Compact Camera Mini,958.00,7819715679547,,72
Automatic Dock Trimmer Go One,188.00,8113237298101,,93
Advanced Dock Advanced Air,381.00,7067017986935,,68
Premium Bicycle Microphone Plus Pro Mini,921.00,4114627401020,,49
Kettle Brush Fan,962.00,6478402784929,,93
Tablet Tablet Kettle,766.00,2608331848773,,14
Ultra Grill Smart Edge,490.00,6267016169112,,56
Advanced Mixer Vacuum,891.00,3052242117944,,88
Smart Thermostat Camera Watch,976.00,6210088976508,,40
Smart Treadmill 360,38.00,4380286810316,,68
Smart Projector Speaker Treadmill Lite 360,342.00,1305404493953,,89
Compact Radio Edge,220.00,7252558053486,,86
Silent Drone Smart Premium,887.00,4612052436964,,37
Portable Printer Digital Plus,684.00,1115281518454,,18
Webcam Webcam Stove,886.00,9858191605211,,91
Fan Iron Clock,480.00,3742381793689,,27
Clean Clock Lock Wireless 360,801.00,0527926950535,,99
Clean Lock Bicycle Smart,576.00,3577549434636,,98
Vacuum,935.00,4783941779452,,57
Digital Tablet Clean,790.00,8753195461232,,68
Bicycle Microphone,746.00,2692753081740,,43
Smart Webcam Webcam Treadmill Max Smart Pro,410.00,3722589523257,,24
Wireless Freezer Powerbank Watch Premium X,749.00,5112393247834,,72
Advanced Powerbank Cooker Iron Advanced Plus Mini,51.00,1193557606845,,66
Compact Grill,363.00,1196706763536,,34
Wireless Blender Toaster Camera Touch Portable,715.00,9942285266003,,72
Router Phone,912.00,8906764400419,,50
Automatic Mixer Grill Portable Mini One,452.00,2011783812481,,16
Printer,644.00,1549075132531,,18
Ultra Trimmer Webcam Heater Lite,778.00,5779042350309,,86
Stove,563.00,6891335562059,,94
Digital Mouse Charger Rechargeable Go,467.00,4271952824181,,29
Pro Kettle,980.00,8126988923840,,2
Headphones,160.00,3205864978282,,85
Mini Scanner Drone 360,535.00,1502386067695,,32
Smart Headphones Monitor,621.00,1200421738240,,46
Dock,920.00,1818872470116,,24
Premium Scooter Microphone,945.00,7613519992174,,49
Eco Speaker,235.00,2422545128625,,58
Microphone Treadmill Oven,404.00,3083113380709,,87
Smart Cooler Eco,122.00,7184734831628,,92
Fast Monitor Light Portable Eco,815.00,9014901148700,,4
Premium Lock,68.00,1906465431375,,75
Ultra Speakerphone Oven Rechargeable Clean Compact,156.00,0372953070035,,36
Camera Drone Fan,646.00,7091750263961,,52
Toaster Oven,205.00,7483732723530,,34
Premium Thermostat Camera Watch Wireless,476.00,9380002797940,,28
Smart Projector Brush Prime Air,938.00,0956905993940,,30
Advanced Scale Headphones Eco X,595.00,6287841650050,,3
Silent Watch Tablet Printer Air,562.00,0406847274664,,50
Eco Powerbank Digital,151.00,7343001170604,,44
Advanced Drone Printer Tablet Max,509.00,1742723814371,,71
Compact Trimmer Heater Plus Pro Wireless,62.00,8536095010447,,5
Speakerphone Oven,864.00,3328976483427,,77
Premium Vacuum Printer Portable,953.00,9543567943133,,62
Iron,123.00,0786480549375,,77
Premium Blender Clean,508.00,2748023862332,,24
Silent Dock,37.00,0216515109040,,99
Fast Webcam Projector Lock Silent Smart,287.00,7745505532160,,69
Portable Shaver,672.00,8216193364153,,57
Kettle,644.00,3373157622973,,6
Mixer Lamp,172.00,8116122165649,,87
Smart Speaker Powerbank Camera Go Max Digital,278.00,5364821302503,,75
Radio Light Fan,938.00,9876345078599,,72
Smart Lock Bicycle Lite Digital Smart,35.00,9561071715435,,87
Smart Freezer,491.00,7528339176928,,4
Smart Phone Thermostat Eco Ultra,847.00,5795075214852,,27
Clock Router Fridge,676.00,3137074679898,,79
Powerbank Radio,877.00,3128754121073,,95
Digital Charger Treadmill Lite Eco,618.00,3633298502375,,60
Pro Scale Stove,321.00,1017332521546,,84
Router,779.00,7425944647006,,69
Mini Phone Thermostat Lite Plus,468.00,2097460942382,,26
Lamp Scanner Vacuum,723.00,2053051499734,,47
Grill Brush Watch,814.00,7291975940221,,72
Wireless Charger Lock Oven Wireless Silent,703.00,7955189311924,,86
Smart Watch Headphones Kettle Eco,823.00,0753895558179,,1
Rechargeable Iron,498.00,8561816720763,,77
Automatic Iron Monitor 360 Pro Wireless,973.00,2062494080393,,30
Rechargeable Monitor Brush Monitor Compact,456.00,9267343523844,,66
Mini Grill Trimmer,663.00,5507341125126,,57
Mini Grill Grill Pro,968.00,4380309668726,,80
Advanced Dock Powerbank Speaker Smart Automatic Max,800.00,9806253294491,,96
Wireless Speakerphone,622.00,3708998404295,,68
Wireless Heater Silent Mini,816.00,1956683437161,,19
Silent Thermostat Speaker,358.00,0188753203555,,26
Fast Lock Edge,50.00,8682026731636,,35
Mini Bicycle Speakerphone Printer Compact Smart Sense,298.00,7724083887763,,44
Smart Iron Ultra Portable Premium,675.00,2070692425960,,44
Compact Mouse Monitor Phone Mini,642.00,8053714827809,,55
Advanced Radio Bicycle Cooler Silent Sense,825.00,8681515019187,,91
Compact Headphones Ultra Lite,965.00,6530635164494,,60
Speakerphone,787.00,5057101428016,,22
Keyboard,308.00,9596228009815,,95
Speakerphone Stove Tablet,995.00,9715156566614,,24
Automatic Mixer Freezer Trimmer Wireless Edge,110.00,6094358949795,,41
Portable Thermostat Microphone Scooter Edge,941.00,9019663720997,,87
Automatic Webcam Webcam Treadmill Premium Clean,984.00,4503501114772,,51
Silent Heater Thermostat Fast Wireless,923.00,3155264931434,,96
Digital Projector Automatic,112.00,0833403684597,,24
Premium Charger Bicycle Fan Smart Wireless Clean,420.00,8349926542242,,80
Compact Mouse Treadmill Phone Plus Compact,435.00,4297998276029,,92
Mini Drone Thermostat Headphones Prime Rechargeable Silent,9.00,3823298187225,,76
Mouse Treadmill Phone,569.00,0588161560767,,87
Premium Headphones Monitor,544.00,0963698757048,,89
Clean Printer Charger Brush Fast,985.00,1243618395932,,36
Mini Printer Freezer Automatic 360,257.00,6789881503872,,92
Ultra Speaker Router Lamp Prime,302.00,7119217838634,,81
Mini Charger Lamp Digital Silent,234.00,1108902133877,,22
Smart Camera Go Plus Smart,188.00,3233267805089,,89
Smart Iron Monitor X Wireless,748.00,3331084789961,,49
Digital Tablet,920.00,4426828723420,,94
Compact Fan Monitor Toaster Air Clean,227.00,2189766446197,,55
Cooler,572.00,6318134418597,,6
Mini Drone Premium Advanced,572.00,9816543863641,,96
Premium Drone Heater Scanner Sense,966.00,1648456539638,,8
Fast Brush Blender,539.00,2704167235647,,24
Keyboard,29.00,3061684483586,,89
Rechargeable Thermostat Microphone Scooter Pro Pro Silent,231.00,2243098203658,,72
Rechargeable Vacuum Fan,136.00,2601982865625,,41
Ultra Speakerphone Oven Premium Advanced,916.00,5138446929694,,16
Drone Speaker Speaker,485.00,5460032201977,,12
Rechargeable Toaster Go,979.00,9650319794247,,66
Premium Iron Ultra Smart,917.00,5776311832542,,44
Iron Heater,807.00,8812257701522,,33
Fast Fan Rechargeable Eco Smart,345.00,7406987157073,,7
Webcam Toaster,543.00,8618626042148,,34
Premium Lock Bicycle One Air X,551.00,0687467120849,,30
Fan Scooter Headphones,170.00,8183098752517,,78
Silent Dock Router Webcam Smart Pro Smart,240.00,2957399620655,,1
Silent Brush Scale Grill Mini,585.00,7523407342007,,58
Compact Thermostat Trimmer Advanced Plus,990.00,1078562543340,,24
Lamp Lamp,609.00,2777684406678,,37
Eco Grill Brush Watch Portable,26.00,6756072345689,,78
Smart Vacuum Shaver Mini X Automatic,202.00,6218101308916,,9
Automatic Light Webcam Cooker,908.00,1736055535110,,80
Scale Trimmer Grill,922.00,0854598813777,,77
Automatic Camera Lite,680.00,6041192985472,,86
Fast Watch Grill Max Silent Premium,67.00,4930597458280,,62
Ultra Trimmer Cooler,65.00,4016982921949,,95
Smart Thermostat Printer Automatic,822.00,0188740866220,,77
Eco Iron Microphone Sense,614.00,1270958773281,,53
Eco Drone Fast Touch Mini,158.00,2500709486719,,7
Pro Light Ultra Premium,421.00,3748243082854,,12
Pro Thermostat Rechargeable,666.00,8776795678381,,77
Premium Bicycle Lock Fan Sense Wireless Edge,432.00,9163034972208,,44
Clean Webcam Cooker Toaster Rechargeable One,969.00,9050934747916,,17
Smart Shaver Drone Silent Edge Premium,924.00,8481222734720,,2
Advanced Iron Monitor,240.00,7167675260580,,3
Pro Printer X,241.00,5688720457899,,33
Automatic Mixer Bicycle Fridge X Max Lite,41.00,4089929889183,,18
Portable Monitor Mini Automatic Fast,831.00,8244744978061,,31
Premium Lamp Monitor Sense Pro,316.00,5526981265719,,81
Mouse Charger,311.00,7652761991436,,58
Eco Printer Charger Brush Wireless,887.00,0783695131449,,57
Wireless Clock Router Fridge Smart,563.00,1738363266083,,52
Mini Treadmill Ultra Plus,547.00,2730864790301,,21
Advanced Camera Go,67.00,6104996239636,,18
Heater Monitor,885.00,3802650118008,,35
Mini Mouse Heater Portable,910.00,2426916727004,,94
Compact Charger Mini,511.00,8466907857925,,23
Advanced Powerbank Lite,567.00,2527105439705,,21
Ultra Powerbank,8.00,5146134508908,,51
Rechargeable Fan Clock Camera Plus 360 Smart,572.00,8087444915994,,29
Silent Webcam Webcam Treadmill Touch Silent,653.00,4469063752374,,47
Compact Bicycle Scooter,21.00,3920226774837,,10
Fan,23.00,6218157383882,,27
Pro Lock,826.00,4189558194778,,44
Fast Watch Wireless 360 Silent,220.00,7509222870659,,49
Fast Treadmill Silent Lite Advanced,951.00,8008099269959,,72
Scanner Drone,582.00,3456215566737,,43
Fast Brush Premium Eco,104.00,8638858159612,,50
Portable Headphones Charger Automatic,204.00,7088125375619,,94
Compact Fan Smart,666.00,1574218895332,,12
Eco Cooler Vacuum,855.00,5905012498225,,42
Scale,108.00,8191319332387,,5
Portable Tablet Lite Eco,60.00,7558659108866,,51
Fast Charger Stove Watch Clean Air Premium,388.00,7492778716529,,95
Silent Mouse Monitor Phone Compact,987.00,5386486933038,,58
Smart Headphones,371.00,6797127659818,,32
Eco Printer Lock Thermostat Compact Max Fast,117.00,0939272020730,,21
Automatic Charger,182.00,2377935851617,,46
Smart Microphone Camera Advanced Edge,11.00,8255891371728,,11
Scale Stove,180.00,8019759731938,,9
Clean Powerbank Scooter Touch Portable,924.00,2030822746877,,29
Smart Radio,112.00,2233753430581,,96
Projector,977.00,9852747452182,,33
Vacuum Router Toaster,389.00,1498426214863,,70
Portable Powerbank Router Rechargeable Smart,501.00,7503657669536,,43
Scanner,32.00,7727141597789,,42
Fast Brush Lock,548.00,6954524536757,,78
Silent Brush Scanner Pro Mini Pro,15.00,6476078633411,,27
Premium Blender Pro Clean Compact,387.00,9670584445491,,91
Smart Brush Fridge Drone,394.00,2354171437188,,52
Eco Vacuum Fan Silent X Rechargeable,823.00,1454483908312,,12
Fast Brush Cooler Powerbank Max,427.00,8590003375820,,16
Fast Fan Cooler Vacuum Clean Air X,919.00,2354885370283,,61
Mini Mixer Toaster Toaster Air Wireless,533.00,0204984068920,,97
Mini Toaster Clean,440.00,4292474474524,,73
Eco Keyboard Phone Scanner Edge,333.00,7326669254572,,14
Portable Iron Heater,42.00,6007865626394,,93
Wireless Treadmill 360 Pro,296.00,4635832896239,,17
Mini Treadmill Mini Compact Ultra,643.00,2344229506713,,95
Fridge Printer Mouse,232.00,8912649846180,,70
Advanced Heater Touch,750.00,5135183259640,,44
Advanced Bicycle,279.00,3944141819817,,54
Digital Trimmer Smart Fast,46.00,2200760647004,,14
Smart Brush Max Premium Digital,553.00,6671932007555,,77
Mini Fan Powerbank,707.00,7270102317945,,33
Wireless Scanner Shaver Powerbank Premium Lite 360,107.00,4803208573507,,54
Compact Treadmill,138.00,4962669262976,,11
Digital Fan Cooler Vacuum,3.00,8843882020528,,99
Heater Mixer Shaver,957.00,0431184182877,,22
Rechargeable Fan Thermostat Ultra,971.00,0704646149467,,1
Smart Projector Brush X Max,561.00,5272230187348,,24
Digital Projector Oven Thermostat Smart Ultra,201.00,9802766298445,,60
Ultra Phone,372.00,3934819353453,,29
Digital Heater Cooker Eco Touch,151.00,8582472777489,,86
Pro Mixer Bicycle Fridge,729.00,3224453704507,,66
Smart Iron Thermostat,838.00,0722609456483,,22
Smart Projector,291.00,4751099085527,,46
Advanced Drone,793.00,5021679522964,,59
Eco Speakerphone Pro Pro Air,706.00,2518943895211,,86
Portable Scale Trimmer Grill Max Automatic Smart,615.00,0081511926843,,77
Advanced Tablet Speakerphone Go Compact Smart,880.00,0561202702517,,93
Compact Radio Pro Pro,66.00,7901526747635,,36
Advanced Phone Grill,707.00,6225031721609,,73
Rechargeable Brush Wireless,288.00,7517871796619,,75
Pro Grill Charger Headphones One Digital,437.00,9785713211288,,71
Advanced Powerbank Iron Brush,824.00,6587548617333,,32
Projector,737.00,5213228729928,,88
Silent Keyboard,910.00,8623843861366,,1
Premium Shaver Eco Air Go,435.00,4672123298372,,10
Fast Charger Sense Mini,348.00,5765503750856,,2
Premium Scanner Drone,972.00,2388698549420,,24
Webcam Trimmer Projector,960.00,3416273097895,,63
Smart Toaster,932.00,8780206234806,,33
Premium Thermostat Printer,515.00,1121865592239,,88
Mixer Toaster Toaster,961.00,0367926881787,,11
Mini Microphone Treadmill Oven Go,792.00,1439112591660,,76
Premium Lamp,217.00,6577690712635,,2
Digital Blender Treadmill Tablet Smart,910.00,3936456121198,,13
Premium Shaver,258.00,0558258483002,,95
Automatic Charger Lock Oven Fast Ultra,577.00,0215654261725,,38
Ultra Projector Brush Compact Sense,682.00,5507548278830,,77
Fast Mixer Smart Fast,706.00,6265770362176,,14
Smart Mouse,991.00,1441535057258,,2
Clean Keyboard Speaker Air Fast,388.00,6426574577467,,83
Eco Toaster Light Monitor,766.00,1129388233066,,79
Silent Thermostat Stove Lamp Rechargeable,272.00,9408882420717,,61
Smart Lamp Speakerphone Headphones Clean Pro,355.00,1785006475326,,50
Digital Radio Mixer Sense Automatic,814.00,5824613432790,,55
Silent Lamp Monitor,668.00,0176223137431,,30
Headphones,193.00,1363159780445,,2
Oven Trimmer Dock,232.00,8730629726549,,86
Toaster,833.00,8438901235047,,96
Premium Dock Pro Touch Compact,285.00,6819766093041,,92
Brush,53.00,3236011952855,,23
Bicycle Scooter,12.00,6705488158772,,14
Automatic Speakerphone Oven Lite,956.00,8143664541907,,47
Eco Heater Monitor Go Max Prime,82.00,1585965645118,,21
Wireless Lock Touch Advanced,928.00,8596897062891,,46
Fast Dock Router Webcam Silent Wireless,424.00,3879042989959,,17
Wireless Scale Speaker Powerbank Premium Mini Clean,512.00,7528220763725,,76
Compact Watch Smart,474.00,1239215185908,,5
Smart Speaker Advanced,204.00,0240318609049,,44
Clean Charger Stove Watch Portable Plus,815.00,6468229516926,,80
Wireless Tablet Cooler Fridge Wireless Sense,579.00,0185409763487,,96
Grill Trimmer,836.00,2997703505513,,75
Charger Lamp,104.00,0771089888796,,62
Smart Trimmer,29.00,6671556249164,,13
Webcam Printer,879.00,0842488692267,,85
Lamp Lamp Kettle,551.00,8002156240486,,8
Digital Dock Freezer Projector,565.00,9298860382058,,29
Compact Webcam Webcam Stove Fast,473.00,3743094977052,,24
Mini Mixer Prime Clean,615.00,8521585138909,,49
Pro Speaker Air,140.00,7034969541642,,14
Pro Dock Speaker Phone,832.00,2521176154062,,19
Pro Powerbank Scale Clean Touch Smart,691.00,9297173053693,,23
Smart Speakerphone Oven Compact Clean,773.00,5242080681440,,16
Wireless Treadmill Smart Compact Pro,652.00,4653906102178,,29
Smart Light Air Prime Compact,864.00,6623289255134,,79
Oven Scale,917.00,0327084870412,,74
Premium Printer Webcam Edge Edge Fast,354.00,2937852786623,,76
Compact Shaver Thermostat,558.00,4674309796894,,32
Eco Heater Toaster Stove,141.00,0191571252926,,11
Digital Tablet Plus Digital,547.00,1105262874365,,68
Headphones,439.00,8625832062365,,63
Portable Blender Cooker Touch Plus,676.00,3345223426600,,69
Ultra Vacuum Eco Sense Smart,878.00,6354432017766,,48
Automatic Powerbank Radio,617.00,4453518630454,,27
Digital Toaster Clock Monitor Smart Wireless Smart,238.00,1257406575239,,15
Eco Lock Go Premium,142.00,8120306564623,,54
Eco Scale Rechargeable Portable,565.00,7115235135601,,64
Pro Keyboard,905.00,1406715614867,,97
Premium Scooter,629.00,1706755484063,,98
Digital Microphone Treadmill Oven,193.00,0115542921642,,13
Clean Lamp Lamp Kettle Smart,97.00,9366178335728,,83
Silent Camera Drone Fan Smart,481.00,9346691921684,,84
Portable Mouse,452.00,8290031295403,,49
Ultra Powerbank,742.00,9405523181754,,63
Smart Lock Plus Edge,819.00,3797490917464,,31
Ultra Iron Toaster Projector Plus Pro Clean,28.00,6056150297191,,11
Rechargeable Drone,178.00,3907652439462,,59
Mini Fridge Cooker Plus Compact,883.00,2277956893286,,3
Smart Brush Edge Digital Ultra,736.00,6004488125907,,1
Ultra Phone Iron Speakerphone,433.00,6795547076512,,26
Thermostat Trimmer,593.00,6394712724915,,13
Wireless Vacuum Cooler Prime,375.00,2876784631871,,43
Advanced Cooker,14.00,7056921367824,,56
Clean Tablet Silent X,93.00,7455159052296,,9
Ultra Heater Thermostat Digital,486.00,0037750570514,,93
Vacuum Printer,751.00,9779076447545,,31
Ultra Dock Powerbank Speaker Compact One,811.00,6033146244421,,33
Fridge Printer Mouse,802.00,8801730119923,,82
Ultra Projector,765.00,5121318719288,,68
Silent Printer Portable,934.00,6725256033223,,17
Silent Webcam Scooter Pro,15.00,0573599518886,,12
Portable Vacuum Iron Phone Fast,76.00,8232103053771,,77
Mini Scanner Monitor Treadmill Compact,776.00,6331495473210,,22
Ultra Vacuum Printer Lite One,809.00,4770726968958,,19
Rechargeable Phone Air,898.00,9649715689691,,43
Watch Thermostat,370.00,5288390324974,,12
Digital Stove Light,97.00,9086247797874,,81
Wireless Grill Grill Scale,112.00,7323925438691,,18
Ultra Speakerphone Scanner Monitor Rechargeable,122.00,1176157487755,,96
Fast Heater,687.00,0467312671227,,32
Blender Scale,350.00,4713607460936,,38
Oven Trimmer,439.00,6189580825792,,33
Digital Iron Monitor Mini,792.00,7542295184940,,83
Advanced Radio Stove Shaver,898.00,3052119133688,,18
Automatic Toaster Light Monitor Digital One Max,579.00,6696310238642,,54
Compact Camera Portable,311.00,5379866679633,,78
Wireless Charger Radio,350.00,1790194866207,,27
Advanced Scale Treadmill Silent,228.00,9662189572245,,1
Ultra Keyboard Digital Plus Pro,80.00,2426892658415,,15
Scanner Drone,589.00,3633299890914,,94
Silent Fan Iron Clock Go Eco Digital,778.00,7324745646396,,79
Automatic Drone Speaker Speaker Air Silent,843.00,3376397199687,,96
Smart Treadmill Mini,815.00,3403145112510,,91
Fast Mouse Radio Light Lite Automatic Silent,555.00,2573982544490,,96
Rechargeable Camera Smart Air,770.00,5215943116502,,65
Wireless Phone Speaker Blender Wireless,35.00,1834832742413,,98
Silent Powerbank Pro Silent,131.00,8062542027817,,94
Router Lamp,170.00,1979829258819,,72
Smart Mixer Drone Fan Automatic Clean,121.00,7684797105396,,60
Smart Clock Brush Lite Portable Fast,734.00,1628893847749,,52
Ultra Charger Treadmill Touch,4.00,3099042682159,,79
Portable Powerbank Projector Fast,194.00,6637355466652,,53
Smart Speakerphone,506.00,5206897203547,,30
Eco Trimmer Clock,252.00,1270266285216,,98
Ultra Blender Premium,980.00,6969665262021,,2
Light Toaster,109.00,5064446257058,,89
Premium Iron Portable Smart,774.00,2967640395959,,38
Portable Mouse Rechargeable,372.00,0858474283944,,8
Smart Speakerphone Automatic Portable,967.00,6838239677106,,21
Digital Treadmill,295.00,2052967288968,,38
Fast Scanner Monitor Treadmill,401.00,3000470164520,,53
Eco Heater Cooker Plus,203.00,8562468331734,,74
Premium Toaster Wireless Digital Mini,449.00,5385750612990,,82
Advanced Cooler Fast,332.00,6149221484450,,98
Compact Scale Toaster,701.00,8057307412694,,71
Wireless Treadmill Lite Mini Smart,300.00,7348167891318,,98
Advanced Fan Scooter Trimmer,391.00,7957211570729,,40
Wireless Router Freezer Webcam Clean Mini,799.00,9357007456974,,23
Projector Freezer,995.00,3465900305292,,26
Mini Watch Grill Ultra Edge,235.00,0166577071406,,78
Smart Fan Scooter Headphones Max One,642.00,1789266220290,,54
Fridge,757.00,0469805286284,,70
Silent Speakerphone Charger Prime,814.00,6722691703162,,8
Wireless Heater Stove Scanner,970.00,4535023442842,,87
Pro Webcam Dock Heater Edge Clean,706.00,4149168268931,,71
Clock Drone Charger,632.00,3139348139220,,10
Advanced Powerbank Cooker Iron,636.00,9665485488524,,67
Pro Powerbank Lite 360 Ultra,516.00,8545848501941,,60
Compact Tablet Router Printer,645.00,5753732978943,,71
Advanced Tablet Cooler Fridge,459.00,7234992304966,,57
Ultra Monitor Light Smart,495.00,5374111829962,,3
Mini Brush Blender Vacuum,26.00,7425608968225,,86
Portable Speaker Keyboard Pro,353.00,5278324533657,,59
Clean Treadmill,33.00,5720566756832,,65
Fast Brush Plus Air Compact,596.00,0986406067857,,17
Rechargeable Shaver Grill,789.00,9329395350202,,43
Compact Webcam Advanced 360 Plus,657.00,8420449148392,,36
Compact Keyboard,886.00,6398730839491,,62
Clean Scale 360 Ultra,712.00,0165966427374,,27
Ultra Oven Trimmer Dock Smart Eco,164.00,7831287805100,,99
Dock,335.00,5302501290283,,64
Fast Fan Silent,366.00,0408556068534,,51
Portable Cooler Printer Speaker Plus Clean,921.00,4288627426724,,84
Smart Speakerphone Oven Max,604.00,4937347084973,,50
Ultra Trimmer Heater,892.00,7959001566950,,15
Mini Thermostat Webcam Bicycle,12.00,2379663679211,,62
Dock,907.00,5724780103410,,60
Pro Projector Lite Air Pro,466.00,8328525496187,,7
Brush,20.00,1399745906616,,21
Ultra Microphone One Air Premium,812.00,4000546932847,,68
Eco Oven Scale Advanced,652.00,5580383990334,,47
Powerbank,282.00,3303223981765,,44
Wireless Keyboard Phone Scanner Smart X,914.00,3989707095847,,60
Rechargeable Watch Thermostat Silent Smart Silent,215.00,1576074450205,,69
Automatic Freezer Phone Fast Max,409.00,7434760526112,,41
Dock Speaker Phone,852.00,3483286689355,,99
Ultra Grill X Advanced,761.00,5759326746578,,5
Drone Vacuum,287.00,5997391895207,,72
Eco Radio Light Fan Mini Fast,670.00,4201771515762,,99
Smart Radio Go Portable,795.00,6111055905593,,73
Smart Drone Rechargeable Smart,817.00,4652932409268,,28
Mini Heater Stove Scanner Digital Rechargeable,489.00,6874324990378,,63
Advanced Watch Grill 360,961.00,2030210829830,,85
Smart Treadmill Lite Smart Prime,571.00,2254388058117,,74
Smart Radio Fast,940.00,2929369638199,,14
Silent Blender Toaster Camera,435.00,6111062904374,,12
Dock Dock Trimmer,451.00,7639393578570,,71
Compact Iron Toaster Projector,829.00,3986269245642,,78
Portable Webcam Webcam Stove,879.00,4230479016400,,81
Rechargeable Thermostat Trimmer Max 360 Pro,234.00,3944536633264,,51
Portable Keyboard Speakerphone Fan Eco,471.00,2563608842109,,70
Lamp Freezer,268.00,9527540572862,,8
Portable Cooler Treadmill Edge Silent Clean,287.00,0638655709650,,69
Premium Watch Camera Touch,508.00,5048482436547,,81
Fast Speakerphone,799.00,9011274838283,,65
Silent Drone Speaker Speaker X,647.00,5452257941943,,40
Eco Shaver Prime Prime Mini,480.00,5610133727917,,79
Rechargeable Bicycle Lock Fan X,169.00,2956253697642,,30
Fast Clock Drone Charger,624.00,0742700283078,,58
Rechargeable Drone Printer Tablet Smart Touch Go,53.00,9286313797832,,47
Smart Charger Lamp Smart Eco Ultra,25.00,3838472848076,,98
Phone,223.00,4272473740011,,46
Eco Watch Microphone Microphone Go Portable Digital,871.00,5465117568600,,46
Digital Blender Mini Smart,881.00,2969229295834,,88
Smart Lock Charger,905.00,2114744561357,,10
Ultra Blender Blender Go Touch,300.00,2394311354913,,89
Webcam Scooter,160.00,3816401731057,,36
Smart Monitor,547.00,1839332738140,,53
Ultra Speaker Tablet Headphones 360,849.00,5764310967211,,65
Silent Fan Edge,387.00,3687806202301,,60
Pro Webcam Scooter Go Automatic Rechargeable,482.00,7648998262159,,93
Pro Treadmill,55.00,2469457462614,,41
Pro Scanner Monitor Treadmill Advanced 360,279.00,1072514903145,,88
Wireless Light,138.00,4994914698919,,35
Digital Radio Treadmill Fast,453.00,2205805001223,,94
Toaster Light Monitor,782.00,5862307042023,,77
Wireless Stove Monitor Tablet,417.00,8221398173158,,82
Portable Tablet Microphone Trimmer Silent X Rechargeable,603.00,5829293427074,,65
Rechargeable Iron Cooler Iron Smart Eco Lite,814.00,5812310543239,,69
Clean Scale Clock Eco Clean,729.00,2067219662847,,78
Portable Thermostat,914.00,5590169785184,,28
Smart Freezer Powerbank Watch Smart Edge,237.00,2844662109118,,41
Pro Powerbank,659.00,0000282925572,,31
Smart Phone,219.00,3451499117743,,13
Smart Camera Lite Lite Sense,804.00,7687878892758,,89
Pro Charger Bicycle Cooker Automatic,704.00,4867571449111,,80
Light Webcam Cooker,216.00,0371636230919,,38
Portable Brush Fridge Drone,764.00,0749708830143,,65
Premium Fridge Printer Mouse Clean Fast,337.00,2979425180025,,47
Automatic Camera Router Fan Automatic Lite,851.00,0992434579583,,49
Keyboard Speakerphone Fan,465.00,0750871270452,,4
Rechargeable Projector Oven Thermostat X X Edge,777.00,1581227669151,,91
Smart Webcam Mouse Max,3.00,0282579822867,,45
Portable Blender Prime X,814.00,4578572714411,,16
Mini Scanner Shaver Powerbank Digital Prime,793.00,8476673475780,,47
Eco Fan Phone Digital Max,447.00,7557974161747,,78
Smart Scanner Mouse Clean Plus Pro,349.00,2150760582952,,96
Mini Drone Printer Tablet Air,759.00,1214013148539,,28
Lock Thermostat,872.00,7207450185773,,90
Wireless Clock Drone Charger Lite Silent X,300.00,7394127710038,,92
Smart Lamp,510.00,9227840597854,,16
Eco Blender Sense Rechargeable,653.00,3485503118556,,95
Advanced Heater Radio Fast Fast Plus,838.00,7501892709697,,11
Fast Watch Headphones Kettle Sense Prime Automatic,545.00,4999681108722,,39
Premium Cooler Premium Smart Premium,279.00,9669295779360,,45
Lamp Speakerphone Headphones,584.00,6869990594739,,57
Eco Watch Edge Advanced Wireless,766.00,5060893001220,,20
Fast Lock,54.00,0317755081650,,68
Fast Blender,924.00,9864113029553,,79
Eco Grill Prime Sense Premium,195.00,1437795099220,,57
Portable Bicycle Scooter Eco One,493.00,4805818696294,,34
Automatic Light Webcam Cooker Wireless Smart 360,954.00,2138014941274,,7
Mini Thermostat Microphone Scooter Pro Lite Go,189.00,7599470799727,,53
Portable Iron Portable 360,27.00,7580771686915,,46
Blender,270.00,7318875515332,,55
Eco Scooter Scale Cooler,327.00,9691597808240,,33
Rechargeable Stove Blender Oven Portable Advanced,828.00,8029136599457,,26
Digital Microphone Heater Compact Wireless Sense,404.00,4271044993160,,85
Portable Charger Bicycle Fan,269.00,2776829787320,,88
Wireless Router Lite Air,712.00,5392867286228,,57
Eco Thermostat,924.00,3811223290034,,15
Compact Trimmer Clock Touch Go,151.00,4368652242497,,38
Rechargeable Charger Bicycle Fan Compact,638.00,2125028549237,,28
Wireless Printer Fan Rechargeable,656.00,0998985900616,,30
Compact Dock Air Digital,552.00,3505704654858,,37
Microphone,278.00,0413267470323,,33
Mini Monitor Brush Monitor 360,677.00,9824137860655,,42
Blender Scale,255.00,7576459886371,,85
Printer,228.00,8684004521468,,3
Eco Mouse Lamp,795.00,6543656649529,,74
Scale,558.00,1207341057789,,55
Digital Trimmer Wireless Smart Rechargeable,643.00,6359152230921,,99
Wireless Kettle Vacuum X Sense Edge,555.00,0664622465212,,4
Rechargeable Shaver Blender,351.00,9586715148073,,26
Portable Mouse Radio Light 360 Digital Silent,966.00,9097431805756,,92
Rechargeable Dock Portable Plus,562.00,5353221501104,,41
Iron Monitor,84.00,0961571493250,,56
Advanced Phone Edge,872.00,2471657773315,,17
Portable Monitor Light Premium,779.00,0059596305303,,71
Smart Webcam Webcam Treadmill Silent Premium,97.00,7522713795590,,44
Digital Heater Premium Clean One,53.00,9509992398870,,22
Keyboard,300.00,0705560822924,,64
Radio,526.00,3499271758821,,22
Rechargeable Tablet,195.00,5057223809052,,87
Portable Thermostat,942.00,6840981274458,,89
Premium Vacuum Webcam Advanced,887.00,9482694956329,,41
Clean Phone,286.00,3986496532836,,66
Eco Lamp Freezer,349.00,5999704234444,,21
Pro Camera Drone Fan Lite Air One,339.00,3749682498947,,1
Smart Headphones Stove Portable Smart,348.00,1801293000024,,22
Fast Lamp Grill,351.00,0957610992686,,83
Pro Kettle,597.00,7906485623303,,99
Radio Bicycle Cooler,703.00,1718038873242,,39
Clock Lock,283.00,5661555017285,,99
Wireless Iron Microphone Plus Max,173.00,6795246051490,,65
Eco Webcam Stove Grill Clean,395.00,9349083902490,,97
Premium Vacuum Iron Phone Premium Edge Fast,41.00,5764452863747,,73
Silent Camera Rechargeable,308.00,6764836726070,,86
Automatic Trimmer Cooler Smart Automatic Touch,873.00,1885201852028,,15
Fast Watch Eco Ultra,2.00,3664165705513,,73
Ultra Charger,642.00,5037335037062,,55
Compact Lamp Blender Drone Prime Fast Edge,492.00,2663272219037,,56
Smart Radio Touch Compact,449.00,5481544039063,,44
Fast Watch Tablet Printer Digital Mini,807.00,3623672037913,,94
Silent Dock Trimmer Plus Silent Touch,107.00,8366300368892,,80
Compact Charger Prime Sense Prime,802.00,5371552710972,,64
Pro Stove Monitor Tablet Lite,99.00,1508795201996,,89
Oven Drone,456.00,4753326755623,,50
Advanced Monitor Fast,465.00,1698353050620,,26
Rechargeable Lock Eco,374.00,8828864940902,,47
Wireless Tablet Blender Ultra Go,202.00,9621257397517,,38
Portable Radio Ultra Fast,372.00,8761415269605,,27
Scale Speaker Powerbank,806.00,5527362332822,,84
Portable Projector Lite One,396.00,9230000378538,,74
Eco Bicycle Lock Fan,795.00,2311044933840,,69
Wireless Lamp Freezer Portable Edge,902.00,7517249491559,,38
Premium Camera Keyboard Eco One,27.00,4558660044781,,46
Portable Speakerphone Stove Tablet,382.00,6625138674943,,96
Clean Dock Premium Silent,928.00,4389128080757,,80
Rechargeable Headphones Stove Smart Pro,507.00,8000305003968,,12
Advanced Blender,487.00,2566792483288,,6
Portable Oven Trimmer Dock Rechargeable Plus,431.00,3547672080116,,18
Premium Phone,521.00,4906809141363,,83
Pro Fan Powerbank,241.00,1129936545719,,61
Mini Mixer Drone Toaster,379.00,5933851591746,,60
Smart Fan Portable,542.00,4331596289446,,68
Automatic Scooter,3.00,2843031763555,,57
Portable Fan Rechargeable Pro,793.00,6534798229359,,56
Advanced Cooler Portable,514.00,6862907537447,,79
Smart Watch Headphones Kettle,897.00,1334974517318,,7
Ultra Dock Freezer Projector Sense Pro Sense,499.00,3071651180530,,8
Digital Dock Silent Compact,992.00,3024019763562,,52
Smart Heater Toaster Stove Pro One 360,117.00,6230535422464,,98
Kettle Vacuum,991.00,8025007662893,,97
Webcam Mouse,557.00,2364961551253,,43
Mini Dock Powerbank Speaker Smart Silent,850.00,8989695978240,,69
Advanced Watch Headphones Kettle 360 Rechargeable X,440.00,5053598553934,,14
Compact Fan,342.00,2128216744575,,70
Fast Cooler Watch Fan,385.00,7030165457534,,37
Oven Trimmer,713.00,3658021156977,,83
Eco Scale Trimmer Grill,498.00,1220493844816,,58
Advanced Treadmill,939.00,7037792994968,,45
Pro Thermostat Drone Heater Digital Silent Wireless,736.00,3314013483260,,25
Ultra Microphone Lamp Speaker Smart Silent Eco,358.00,7388726031946,,43
Pro Projector Freezer Clean,737.00,4316529382661,,11
Automatic Fan Smart Touch,197.00,8352732386993,,67
Smart Mouse Speaker Cooler Sense,858.00,3730951379289,,91
Eco Powerbank Scale Edge X Sense,634.00,7964822921284,,82
Smart Powerbank,268.00,5982559920235,,79
Pro Toaster,188.00,8679039659989,,45
Clean Mixer Vacuum Automatic Fast,991.00,4946141416835,,10
Brush,492.00,8875574167747,,22
Cooler Vacuum,17.00,5518165358614,,92
Digital Scanner Shaver Powerbank Clean,983.00,1395732171548,,93
Portable Tablet Speakerphone One,316.00,5590419267965,,73
Fan,468.00,7532157469469,,57
Compact Oven Drone,794.00,8722629575999,,31
Wireless Vacuum Iron Phone Prime Go Touch,117.00,4009947417557,,86
Silent Blender Digital One 360,913.00,5958282777835,,38
Microphone,452.00,9917080717043,,54
Silent Scale Headphones,296.00,1273396210943,,94
Digital Scale Headphones Mini Fast,100.00,0765061093810,,95
Automatic Webcam Projector Lock Touch,750.00,9479342746258,,63
Digital Light Toaster,58.00,2461330778386,,6
Premium Scale Speaker Powerbank,891.00,8675759585966,,37
Eco Printer Fan,147.00,2629462293515,,87
Fast Tablet Speaker Scooter Rechargeable,913.00,1805867968604,,41
Silent Cooler,262.00,3295465104463,,76
Ultra Blender Cooker Rechargeable Advanced,705.00,2862638758399,,19
Watch Fridge,381.00,4943758640196,,59
Thermostat,307.00,1061740942431,,8
Automatic Keyboard,750.00,9038806305358,,84
Fast Speaker Iron Grill Advanced Air Digital,887.00,4444219502645,,90
Fast Shaver Compact Eco Lite,74.00,9666716213175,,48
Pro Phone Mini Go Rechargeable,442.00,4792960037740,,11
Premium Heater Eco,227.00,4523292948707,,59
Smart Mixer Freezer Trimmer,129.00,2882201670538,,80
Wireless Grill Grill One,111.00,8591721460034,,66
Wireless Keyboard Speaker Touch Wireless,322.00,5394121733936,,91
Ultra Lock Thermostat Digital Smart,912.00,9243626140342,,12
Clean Freezer Phone,369.00,0804555037234,,75
Automatic Heater Plus,488.00,0888804638670,,64
Advanced Mixer Lamp Smart Mini Portable,715.00,9251943331091,,58
Dock,152.00,2249603643896,,42
Ultra Lock Edge,523.00,2193873698219,,9
Silent Iron Smart,650.00,2639090922220,,79
Wireless Headphones Go Smart,323.00,3742175393873,,48
Smart Heater Mixer Shaver Advanced Wireless Smart,626.00,5947939813064,,76
Grill Trimmer,341.00,4382726724627,,3
Pro Dock Mixer Router Pro Rechargeable Plus,289.00,0435836481967,,83
Headphones,955.00,5956330102165,,38
Premium Tablet Speakerphone 360 Touch Digital,814.00,8118469467066,,36
Pro Stove Vacuum Speaker X Prime,954.00,3589204497061,,67
Premium Toaster Scooter Edge,999.00,1052831223706,,67
Premium Microphone Clock Sense Portable Smart,67.00,5245161696555,,83
Compact Blender Premium Prime Smart,934.00,2109698072943,,15
Fridge Fan Bicycle,642.00,6841773753816,,31
Iron,885.00,8642224930057,,31
Drone,651.00,6363203123544,,95
Premium Brush Blender Vacuum,822.00,9107951650283,,27
Rechargeable Keyboard Speakerphone Fan Air,302.00,0941156384777,,41
Silent Lock Clean 360 Silent,809.00,1650736758295,,34
Portable Scale Speaker Powerbank Silent,963.00,7575484161545,,74
Silent Mouse Radio Light,508.00,5782274663086,,9
Ultra Cooler,257.00,1190351949406,,13
Ultra Treadmill Prime Edge,492.00,1342521610955,,42
Smart Keyboard Sense Wireless Go,320.00,1768326535888,,52
Mini Lamp Clean Fast Plus,38.00,4984890341565,,61
Wireless Heater,512.00,7440914166752,,54
Mini Toaster Scanner,421.00,1163286883183,,5
Ultra Shaver Mouse Fast Rechargeable,792.00,9831919835329,,87
Compact Scale Speaker Powerbank Portable,246.00,3651105220717,,8
Clean Radio Radio Air Ultra,753.00,2952087512618,,95
Wireless Camera Vacuum Fast Silent Edge,472.00,5687491056713,,83
Silent Powerbank Brush Charger Plus Plus Portable,546.00,2632173659433,,44
Ultra Router Digital Touch,584.00,9771488431020,,73
Smart Dock Touch Mini,29.00,4297827916430,,5
Silent Thermostat,239.00,6229871341850,,68
Advanced Mouse Monitor Phone Ultra,988.00,7437627992686,,63
Eco Mouse Speaker Cooler Clean X Pro,725.00,8195758891764,,52
Fast Heater Go,184.00,5293536254435,,21
Clean Printer,303.00,7913105868600,,98
Rechargeable Blender Blender,816.00,2439046031156,,73
Ultra Cooler Go,913.00,8025016664437,,20
Ultra Charger Bicycle Cooker,908.00,4351439367520,,81
Ultra Microphone Prime Prime,100.00,2971754103270,,37
Eco Stove Vacuum Speaker Sense Sense,508.00,8808308513176,,37
Oven Mouse Cooler,382.00,6990978776318,,52
Pro Thermostat Ultra Eco Advanced,753.00,6065955881948,,56
Automatic Powerbank,896.00,0321375949528,,89
Advanced Thermostat Drone Heater Rechargeable,346.00,9990573574309,,7
Silent Iron Cooler Iron Mini Pro,312.00,7974687215121,,15
Portable Shaver Plus Lite,330.00,1227175690396,,36
Pro Powerbank Iron Brush,223.00,4896232502797,,79
Pro Projector,142.00,9608472469786,,26
Mini Speaker Powerbank Camera Smart,328.00,3602945025789,,50
Smart Iron Touch Silent Prime,470.00,3093638637707,,34
Wireless Lock Camera Mini Touch,432.00,8367422427023,,41
Pro Webcam Projector Oven 360 Smart 360,665.00,1515734926162,,25
Speaker,50.00,8057067804326,,66
Premium Dock Freezer Projector Mini 360 Touch,270.00,5582679218283,,10
Fan Thermostat,525.00,0967229779899,,86
Silent Heater,963.00,5257721098433,,80
Advanced Lock Air Edge,494.00,5095551127790,,44
Ultra Iron Heater Plus Automatic Premium,17.00,3275630495558,,69
Advanced Speaker Iron Grill Mini,781.00,0284376633431,,46
Pro Cooler Watch Fan,321.00,9381180975403,,69
Smart Speaker Iron Grill Plus Smart Eco,176.00,4890250766797,,63
Smart Headphones Charger Ultra One Max,530.00,1353810780655,,28
Thermostat Webcam Bicycle,797.00,5607459398792,,31
Smart Printer Freezer 360 360 Air,735.00,3227073134051,,7
Mini Scanner Mouse Advanced Digital Portable,590.00,6484827074750,,79
Fast Lock Thermostat Rechargeable One,599.00,1745866842348,,90
Smart Kettle Brush Fan Mini,661.00,5756585093368,,4
Ultra Cooler Go,655.00,5885492021840,,59
Pro Mouse Mouse Router,525.00,4636617924376,,90
Smart Thermostat Speaker,898.00,5539732500939,,98
Portable Blender Blender Mini,925.00,0545557102406,,20
Clean Scanner Mouse,52.00,2634429896906,,22
Digital Drone Mini Smart,10.00,4288096860210,,47
Fast Scanner Shaver Powerbank X,604.00,3918647669825,,28
Advanced Iron One Fast Premium,236.00,7618751293935,,49
Compact Bicycle Smart Air,2.00,1463658016417,,10
Fan Scooter Trimmer,352.00,6090224130328,,86
Eco Brush Cooler Powerbank,323.00,6584141275557,,49
Clean Brush Fast Fast Automatic,621.00,0391953342041,,59
Pro Thermostat Drone Heater Sense Automatic,101.00,3464084867756,,32
Smart Tablet 360 Max Smart,776.00,1539573921614,,29
Silent Mixer Automatic Wireless,197.00,9080887803636,,79
Rechargeable Oven Mouse Cooler Mini Wireless Premium,492.00,0670400782280,,14
Scooter Scale Cooler,765.00,1257269639055,,58
Premium Scooter Sense Mini 360,528.00,6732381883425,,95
Silent Powerbank Brush Charger,556.00,6288706048814,,14
Rechargeable Mouse Powerbank Printer Compact Advanced,597.00,3152906194578,,84
Scanner Monitor Treadmill,661.00,6208499112615,,71
Stove Light,297.00,1038766705555,,39
Eco Powerbank,396.00,5061006899277,,25
Clean Radio Iron Automatic Sense,1.00,1004318109683,,55
Premium Light Heater Clock Eco Fast Clean,112.00,5995671352594,,38
Fast Radio Radio Digital Sense,624.00,8057948048443,,20
Automatic Dock Mixer Router Smart Plus,454.00,0633973142899,,70
Iron Drone,313.00,8692146635370,,1
Mixer Vacuum,269.00,7014284821575,,74
Speakerphone Stove Tablet,567.00,9896853482282,,69
Bicycle Lock Fan,183.00,4805662161542,,44
Advanced Tablet Cooler Fridge Sense Rechargeable,114.00,9185506479145,,42
Silent Oven Scale Fast Max Go,257.00,7487215121486,,3
Portable Tablet Blender,984.00,7132819176324,,46
Mini Phone Iron Speakerphone Edge Go Wireless,564.00,3379661332728,,53
Mini Bicycle Scooter Fast Advanced,701.00,5523021694850,,39
Eco Radio Iron Ultra,969.00,8359488528776,,78
Blender Cooker,925.00,2257075182928,,71
Lock Freezer,469.00,5243494569249,,68
Fast Treadmill Portable Portable Clean,104.00,0587876228849,,85
Silent Treadmill,38.00,5522325515762,,86
Eco Microphone Max,722.00,7414009568516,,85
Ultra Microphone Lamp Speaker Advanced Edge,999.00,4868281880898,,61
Fan Phone,112.00,2013360185254,,61
Eco Bicycle Microphone,416.00,2394313207484,,94
Premium Oven Drone Mini Digital Silent,658.00,9370524901109,,39
Pro Iron Thermostat Lite Prime,770.00,1532864758029,,56
Silent Powerbank Rechargeable Air,203.00,3503194610620,,8
Monitor,675.00,3747884297320,,55
Fast Printer Lock Thermostat,206.00,7881397885516,,50
Silent Webcam Webcam Stove,653.00,3938848779949,,65
Smart Keyboard Speakerphone Fan,443.00,9272544115637,,17
Iron Cooler Iron,383.00,2189005522149,,55
Rechargeable Thermostat Microphone Scooter Premium Silent Fast,344.00,2688220840774,,43
Compact Watch Tablet Printer Edge Automatic,85.00,5575385144649,,6
Clean Dock Digital Plus Advanced,464.00,7690012798557,,39
Fast Dock Dock Trimmer Rechargeable,699.00,6328633024748,,31
Compact Fan Monitor Toaster Silent Max Wireless,470.00,2380738332108,,32
Smart Mouse Speaker Cooler Compact,502.00,4852593235477,,35
Eco Webcam Mouse Wireless,50.00,2139697866465,,21
Smart Vacuum,172.00,8836036528179,,49
Charger Lock Oven,473.00,9449992281997,,15
Smart Scale Stove Plus Sense Sense,982.00,0741427090778,,68
Charger Stove Watch,375.00,1325628943782,,6
Premium Headphones,213.00,4953364114134,,85
Portable Thermostat Drone Heater,729.00,6414784855550,,75
Clean Phone Scooter X,357.00,4304005145923,,84
Pro Camera Router Fan,112.00,2797508754402,,53
Dock,355.00,1377521153690,,14
Mini Mixer One X Compact,74.00,9010029137855,,75
Advanced Brush Blender Fast Sense,913.00,8851729696447,,25
Smart Powerbank Radio Sense Lite,911.00,1816138019697,,19
Blender,305.00,7799692012318,,7
Light,191.00,7023616969984,,82
Smart Shaver Mouse Premium,295.00,9394299488573,,81
Stove,320.00,9643927148403,,78
Vacuum Shaver,864.00,5022846009530,,89
Mini Fan Phone 360 Plus,891.00,7593173623693,,46
Clean Oven Trimmer Dock Smart Digital,960.00,2428161384735,,28
Compact Radio Lite,457.00,6585005008588,,77
Mini Light Toaster 360 360 Portable,357.00,6042444387952,,79
Ultra Bicycle Clock Lamp Compact Premium Pro,330.00,4728028390328,,58
Mouse Monitor Phone,217.00,4310439552947,,41
Automatic Radio Iron Mini Premium,691.00,1919392198303,,35
Automatic Speaker Rechargeable,844.00,2990540237760,,70
Clean Cooler Eco Prime,236.00,2221159166289,,47
Smart Cooler Eco Smart,106.00,9614452198799,,10
Rechargeable Speaker Powerbank Camera Compact Wireless,629.00,6172688537285,,89
Wireless Cooler Printer Speaker Lite Smart,131.00,3266831602036,,59
Clean Scale Headphones,239.00,8167648570127,,68
Ultra Webcam Webcam Treadmill Plus,648.00,9981199589105,,66
Wireless Phone Go Lite,866.00,0393024464201,,92
Portable Keyboard Speaker Max,740.00,3793515545315,,91
Compact Powerbank Projector Sense Pro Automatic,825.00,5587052408374,,29
Compact Lamp Lamp Kettle Max Sense,252.00,8998148896154,,46
Fast Phone Grill Silent,587.00,9075406708608,,28
Rechargeable Keyboard Go,426.00,3491268155170,,61
Clean Charger Cooker Thermostat,421.00,9665624216742,,22
Wireless Freezer Powerbank Watch Air Clean Lite,129.00,2855416929203,,77
Smart Charger Mini,414.00,0197455647949,,86
Eco Fan Max,457.00,0507596621782,,1
Automatic Projector Silent Pro,79.00,9999339559888,,53
Advanced Toaster Digital,230.00,7327829305622,,50
Shaver,538.00,0305894256442,,66
Clean Tablet Edge,892.00,7874062259071,,4
Clean Keyboard X Air Prime,224.00,1168894098820,,35
Smart Fan Speaker Fridge Premium,548.00,4728559333719,,38
Trimmer Webcam Heater,782.00,6496100281496,,75
Digital Scanner Drone Smart Smart,995.00,3337868742207,,95
Silent Blender Toaster Camera Ultra Advanced X,926.00,5987873441336,,35
Ultra Scooter One Smart,602.00,2729394895495,,89
Premium Speaker Tablet Headphones Clean Compact Digital,781.00,6908241128795,,69
Fast Webcam Webcam Treadmill Advanced,570.00,5738330383009,,75
Automatic Trimmer Cooler One,973.00,7928597254091,,49
Smart Mixer Vacuum Automatic Air Max,881.00,3724561614397,,97
Portable Cooler Treadmill Lite Smart,145.00,6258083878014,,64
Portable Phone Mini Max Touch,597.00,3022461504115,,30
Ultra Freezer Automatic Premium,274.00,6408551956250,,32
Silent Scale Smart Digital,813.00,7462627261593,,83
Mixer,481.00,8465729738313,,56
Premium Powerbank Router X,928.00,0046398992060,,73
Pro Drone Printer Tablet,155.00,2429251852707,,48
Mini Microphone Camera Air,459.00,7659931512897,,59
Compact Mixer Drone Fan Fast Automatic Air,807.00,1107281812243,,20
Rechargeable Cooker Mouse Bicycle Plus,554.00,6014138772238,,59
Silent Iron Thermostat Digital 360 Edge,500.00,1554283387215,,15
Silent Projector Clean Eco,797.00,7004599565349,,60
Rechargeable Charger Treadmill Wireless,815.00,5768688982906,,53
Lock,664.00,3600703506860,,73
Toaster,136.00,1096669902945,,52
Mixer Freezer Trimmer,655.00,0663650209669,,28
Eco Lamp Lamp Kettle X Air,10.00,8267120364074,,90
Fast Router Phone Go Wireless,306.00,5442934181854,,91
Charger Cooker Thermostat,224.00,6536058063888,,87
Silent Watch Plus Go,54.00,1215703051283,,58
Clean Printer Silent Smart,40.00,4876366863056,,15
Compact Mouse Advanced Premium Lite,3.00,9468232385899,,89
Oven Mouse Cooler,192.00,5934847129301,,2
Wireless Fan Powerbank,520.00,6685336887736,,92
Clean Fridge Camera,513.00,1381436110068,,83
Webcam Bicycle Camera,498.00,1285813883661,,33
Premium Scooter Dock Shaver Clean Air,953.00,8188842265749,,98
Drone Heater Scanner,101.00,2897023844227,,35
Clean Light Drone Mini,975.00,6818692839921,,58
Grill Brush Watch,239.00,6033035982694,,91
Fan Iron Clock,812.00,5831474127581,,94
Powerbank,21.00,9792047334415,,83
Mini Camera Keyboard Premium,676.00,7004929790205,,10
Printer,80.00,6207469756132,,84
Portable Powerbank,71.00,4070647255060,,58
Premium Keyboard Digital Air,775.00,0507678121360,,73
Advanced Powerbank Premium Go,5.00,3152484214477,,83
Premium Kettle Mini,70.00,0723860462787,,68
Digital Speaker Keyboard,989.00,6190353488601,,7
Premium Brush,959.00,6824609908512,,84
Ultra Camera Touch,368.00,9680111380836,,19
Smart Powerbank Cooker Iron Eco Max Rechargeable,525.00,5655134884450,,51
Ultra Toaster Scooter,982.00,4729190348667,,9
Digital Headphones Stove Advanced Go Silent,198.00,4893656235614,,74
Wireless Scooter Air,257.00,6071765998714,,55
Portable Thermostat Camera Watch Max Plus Digital,70.00,5185195122920,,29
Automatic Speakerphone Oven Compact Go,317.00,2787827208991,,4
Mouse Mouse Router,919.00,8219662016348,,7
Watch Camera,314.00,1980925476113,,35
Ultra Lock Camera Premium Sense,740.00,0408417765244,,71
Lock Charger,914.00,5124450837858,,26
Automatic Webcam Stove Grill Advanced Ultra,853.00,5905536095993,,35
Mini Projector Brush Max Go,498.00,2512883795648,,44
Radio,910.00,7704920603282,,99
Digital Scale Treadmill,75.00,6996878120527,,95
Mini Treadmill Air Premium,975.00,9047470256330,,33
Mixer Vacuum,993.00,3268682221602,,54
Oven Drone,531.00,1028651514300,,25
Digital Clock Brush,832.00,9092821991019,,92
Portable Speaker Air Sense Edge,453.00,4020515691438,,80
Digital Toaster Clock Monitor,177.00,0262183728175,,98
Camera,910.00,3280241868080,,83
Wireless Thermostat Trimmer Go Eco Portable,560.00,4447468673470,,32
Shaver,794.00,8375675781243,,52
Advanced Headphones Prime Sense Portable,118.00,3397449906695,,27
Advanced Radio Smart Max Sense,418.00,1065188497324,,12
Eco Webcam Webcam Treadmill,477.00,0392176476100,,6
Eco Keyboard Toaster Monitor Prime Ultra Digital,973.00,2295557193239,,68
Lamp Lamp,858.00,1148934367024,,37
Wireless Toaster,551.00,6578394753962,,67
Vacuum,321.00,3532691689600,,49
Microphone Treadmill Oven,796.00,4299108926381,,6
Smart Cooler One Eco,400.00,1100661231290,,70
Eco Iron Monitor Smart,990.00,1357380821961,,24
Pro Toaster Clock Monitor Lite Wireless,623.00,7643960861033,,95
Watch,561.00,9941610461434,,67
Pro Iron Microphone Digital Go,297.00,4470954510317,,85
Rechargeable Dock Router Webcam,208.00,0136871999348,,45
Smart Speaker Iron Grill Smart Advanced,758.00,3543459130845,,42
Clean Vacuum Iron Phone Smart,506.00,9318722887047,,79
Silent Speaker Tablet Headphones,723.00,7831631332702,,51
Digital Scanner Drone,438.00,0173824998652,,97
Clock Brush,955.00,2557325670961,,26
Mini Grill Trimmer,668.00,8576604433862,,65
Smart Kettle,574.00,3873160773117,,14
Compact Microphone Lamp Speaker Max,926.00,2832180199070,,37
Mixer,752.00,7014283514294,,96
Scale Trimmer Grill,677.00,7680284710654,,93
Silent Radio Rechargeable Portable,420.00,5365327455687,,12
Mixer Drone Fan,518.00,4631095977029,,35
Smart Webcam Scooter,870.00,3341805564302,,59
Mini Shaver X Smart,435.00,4245487674610,,1
Pro Lock Bicycle Fast Smart Digital,975.00,0559998967845,,77
Eco Mouse Powerbank Printer,865.00,4334344964077,,38
Compact Tablet Cooler Fridge Max Touch,778.00,1051566324610,,97
Silent Dock Speaker Phone Ultra Clean,486.00,0198752868709,,12
Fast Kettle One,806.00,0602776540997,,39
Digital Microphone Camera Digital Plus 360,78.00,5959112004640,,49
Digital Blender Scale,894.00,3716693820012,,78
Compact Iron Mini,617.00,1470440970703,,60
Portable Charger Stove Watch Smart Edge Silent,97.00,2687828879322,,43
Rechargeable Shaver Smart Rechargeable,925.00,8635718616179,,32
Microphone Heater,884.00,7550719545314,,48
Smart Lock Camera Rechargeable Clean Premium,542.00,9617204014736,,7
Rechargeable Cooler Treadmill,720.00,7011159442170,,76
Premium Clock Lock,842.00,6998194722843,,9
Clean Trimmer Heater,526.00,6685671742219,,54
Smart Tablet Powerbank Blender X Wireless Mini,676.00,3856829371954,,29
Smart Fan Thermostat Prime,662.00,0822411089296,,64
Compact Camera Automatic,992.00,0100126765965,,41
Advanced Keyboard Wireless,979.00,4353778319895,,82
Compact Charger Radio Go Prime,619.00,8477596101985,,29
Cooler Watch Fan,272.00,6754617976367,,15
Rechargeable Toaster Mini Digital Mini,380.00,9240124556095,,64
Advanced Tablet Cooler Fridge Silent Touch Lite,914.00,9075419512872,,55
Ultra Radio Iron,745.00,8897122088380,,66
Dock,345.00,3272043629761,,10
Digital Mixer Lamp Silent Plus Edge,375.00,2861218812766,,85
Fan,905.00,3540368948455,,90
Silent Fan Portable,517.00,1981135971795,,17
Fast Trimmer Shaver Go,538.00,4350419125679,,33
Premium Oven Drone Air,668.00,2138833880549,,39
Wireless Speakerphone Oven,746.00,5979840917593,,52
Automatic Freezer,370.00,4702435099388,,51
Iron Monitor,69.00,4763307549301,,63
Pro Mixer Drone Fan Touch Go 360,47.00,9868895159620,,40
Smart Fan 360,62.00,7521084367740,,32
Eco Drone Vacuum,103.00,2088220022123,,77
Silent Iron Toaster Projector,35.00,0651525747453,,34
Mini Cooker Smart Pro,519.00,7826864815559,,4
Compact Charger Treadmill Touch Fast Automatic,945.00,6905678058954,,93
Premium Shaver,420.00,0735446641707,,83
Fast Scooter Bicycle Oven,779.00,3373939740628,,7
Smart Brush X Eco Premium,785.00,6469662801853,,25
Kettle Vacuum,811.00,2987533393251,,18
Wireless Bicycle Smart Sense Portable,449.00,8901315249608,,58
Wireless Iron X Max,925.00,7404026417409,,27
Compact Lamp Freezer Advanced Ultra X,618.00,6133966575085,,99
Silent Keyboard Pro Air Touch,416.00,4702630054465,,57
Rechargeable Tablet Tablet Kettle Smart 360 Silent,867.00,4760868700912,,71
Freezer Phone,343.00,8944888210958,,91
Compact Shaver Go Compact,378.00,5388743946706,,20
Camera,346.00,6901997106802,,86
Ultra Printer Fan Automatic,197.00,3210627089273,,78
Silent Lamp Freezer Automatic,74.00,8488579580918,,62
Shaver Drone,988.00,6314603517433,,80
Clean Stove Iron,800.00,3696129245568,,28
Rechargeable Radio Mixer,978.00,3701025690531,,20
Wireless Router Mini Portable Silent,618.00,8466129884259,,37
Advanced Webcam Dock Heater Air Rechargeable X,947.00,7308786304811,,35
Heater,470.00,2835174053389,,74
Premium Cooker Ultra Mini,335.00,4014293726772,,50
Mini Speaker Router Lamp Automatic Smart Plus,771.00,9186748447206,,76
Portable Tablet Automatic,617.00,8976083397943,,11
Eco Headphones X,615.00,1151258100291,,80
Automatic Charger Treadmill Silent,813.00,3262750607992,,7
Portable Speakerphone Oven Touch,972.00,7277968104221,,74
Fast Camera Max Wireless,806.00,0794224681328,,98
Digital Webcam Scooter Smart,268.00,1739284123646,,56
Clean Scanner Mouse Go Plus,450.00,5595361070328,,95
Portable Dock Speaker Phone One Clean,428.00,0105881998009,,84
Rechargeable Mixer Router Phone Premium,565.00,5268798919903,,90
Powerbank,154.00,3133401309629,,2
Clean Watch Premium,218.00,0389336973630,,68
Smart Grill Rechargeable Digital Wireless,960.00,0050210822329,,83
Smart Drone Heater Scanner Eco Max Go,500.00,9619617489323,,50
Wireless Mouse Portable Compact Premium,852.00,8296581639490,,46
Smart Webcam Powerbank Silent Smart X,33.00,7449150695408,,18
Automatic Watch Headphones Kettle 360,432.00,2871628020781,,29
Smart Shaver Blender Premium Pro Wireless,959.00,4295616833357,,76
Smart Dock Powerbank Speaker Smart Rechargeable One,15.00,7950163079111,,12
Printer Fan Shaver,628.00,6335531052902,,73
Automatic Light Webcam Cooker Sense Prime Fast,140.00,3262050227814,,49
Mini Printer Freezer Digital,299.00,6472003502739,,75
Premium Charger,142.00,2330678125162,,47
Smart Webcam Printer,800.00,5413957441393,,66
Mini Lock Automatic,816.00,5977500679041,,7
Eco Lock Mini Eco,876.00,5189893334715,,58
Fast Thermostat Trimmer Edge Lite Advanced,998.00,0221586146207,,62
Smart Phone Speaker Blender Eco Lite Edge,752.00,3965100258676,,53
Wireless Kettle Brush Fan,646.00,9943200114669,,6
Advanced Thermostat Speaker Fast,539.00,0470224444018,,4
Vacuum Webcam,29.00,4163750051046,,10
Pro Toaster Edge,569.00,0019352025272,,99
Rechargeable Brush Automatic,146.00,6309169365925,,18
Pro Fridge Camera,939.00,8903961091860,,79
Charger Treadmill,493.00,4359976273892,,48
Mixer,696.00,9947279563182,,71
Advanced Bicycle Scooter 360 Advanced,530.00,5164183123828,,27
Pro Treadmill Max Smart Sense,920.00,6574218415498,,33
Rechargeable Tablet Tablet Kettle,743.00,2818500563523,,72
Clean Cooler Watch Fan Rechargeable Ultra Digital,368.00,6446306457966,,71
Advanced Iron Automatic Go Eco,701.00,1121043128557,,22
Rechargeable Lock X Ultra Silent,806.00,5230062671312,,1
Mini Dock Router Webcam Max Ultra Advanced,360.00,8059168196478,,55
Clean Webcam One,276.00,6628704036442,,69
Automatic Webcam Powerbank Sense Advanced X,361.00,7674506205271,,33
Watch,616.00,0014829679231,,62
Clean Cooker Cooler Mini Ultra Clean,67.00,3298477286851,,41
Compact Speaker Powerbank Camera Smart,268.00,3786884360733,,69
Smart Fan Clean,917.00,4736707023801,,23
Portable Oven Trimmer Lite Sense,163.00,9979908548130,,6
Clean Shaver Mouse Max Digital Plus,149.00,8830628297825,,92
Mini Powerbank Mini Premium,810.00,3404789940637,,34
Advanced Scale Speaker Powerbank Portable Eco,512.00,3947844996281,,85
Advanced Heater Radio Advanced Eco Digital,227.00,8011541282994,,59
Automatic Thermostat Microphone Scooter Ultra,820.00,3612532375302,,51
Ultra Scale Premium 360,87.00,1783640872075,,46
Advanced Lamp Freezer Prime Prime Clean,960.00,5692862512606,,6
Premium Vacuum Webcam,445.00,9394370766361,,35
Digital Router Scanner Premium Smart Sense,129.00,1086086817052,,54
Advanced Powerbank Scale,216.00,1896180462368,,5
Portable Lamp Monitor,319.00,3024966116381,,37
Keyboard Toaster Monitor,142.00,7746270091968,,23
Smart Mouse Mouse Router Max,675.00,3205750466992,,1
Mini Printer Lock Thermostat Rechargeable,531.00,6988452932435,,46
Premium Speakerphone Scanner Monitor,207.00,1758425811297,,56
Wireless Camera Router Fan Pro Max,764.00,4971758735871,,62
Digital Thermostat Oven Smart,902.00,2915242857702,,15
Smart Brush Smart Eco Max,873.00,5406110021266,,97
Clean Fan Automatic,847.00,7192193113056,,30
Digital Scanner Drone,601.00,0629825999889,,78
Automatic Mixer Treadmill Wireless Rechargeable Rechargeable,113.00,2783392778204,,91
Advanced Scooter Smart,668.00,0470225890920,,30
Premium Shaver Wireless,13.00,9804441735443,,72
Eco Dock Pro Air Go,998.00,0861436575889,,24
Heater Monitor,412.00,5308151687251,,71
Wireless Printer Fan Shaver Compact Ultra,86.00,0865970072415,,42
Pro Watch Microphone Microphone Go Wireless Max,114.00,1391605204221,,38
Mini Mouse Heater Lite Portable Fast,117.00,6533236205689,,33
Pro Vacuum Touch X Compact,327.00,4455131323188,,80
Digital Phone Thermostat Smart,124.00,2328870125714,,12
Digital Radio Fast Wireless,873.00,4219289628058,,72
Rechargeable Watch,168.00,8601536324480,,55
Automatic Watch One Smart Automatic,940.00,8155458504487,,15
Portable Drone Vacuum Go,477.00,9010347553979,,3
Wireless Treadmill Ultra,75.00,9968378923554,,85
Lock,98.00,3565488067695,,75
Clean Shaver Mouse Digital,971.00,4260874432901,,32
Silent Fan Cooler Vacuum Compact,933.00,1808501586202,,89
Mini Drone,212.00,9995646241461,,44
Automatic Microphone,119.00,1250083571600,,29
Scooter Dock Shaver,473.00,0877384575406,,18
Premium Charger Stove Watch Clean Wireless,36.00,6396007906242,,6
Eco Scooter,991.00,9936939946137,,12
Compact Lock,185.00,2097636636893,,49
Ultra Charger Bicycle Fan Go,177.00,0086138688631,,74
Lock Blender,630.00,9498376258155,,55
Fast Mixer Lamp Premium,224.00,4166779909992,,59
Rechargeable Thermostat,479.00,3654813132808,,69
Digital Webcam Mouse,691.00,3907039567771,,3
Trimmer Clock,853.00,9312500513425,,54
Smart Speakerphone Automatic Compact One,211.00,8956334889502,,9
Compact Printer Lock Thermostat Smart Lite,544.00,8292562118831,,21
Automatic Heater Keyboard,999.00,8544525207848,,1
Clean Keyboard Toaster Monitor Compact,738.00,3929929828601,,88
Light Webcam Cooker,287.00,7899479147568,,41
Ultra Webcam Projector Oven Max Smart Rechargeable,185.00,7078187835282,,61
Smart Blender Scale X Edge,14.00,8819048086653,,2
Smart Mixer Freezer Trimmer,976.00,6226647637803,,24
Automatic Fan Air Fast Digital,922.00,3015241748250,,10
Radio,963.00,2810518395066,,34
Smart Mouse Speaker Cooler Lite Wireless,417.00,1171534490045,,43
Ultra Speaker Iron Grill,500.00,2698393018221,,63
Pro Trimmer Premium Prime Digital,19.00,3607812602872,,58
Pro Bicycle Scooter,299.00,9477515668864,,94
Advanced Blender Treadmill Tablet,269.00,8128192103513,,46
Silent Watch Thermostat Clean Touch,467.00,3609099165156,,24
Rechargeable Iron Toaster Projector,673.00,8979750147704,,80
Automatic Toaster Oven Sense,416.00,9747720062604,,47
Eco Dock Dock Trimmer,495.00,8918163668222,,87
Compact Dock Powerbank Speaker,939.00,3455778191028,,58
Stove Light,258.00,6315269200950,,61
Silent Cooler Printer Speaker Premium Smart Mini,760.00,4626411720915,,57
Advanced Radio Treadmill X Compact 360,885.00,4154905787934,,11
Silent Fridge Freezer Compact Sense Wireless,47.00,1062150298354,,32
Portable Iron Monitor,306.00,8438776748215,,49
Camera Drone Fan,965.00,9511383010575,,15
Rechargeable Scanner Monitor Treadmill,434.00,0801814798257,,11
Phone Speaker Blender,99.00,2170142489273,,99
Eco Radio Mixer Lite 360,602.00,2744101852455,,80
Ultra Treadmill Dock Digital,288.00,1443311884263,,81
Camera,853.00,2328600516751,,68
Portable Mixer Drone Fan Compact,141.00,0293340876262,,15
Digital Blender Plus,476.00,6574747728700,,35
Silent Radio Light Fan Mini Compact,976.00,0032666894198,,38
Clean Clock Drone Charger Wireless Wireless,177.00,9327169264458,,68
Eco Radio Rechargeable Mini Advanced,294.00,1274322781117,,22
Automatic Router,530.00,4513482246430,,18
Clean Shaver Mouse Go X,930.00,6045255982743,,42
Rechargeable Lock,339.00,4021455167632,,60
Drone Vacuum,168.00,7787238470982,,62
Portable Lock Lamp X,996.00,6185307789095,,44
Pro Thermostat Camera Watch,299.00,7876882264365,,73
Iron Toaster Projector,245.00,9148460543789,,73
Ultra Stove Fast Plus,66.00,5112433451009,,72
Pro Camera 360 Compact Rechargeable,151.00,7292759684539,,13
Ultra Fan Ultra,756.00,3573920624382,,8
Pro Powerbank Cooker Iron Digital Wireless,170.00,4029600490970,,47
Ultra Mouse Speaker Cooler Digital Compact,540.00,9466365532432,,57
Portable Mouse Compact Ultra One,195.00,9776964033255,,9
Clean Mouse Radio Light,476.00,0187847624955,,84
Wireless Light Webcam Cooker Digital Wireless Ultra,676.00,7415822045987,,83
Wireless Blender Scale,419.00,5287959003619,,97
Fast Charger Cooker Thermostat Air,699.00,7965012675567,,65
Clean Speaker Keyboard Eco,992.00,4184186393319,,76
Fast Monitor Cooler Dock Prime Advanced Plus,499.00,5125846513387,,79
Smart Freezer Mixer Lock One Pro,458.00,6962053627372,,78
Premium Fan Cooler Vacuum Compact,38.00,3496136308009,,64
Microphone,297.00,6301454843477,,55
Silent Heater Toaster Stove Digital,339.00,0447122820855,,19
Clean Vacuum Cooler Max Edge,353.00,6661305378078,,32
Rechargeable Phone Wireless Clean Eco,728.00,9892939780891,,78
Monitor Cooler Dock,617.00,8285566039011,,52
Portable Brush Scanner,140.00,6492571152174,,30
Rechargeable Thermostat Sense Mini,452.00,2868494606157,,88
Pro Oven Mouse Cooler Touch One,130.00,3383383272248,,96
Wireless Brush Blender Max Edge X,935.00,2419521714217,,76
Rechargeable Vacuum Prime,210.00,4111558004818,,6
Smart Powerbank Scale Advanced Wireless,323.00,4402132122265,,69
Digital Watch Microphone Microphone Plus Pro,470.00,6100280970735,,68
Smart Tablet Max One Silent,58.00,5828185185900,,80
Automatic Microphone Lamp Speaker Ultra Go Eco,219.00,0831143091033,,89
Digital Trimmer Heater Ultra Ultra,3.00,1736173612953,,6
Wireless Cooler,226.00,5616433681799,,78
Rechargeable Scanner Shaver Powerbank Smart,188.00,0957674418092,,66
Radio,821.00,2620603621686,,15
Automatic Cooker Cooler Plus,28.00,8856269907602,,13
Ultra Scale Treadmill,230.00,7131084493754,,92
Premium Microphone Treadmill Oven X Portable Mini,973.00,6311316633054,,12
Drone Printer Tablet,856.00,8010509677902,,98
Premium Light Webcam Cooker Smart Air X,263.00,6718314224473,,89
Compact Headphones Charger Premium,153.00,9405384279034,,65
Clean Iron Plus X Premium,480.00,6418643581901,,85
Drone Printer Tablet,691.00,8437874508011,,95
Fast Mixer Drone Toaster Pro Clean Silent,116.00,4408129518332,,94
Smart Webcam Webcam Treadmill Silent,636.00,4546579169268,,29
Mini Mixer Grill,982.00,0697203811917,,43
Automatic Speaker Tablet Headphones Rechargeable Touch Prime,174.00,4514794940269,,14
Eco Heater Compact Digital,616.00,8579877334225,,51
Digital Lamp Lamp,941.00,1730082295917,,91
Mini Iron Microphone Premium Automatic Premium,412.00,6675102881341,,84
Ultra Monitor Cooler Dock Clean,745.00,4947142254433,,10
Speakerphone,811.00,7230080334549,,73
Thermostat Camera Watch,240.00,0808705700344,,93
Automatic Mouse Mouse Router Prime,473.00,1047099739953,,28
Eco Radio,426.00,6739045542131,,59
Powerbank Projector,333.00,1614217093671,,48
Bicycle Scooter,173.00,9738804461840,,49
Mini Grill Grill Scale Pro X,694.00,5014744808711,,75
Pro Phone Grill Wireless Pro,554.00,6736144340842,,43
Smart Shaver Blender Automatic,607.00,6332892620306,,2
Pro Webcam Webcam Stove Smart Mini,159.00,5158100741561,,31
Headphones Monitor,602.00,7006315193867,,72
Automatic Cooler Prime Fast,841.00,1429449620294,,95
Smart Powerbank Scale Mini One,620.00,5209822252580,,18
Advanced Powerbank,756.00,8794467091351,,91
Compact Treadmill 360 Pro 360,273.00,8704298479747,,12
Automatic Camera,730.00,9755508084908,,89
Fast Speaker Powerbank Camera,574.00,0208669772522,,34
Automatic Blender Lite,578.00,8601535101969,,69
Rechargeable Speakerphone Max Wireless,208.00,8494205251879,,8
Advanced Webcam Trimmer Projector,148.00,2893863958186,,89
Smart Trimmer Webcam Heater Sense,439.00,2395448244412,,47
Camera,835.00,1152296990004,,71
Premium Mouse Heater Portable Lite,201.00,9773702487738,,53
Fast Thermostat Microphone Scooter Air Rechargeable Max,612.00,1934565047615,,94
Brush,554.00,8747852377271,,57
Fast Fan Speaker Fridge Portable Sense,818.00,5388920408379,,4
Ultra Thermostat Speaker Ultra Fast,329.00,0195753897509,,2
Digital Charger Lamp Sense X One,40.00,7463616933408,,14
Clean Heater 360,590.00,3529252249472,,96
Drone,188.00,5390619014693,,73
Portable Speaker Iron Grill Max,625.00,3242131523622,,63
Compact Tablet X,81.00,5363558545351,,97
Portable Vacuum Smart Premium Plus,876.00,2941481229529,,71
Silent Radio Mixer,144.00,1655182293758,,56
Premium Oven Digital Digital,111.00,0748463672227,,23
Camera Heater Webcam,132.00,4122737055897,,64
Premium Fan,544.00,5808861032513,,87
Charger,555.00,7011597046435,,82
Rechargeable Oven Pro Go Edge,610.00,9711953943597,,98
Mouse,156.00,2419433991416,,5
Clean Phone Portable 360,603.00,2648255493949,,88
Compact Tablet Powerbank Blender Premium,634.00,3893678510653,,17
Premium Fan Phone Eco,707.00,0786369032745,,66
Eco Toaster Scanner,725.00,6857497974338,,10
Printer Charger Brush,401.00,1794694997294,,77
Mini Lamp Freezer,621.00,1916879987856,,2
Watch,308.00,2020886230122,,9
Smart Grill Tablet Fridge X Max Go,840.00,4921516214452,,98
Clean Clock Ultra,520.00,3465299662433,,5
Smart Lock Thermostat Go One Mini,212.00,2725116757706,,41
Smart Watch Fridge Pro,857.00,5839836189437,,83
Automatic Charger Stove Watch Smart Pro Max,154.00,1693708870175,,97
Projector,480.00,5019453918409,,9
Clean Lock X Wireless Air,251.00,1617128880996,,67
Mini Thermostat Speaker Clean,216.00,5521170602436,,32
Fast Scanner Keyboard Monitor Max One 360,660.00,0886613689975,,66
Digital Mixer Lamp,37.00,4245914586769,,24
Toaster,564.00,1588187616911,,21
Mini Vacuum Shaver,726.00,5345881029111,,17
Pro Thermostat,726.00,0524504374820,,32
Silent Phone Speaker Blender Clean,799.00,6655228927253,,44
Advanced Grill Grill Scale Smart,44.00,4892938766556,,86
Bicycle,942.00,7310078269630,,56
Digital Kettle Vacuum Air,86.00,9566131760226,,15
Rechargeable Microphone Headphones Automatic Max One,359.00,7976381811555,,43
Portable Lock Compact Lite,902.00,2998433904621,,53
Trimmer Cooler,581.00,0285656162146,,78
Wireless Drone Printer Tablet,956.00,5783523600791,,14
Scanner Monitor Treadmill,864.00,6747282737692,,22
Clean Fan Speaker Fridge Premium Compact Digital,918.00,2052290793016,,92
Smart Fridge Camera Max Prime,771.00,5562057304111,,14
Wireless Fan Pro Advanced,95.00,8745641964091,,63
Pro Webcam Stove Grill,358.00,4575218058656,,54
Smart Grill Phone Edge,332.00,7409861261538,,11
Fast Cooler Watch Fan Mini Mini 360,907.00,8914640882006,,70
Compact Speakerphone Oven,566.00,3339165197452,,38
Rechargeable Clock Brush Mini,874.00,6617213494997,,94
Lock,490.00,6447392955213,,20
Wireless Radio Mixer Smart One Lite,76.00,0721333462272,,11
Dock Powerbank Speaker,497.00,7877038653477,,9
Digital Printer Ultra Go,41.00,8026029988145,,35
Wireless Speaker Powerbank Camera,942.00,1920413085441,,13
Microphone Clock,553.00,9973663206168,,34
Freezer,776.00,5063851554967,,37
Pro Drone Printer Lite,154.00,0109717438486,,96
Pro Grill Smart,797.00,2544217409839,,87
Pro Thermostat Air,436.00,4602624275237,,89
Smart Radio Bicycle Cooler,574.00,0079680543930,,42
Premium Fan Drone Monitor,569.00,6540537762988,,9
Fast Speaker Iron Grill Smart Automatic,516.00,2623281953971,,42
Compact Scale Trimmer Grill,595.00,8777058707527,,44
Premium Radio Iron Go,445.00,1043760959293,,74
Eco Webcam Bicycle Camera,711.00,6463665221014,,42
Fast Camera Heater Webcam Wireless,33.00,5428562645364,,42
Advanced Scanner Mouse,299.00,6082291765732,,99
Smart Powerbank One Eco,797.00,9828711049986,,19
Radio Radio,805.00,1543035409671,,78
Automatic Vacuum Cooler,704.00,5778144365112,,70
Fridge Fan Lamp,534.00,2478541533048,,12
Portable Blender,859.00,1434796130280,,7
Portable Scanner Shaver Powerbank,435.00,3465050026672,,65
Pro Phone Scooter Premium Premium,550.00,7498440679512,,80
Silent Heater Mixer Shaver Plus Smart Max,309.00,7232436907278,,76
Mouse Radio Light,969.00,7521635247606,,95
Automatic Vacuum Cooler Portable,741.00,7052846292616,,65
Eco Fan Pro Fast,725.00,8178742099322,,93
Smart Drone Speaker Speaker,660.00,9688280736959,,27
Pro Microphone Headphones Edge,635.00,0994300127768,,42
Premium Printer Webcam Wireless,321.00,1542934909268,,88
Smart Camera Router Fan Ultra Prime 360,150.00,8131211945698,,41
Advanced Cooker,197.00,2338110803906,,43
Smart Shaver Go Plus,666.00,2108754333929,,13
Watch Microphone Microphone,339.00,3827987957205,,60
Portable Bicycle Prime,300.00,8355248212152,,53
Wireless Mixer Lamp,60.00,2782227163611,,13
Smart Router Freezer Webcam Mini Prime Touch,642.00,8254449565008,,93
Wireless Vacuum Shaver Prime,876.00,3499206817753,,81
Wireless Oven Trimmer Dock Clean Lite Ultra,133.00,7263031314314,,65
Smart Cooker Brush Advanced Compact,687.00,0712274521272,,74
Pro Speaker Powerbank Camera Touch Smart Silent,506.00,3457157254799,,28
Pro Printer Max Smart Edge,383.00,9002237446294,,4
Automatic Powerbank Cooker Iron 360 Max,858.00,4278728824185,,54
Advanced Light Digital Silent,601.00,9066484209293,,18
Wireless Freezer,834.00,0372176522243,,80
Projector,211.00,4325472671036,,9
Fast Drone Plus Mini Eco,207.00,4953865093372,,12
Advanced Grill,503.00,4136342376186,,67
Fast Headphones Sense,451.00,5458717766651,,52
Mini Printer Edge Advanced,977.00,6327657913090,,36
Portable Cooker Cooler Mini 360 X,560.00,5901255197987,,96
Mouse Monitor Phone,392.00,7455965022070,,38
Advanced Radio,814.00,2691003170203,,82
Eco Fridge,821.00,9168978303477,,8
Clean Grill Charger Headphones,201.00,1353698725663,,70
Digital Powerbank Edge Compact Digital,694.00,3360065165791,,38
Digital Dock,202.00,0115195655116,,87
Digital Cooler Vacuum,814.00,7183219632163,,90
Wireless Lamp Grill,610.00,9348157744578,,9
Smart Grill Grill Scale Digital Max,457.00,5685202428729,,54
Pro Camera Ultra Digital Portable,922.00,9282742264266,,2
Automatic Mixer Compact Max Portable,7.00,9637128233389,,74
Speakerphone,899.00,9436161109022,,93
Keyboard,927.00,0186398750533,,28
Advanced Fan Iron Clock,328.00,9145293234945,,4
Eco Shaver Prime Rechargeable Pro,245.00,9265159207828,,69
Digital Thermostat Eco,389.00,2011227507218,,70
Premium Shaver,663.00,7522200853055,,84
Eco Thermostat Webcam Bicycle,85.00,3654059261393,,27
Clock Brush,349.00,5527483817864,,84
Mouse,185.00,1404033936890,,94
Pro Fan Ultra,448.00,9313562322109,,50
Eco Router Prime X,629.00,5922240437031,,39
Ultra Keyboard,392.00,5756696482082,,60
Mixer Drone Fan,411.00,7962270075269,,45
Wireless Projector Portable Plus Mini,389.00,7397860027210,,59
Rechargeable Watch Microphone Microphone,392.00,4193433738148,,55
Premium Drone Sense Mini,799.00,0088797020302,,4
Compact Clock Drone Charger Premium Rechargeable Silent,768.00,1210895974266,,59
Fast Charger Tablet Brush Compact Ultra,900.00,7243574943592,,90
Digital Light Headphones Tablet,169.00,2647855770160,,52
Clean Grill Tablet Fridge Eco,348.00,2483213882171,,85
Light Heater Clock,186.00,4254730388198,,28
Automatic Powerbank,301.00,6536505162782,,4
Ultra Iron Thermostat,555.00,6224024191030,,11
Mini Speakerphone Oven Smart Edge Touch,87.00,5623916213156,,7
Silent Mouse,740.00,8430128613547,,18
Ultra Thermostat Microphone Scooter,381.00,0802327366971,,42
Microphone,390.00,8539336830842,,77
Eco Mouse Monitor Phone Go One,964.00,5423755172658,,99
Digital Lamp Smart Premium X,908.00,6347765154147,,24
Drone Thermostat Headphones,113.00,7409187843883,,10
Dock,388.00,0565987690236,,81
Pro Blender Blender Rechargeable,591.00,9187848353992,,64
Ultra Brush,4.00,4594674516111,,59
Digital Thermostat Stove Lamp,619.00,4235676834703,,83
Lock Thermostat,4.00,3938046932450,,52
Mixer Drone Fan,474.00,7036982356265,,52
Compact Lamp Freezer Wireless Max,970.00,7690774644628,,90
Clean Webcam Mouse Smart Eco Lite,543.00,5506873558624,,35
Ultra Tablet Tablet Kettle Air Plus,625.00,6316167549028,,71
Portable Heater Thermostat 360,826.00,0100260379172,,14
Wireless Lamp,563.00,3963017748907,,63
Pro Watch Thermostat Mini Lite,276.00,3095859325845,,73
Automatic Bicycle Speakerphone Printer Clean,766.00,7252669229770,,33
Pro Oven Speaker Fan Digital Prime Sense,248.00,4496987661246,,23
Portable Oven Scale 360 Pro Compact,871.00,1780005917556,,18
Ultra Fan Monitor Toaster Go Lite,239.00,0073633755036,,95
Eco Vacuum Webcam,875.00,2632523089200,,65
Mini Mixer Drone Fan,110.00,4788635534690,,67
Digital Vacuum Sense Smart,40.00,5635550529333,,59
Scale Headphones,837.00,3199123415086,,62
Fan,702.00,9820899260030,,22
Wireless Fan Advanced Clean,354.00,2648187923194,,77
Ultra Router Phone 360,749.00,2564679603446,,27
Automatic Kettle Brush Fan Premium,949.00,5330946528005,,54
Rechargeable Grill Microphone Projector Premium,171.00,4613793281585,,26
Lock,299.00,6729395912838,,36
Fast Projector Air Fast,977.00,6016863007005,,97
Dock Mixer Router,446.00,6032580682837,,18
Automatic Camera Sense Smart,214.00,7037559582551,,36
Digital Brush Eco Advanced Silent,898.00,3552899928660,,64
Wireless Tablet Cooler Fridge,337.00,8090352952968,,75
Light Toaster,255.00,3779520126732,,32
Fast Oven Speaker Fan Mini Silent Edge,617.00,0760274397694,,6
Rechargeable Shaver Thermostat Compact Eco,591.00,3474409547249,,77
Speakerphone Oven,361.00,3444451769029,,2
Premium Phone Iron Speakerphone Smart,118.00,9451326809500,,8
Mini Fan Sense Automatic Fast,923.00,7047663360471,,9
Rechargeable Stove Vacuum Speaker Ultra,816.00,2138524059865,,57
Smart Speakerphone Stove Tablet Pro,186.00,9058418451359,,67
Rechargeable Iron Thermostat,175.00,8265735032982,,13
Eco Lock,364.00,0048614028393,,96
Webcam Bicycle Camera,912.00,4494825337346,,73
Eco Router Scanner Digital,503.00,2836254996336,,34
Automatic Headphones X,463.00,8032962833671,,27
Silent Router Lamp Go One,473.00,7532048093407,,45
Headphones,471.00,0240047663046,,54
Smart Mixer Drone Fan Ultra Max Silent,640.00,8972940060425,,15
Advanced Radio Bicycle Cooler Fast,475.00,8549830709964,,12
Lock,266.00,3971628503181,,17
Advanced Mixer Vacuum Fast Digital Edge,875.00,2989055056232,,8
Heater Thermostat,680.00,6330611447708,,14
Smart Vacuum Router Toaster Prime Pro Portable,865.00,6040001149326,,33
Wireless Shaver Mouse Premium Go,446.00,0105639910253,,20
Automatic Fan Rechargeable,528.00,9766621426582,,99
Mini Watch Grill Smart Silent,354.00,3452615778978,,69
Smart Oven Mouse Cooler Clean Sense Silent,70.00,7538798363258,,47
Mini Mixer X Compact,143.00,2950725487311,,18
Smart Shaver,345.00,7655596247846,,50
Pro Shaver Thermostat,977.00,0448131244939,,44
Clean Monitor Light Premium,247.00,6373397535214,,7
Fast Mixer Toaster Toaster Pro Edge,802.00,9305762921312,,26
Smart Iron Microphone Rechargeable,470.00,8564775030959,,31
Dock Trimmer,62.00,7196029508238,,8
Compact Toaster Go,354.00,3098553378209,,52
Smart Thermostat Oven Air,311.00,2303588379642,,92
Heater,47.00,1721297618950,,57
Portable Clock Touch,67.00,7637514122565,,36
Wireless Shaver Portable Portable,650.00,7125955648008,,92
Rechargeable Cooker Cooler,5.00,8105886095675,,6
Pro Monitor Brush Monitor,352.00,2634638986672,,86
Wireless Tablet Router Printer Compact 360,634.00,0583266683670,,55
Silent Radio Lite Ultra,677.00,3665128025921,,19
Pro Clock Router Fridge Advanced Fast,299.00,5247003162266,,96
Rechargeable Radio Mixer Edge,360.00,5575823679252,,87
Ultra Mixer Router Phone Sense,715.00,8880681653755,,19
Fast Watch Wireless Lite,856.00,5500259521967,,99
Fridge Fan Bicycle,155.00,9207927627032,,32
Automatic Shaver Drone Mini Touch Max,643.00,4869628114492,,79
Eco Tablet Tablet Kettle Clean,968.00,0148057859407,,20
Portable Blender Cooker One Wireless Mini,720.00,4362062479108,,77
Automatic Scanner Shaver Powerbank Compact,125.00,0411040962331,,9
Portable Brush Automatic,569.00,3721471310487,,56
Pro Iron Microphone One Rechargeable Smart,971.00,8166669489746,,61
Smart Fridge Freezer X Ultra,421.00,9360560492174,,70
Smart Clock Touch Touch Edge,965.00,6302819114492,,56
Wireless Toaster Clock Monitor Portable Clean Ultra,534.00,3152907262221,,73
Portable Mixer Drone Toaster Compact Touch Rechargeable,371.00,6796962078440,,42
Trimmer Webcam Heater,22.00,5991589136073,,41
Clean Freezer Ultra X Go,527.00,6672335167990,,78
Lamp Speakerphone Headphones,721.00,3493136926011,,24
Eco Iron Compact Automatic Wireless,226.00,2352774603900,,63
Advanced Fan Portable,474.00,9380545546418,,69
Smart Radio,494.00,2657834985713,,13
Premium Phone Grill Silent,143.00,6657640168474,,64
Automatic Webcam Powerbank 360,89.00,5103709163931,,14
Fast Speakerphone Scanner Monitor Eco Prime,677.00,4000533333732,,45
Trimmer,78.00,2531931604213,,77
Pro Grill,729.00,1624572958119,,41
Pro Drone Max Plus,904.00,3927908576970,,65
Drone,577.00,0448053627339,,20
Rechargeable Monitor Brush Monitor Go X,481.00,3320582959068,,11
Grill,146.00,9222209670810,,2
Premium Fridge Freezer Prime 360,318.00,5932375134378,,39
Compact Phone Scooter,619.00,9230054070594,,51
Dock Freezer Projector,371.00,0545241223837,,71
Automatic Monitor Brush Monitor,23.00,8410952311819,,97
Automatic Webcam Projector Oven,719.00,9883625009228,,67
Camera,353.00,6534691860888,,44
Ultra Mouse Ultra Smart,112.00,3717925785802,,74
Fan Lamp,782.00,4126654188096,,17
Smart Bicycle Clock Lamp,279.00,0859911536739,,84
Ultra Headphones Air,118.00,0776820724555,,8
Fast Camera Router Fan Lite Pro,107.00,4714269688515,,1
Lamp Lamp,838.00,1660241004954,,53
Mini Heater,932.00,3712032942704,,21
Compact Mixer Treadmill Max Prime,359.00,9262362996105,,64
Clean Webcam Dock Heater Plus One,703.00,7115930183792,,9
Camera,402.00,5227620678074,,52
Radio Light Fan,640.00,2403801370958,,7
Projector,220.00,1657772416332,,81
Charger Lock Oven,70.00,0773019658929,,3
Premium Drone Speaker Speaker Touch,500.00,7680848637656,,24
Smart Fan Thermostat,977.00,8001444029208,,24
Digital Iron Monitor,588.00,9425811747516,,6
Smart Fan Smart Portable Fast,934.00,2975006935886,,59
Scooter,840.00,5812855177524,,42
Automatic Lamp Touch,510.00,9938247240709,,86
Digital Fan Iron Cooker Smart Plus Max,105.00,0000621479278,,73
Automatic Stove Vacuum Speaker Premium Ultra Air,196.00,3499504009096,,6
Wireless Fan Thermostat Digital Compact,879.00,3266407121244,,11
Fast Webcam Powerbank,872.00,0865087470951,,50
Wireless Microphone Portable,941.00,4314446911353,,25
Fast Router,39.00,1672421125267,,70
Rechargeable Charger Treadmill Eco Mini,714.00,6238115680242,,7
Wireless Lock Lamp Portable Portable,568.00,1259885186852,,35
Brush Scale Grill,777.00,2134477374888,,96
Mixer Toaster Toaster,426.00,9789057693748,,46
Premium Tablet Tablet Kettle Eco Sense X,528.00,2567919345885,,25
Clean Treadmill,154.00,3274491821605,,16
Digital Projector,154.00,8903943058843,,2
Premium Mouse,839.00,2558035559720,,19
Silent Freezer,108.00,8637412166721,,18
Clean Trimmer Heater,641.00,8029092833565,,45
Portable Toaster Smart Prime Fast,173.00,8899339404434,,28
Clock Router Fridge,656.00,4647040476684,,41
Mixer Drone Toaster,99.00,8617170662741,,46
Smart Iron Fast Air,287.00,8848693129620,,62
Clean Shaver Drone,302.00,6464388769593,,30
Mini Brush Digital Premium,324.00,1387079475700,,38
Portable Router Phone X Plus Prime,250.00,0188001072018,,94
Eco Monitor,691.00,4971057401194,,77
Shaver Blender,675.00,3112038845052,,46
Thermostat,237.00,8212296921248,,11
Smart Tablet Cooler Fridge Go Fast Touch,450.00,7733970508360,,16
Premium Charger Bicycle Cooker Ultra Digital,863.00,3919281361472,,2
Advanced Oven Trimmer Fast,691.00,4780068605220,,70
Clean Blender Blender Touch Premium,553.00,9113699589839,,47
Wireless Headphones Fast One Prime,330.00,8930285429987,,8
Ultra Stove Iron Air Silent Plus,270.00,7771851383033,,56
Freezer,52.00,1753442882107,,78
Eco Mouse,244.00,6159629669823,,91
Mixer,312.00,6780123787210,,99
Digital Heater Thermostat Mini Touch,758.00,7202373731281,,47
Eco Speaker Touch Silent Air,64.00,0010327713378,,86
Eco Headphones Monitor Max,965.00,0008137388756,,80
Smart Vacuum Printer Edge Air,341.00,5313346889280,,89
Portable Radio Smart,509.00,5408308294544,,59
Compact Scooter Portable Lite,273.00,2739157226619,,21
Clean Dock Trimmer Pro,637.00,7525661799856,,16
Pro Router Lamp Premium Air,370.00,5862052247957,,29
Wireless Thermostat Iron Edge,104.00,5423914381280,,64
Silent Mixer Toaster Toaster Automatic,961.00,4254611796197,,34
Digital Cooker Brush Fast Mini Fast,916.00,9584860120159,,25
Portable Keyboard Smart Go Max,571.00,7824456792660,,20
Headphones,207.00,0026536774376,,79
Silent Charger,480.00,3734116072688,,64
Automatic Powerbank Premium Rechargeable Eco,726.00,4046288547567,,38
Shaver Thermostat,446.00,3091575590956,,35
Ultra Scale Trimmer Grill Rechargeable,725.00,9091144869142,,73
Eco Mixer X Automatic,772.00,1958936339680,,43
Digital Radio Advanced Advanced Max,726.00,8159685207739,,55
Clean Tablet Router Printer Ultra,930.00,4571334355600,,90
Silent Router Sense,516.00,5419934747373,,7
Mini Oven Speaker Fan Smart Air Max,327.00,5049286510365,,47
Premium Watch Thermostat Rechargeable Fast,142.00,8510525050357,,46
Kettle,705.00,3978813583003,,5
Pro Shaver,24.00,2589958564546,,97
Advanced Drone Compact Prime Clean,175.00,2398117934935,,4
Advanced Cooler Fan Fast,17.00,0009702230685,,68
Smart Projector Premium Premium,941.00,0858285069560,,74
Scooter,513.00,4631424106014,,47
Silent Tablet Premium,749.00,7790919195852,,31
Smart Treadmill Clean Smart,792.00,5786939652330,,99
Fast Thermostat Webcam Bicycle,132.00,1055715446031,,31
Digital Lock Charger Clean 360 One,570.00,6233603694886,,15
Eco Lock Bicycle Sense Sense Silent,987.00,1017384694496,,25
Silent Shaver Grill,434.00,6185549582553,,31
Advanced Trimmer Webcam Heater Touch,222.00,6929929248536,,84
Fast Thermostat Camera Watch Smart Digital,350.00,7804647721716,,2
Radio,289.00,1336063466958,,77
Wireless Shaver Mouse Air,981.00,5271593131173,,96
Advanced Webcam Trimmer Projector Portable Mini Silent,827.00,4434579770273,,53
Fast Powerbank Smart Rechargeable,215.00,4113344947279,,26
Ultra Freezer Powerbank Watch Prime Smart Sense,233.00,4043047401153,,10
Smart Microphone Heater,328.00,1388447647859,,89
Smart Fan X Fast Eco,154.00,7332362242730,,57
Clean Mouse Mouse Router Compact,788.00,4438808480841,,4
Ultra Fan Lamp Clean,235.00,4047808040759,,93
Smart Iron Microphone One Smart,291.00,1348049733633,,81
Heater Keyboard,156.00,2392701683438,,87
Digital Printer Lock Thermostat Pro,471.00,0239972749413,,65
Fridge Fan Bicycle,705.00,5015283576321,,87
Ultra Drone Fast Touch Ultra,352.00,3609675351263,,40
Wireless Mouse Go Advanced,748.00,5978299154511,,2
Mini Watch Plus,981.00,2423852090452,,37
Eco Mixer Mini Smart,966.00,6010353125040,,79
Mouse,360.00,0373133501455,,58
Digital Grill Charger Headphones Sense,179.00,0918241924873,,32
Portable Webcam Trimmer Projector Air Premium Rechargeable,998.00,6551575763882,,99
Dock Mixer Router,252.00,0917407808484,,60
Powerbank,921.00,3637363225251,,47
Freezer,953.00,0119043781224,,40
Silent Freezer Fast,314.00,4458629857684,,89
Portable Powerbank Brush Charger Smart Eco,164.00,2762907732801,,71
Smart Oven Trimmer Dock Fast,616.00,5041154099910,,84
Compact Powerbank Iron Brush Fast Advanced Automatic,983.00,8628849081602,,66
Scooter Scale Cooler,748.00,1650664734873,,12
Charger,789.00,4087430396787,,58
Smart Headphones Touch X Premium,7.00,4086575886184,,15
Portable Keyboard Speakerphone Fan Portable Portable Plus,207.00,7857650717696,,61
Digital Headphones,245.00,5696380366192,,61
Thermostat Printer,301.00,5207956380230,,56
Clean Fan X Edge,426.00,6480416807037,,91
Compact Vacuum Iron Phone X,289.00,2275503060518,,7
Lamp Freezer,212.00,2180028474811,,33
Pro Clock Eco,232.00,2545167258577,,20
Fast Speaker Keyboard,33.00,4849606512335,,47
Oven Drone,622.00,9591005615777,,16
Watch Fridge,597.00,3185081047384,,73
Pro Scooter Dock Shaver Silent,760.00,8425518846575,,88
Treadmill,533.00,9422788577191,,32
Clean Shaver,513.00,8049504779748,,34
Premium Radio Prime Eco,543.00,9926638839786,,96
Eco Heater Monitor Max Rechargeable Touch,259.00,9777452823785,,61
Smart Radio Clean,770.00,8732373895144,,51
Smart Printer Charger Brush Wireless,614.00,3124784960279,,61
Premium Vacuum Webcam Silent Max Sense,868.00,0255732436461,,32
Rechargeable Fan Monitor Toaster Prime Edge Eco,233.00,1676745876430,,94
Pro Blender Blender,640.00,0470786240325,,81
Light Webcam Cooker,12.00,6339144006567,,73
Advanced Microphone One 360,96.00,9925916416299,,52
Smart Drone Vacuum Ultra Digital,200.00,6632275147520,,57
Mixer Grill,487.00,1818805208618,,21
Clean Projector Oven Thermostat Smart Silent Ultra,61.00,8528447017297,,70
Silent Powerbank Router Eco Touch,631.00,0100718869002,,4
Fridge Freezer,277.00,0338843366374,,60
Eco Fan Powerbank Go,317.00,0123723902731,,36
Advanced Cooker Wireless Go Smart,235.00,5328793471575,,13
Silent Mixer Lite Compact Prime,504.00,0581688739760,,24
Rechargeable Clock Drone Charger Premium,236.00,4622677265115,,28
Compact Toaster Light Monitor,220.00,1670009028733,,54
Ultra Camera,65.00,1157511762350,,73
Lamp Grill,227.00,8424181276429,,39
Silent Tablet Powerbank Blender X Lite,374.00,3859238870766,,85
Wireless Cooler Prime Digital Prime,619.00,1502184730036,,77
Advanced Speaker Keyboard Portable Sense,146.00,8223585678941,,85
Ultra Lamp Monitor,348.00,1318464229431,,78
Clean Shaver Smart Lite Lite,824.00,2654227273891,,67
Rechargeable Microphone Cooler,201.00,4897111770962,,75
Dock,242.00,8891356642868,,13
Eco Charger Touch Pro Eco,207.00,2133054371043,,19
Compact Cooler Watch Fan Touch,112.00,8363785436962,,84
Advanced Tablet Router Printer Premium Edge 360,25.00,8383135336698,,30
Fan,231.00,4070829678069,,42
Eco Blender Toaster Camera Smart Smart,270.00,4413288460781,,50
Ultra Mouse Go Max,94.00,5928522040685,,73
Clean Dock One,77.00,7491150707995,,21
Rechargeable Webcam Scooter Automatic Digital Touch,291.00,3832316742766,,2
Smart Thermostat Trimmer Silent,396.00,0317815722523,,53
Silent Printer,931.00,8940962616302,,15
Automatic Printer Webcam Air,56.00,9427240949844,,24
Advanced Lock,900.00,4676681395887,,96
Silent Lamp Speakerphone Headphones Touch Smart,578.00,3099044751556,,93
Digital Charger Monitor Brush,228.00,7419109445071,,58
Eco Heater Compact,486.00,9415375823573,,14
Radio,94.00,8915680357240,,23
Mini Grill Microphone Projector Rechargeable Automatic Automatic,381.00,7490701535919,,87
Silent Light Silent,822.00,5202267396901,,96
Advanced Router Go,694.00,5217799502997,,22
Clean Radio 360 Eco,829.00,0041374888825,,15
Eco Mouse Monitor Phone One Digital,391.00,4888519257780,,78
Portable Drone Speaker Speaker,32.00,9433291644188,,48
Wireless Microphone Heater Automatic,245.00,8465928875451,,82
Pro Grill,787.00,2855785467634,,34
Eco Oven Mouse Cooler Smart,519.00,0720565267488,,32
Oven Speaker Fan,928.00,4699895828880,,34
Advanced Oven Trimmer Plus Rechargeable,560.00,9583142739485,,21
Digital Lamp,567.00,8372251257000,,39
Automatic Thermostat Drone Heater Wireless Max Digital,253.00,6625374065802,,64
Eco Webcam Projector Lock Prime Touch,754.00,3670775761801,,74
Silent Webcam Powerbank Plus,246.00,9402245195663,,1
Digital Bicycle Speakerphone Printer Air,366.00,8355903096349,,39
Wireless Fan Lamp,165.00,8838523953822,,45
Silent Bicycle Scooter Lite Advanced,931.00,1691973265498,,49
Clean Brush Cooler Powerbank Plus,798.00,5109910891250,,99
Automatic Lock Bicycle Compact,455.00,2034192280306,,49
Clean Shaver,250.00,2758261949313,,40
Premium Dock,660.00,7970432443528,,16
Wireless Cooler Fast One Premium,517.00,8983857681672,,51
Pro Heater Smart,572.00,0420751053337,,50
Clean Scale Clock Compact Edge Pro,218.00,0097307487894,,46
Silent Charger Radio Automatic Advanced,906.00,2511819060003,,66
Eco Keyboard Toaster Monitor Smart,674.00,6890779479206,,52
Rechargeable Tablet Clean Eco,529.00,8794153662636,,96
Portable Camera One Lite Smart,379.00,6829670467715,,82
Smart Printer,97.00,2897540438268,,53
Smart Iron Plus Compact X,371.00,7412437401931,,87
Mini Powerbank Prime Digital Ultra,348.00,5799783919702,,18
Cooker Cooler,929.00,5727866076837,,71
Clean Speaker Silent,653.00,4418742751955,,29
Digital Projector Premium Clean Pro,385.00,4296074853710,,61
Digital Lamp Monitor,719.00,4050638241746,,79
Clock Router Fridge,374.00,6776766409817,,30
Fast Grill Clean One Automatic,812.00,6512242343509,,87
Fast Toaster Light Monitor Fast Rechargeable,323.00,7961475218860,,80
Premium Dock Advanced Touch 360,449.00,1681113186882,,76
Advanced Lock Blender Plus Smart,328.00,7022537933142,,26
Portable Microphone Sense Smart,906.00,3695979225171,,18
Ultra Projector Smart,302.00,1965116290686,,59
Fast Trimmer Silent Pro Eco,849.00,2546263341293,,83
Portable Blender Treadmill Tablet Pro Mini Ultra,945.00,9127296587617,,85
Scooter Bicycle Oven,363.00,5853321933978,,59
Mixer Toaster Toaster,740.00,1272946242496,,8
Automatic Shaver Thermostat Digital X,368.00,3289303104753,,57
Silent Cooker,881.00,0824998541433,,84
Eco Printer,412.00,5233765792711,,48
Silent Radio Clean,222.00,4993660622643,,60
Premium Brush Scanner Smart,159.00,5984886881487,,41
Fast Bicycle Microphone Air,552.00,4397965642151,,87
Portable Drone Eco Pro Prime,192.00,9474086602570,,38
Headphones Monitor,121.00,8311436181808,,67
Automatic Heater Radio Compact,891.00,2465683253132,,8
Keyboard Speakerphone Fan,326.00,9860845948384,,56
Ultra Mouse,715.00,6821962153511,,82
Router,902.00,5627133021440,,90
Digital Mouse Treadmill Phone,240.00,3391443223758,,82
Digital Router Keyboard,632.00,5531243492734,,48
Advanced Watch Prime,573.00,6549592462598,,20
Mixer Toaster Toaster,6.00,5762492300925,,33
Silent Mouse Heater Sense Wireless,46.00,5177684124607,,18
Freezer,586.00,2864235130349,,92
Blender,922.00,5465220169664,,41
Advanced Phone Air Lite,424.00,9773009838189,,42
Eco Iron Monitor Sense Mini,695.00,1197660826602,,34
Pro Dock Dock Trimmer Smart,955.00,0204003967753,,55
Fast Clock Lite Fast Go,905.00,0245547170360,,29
Fast Clock Lock Eco Edge,365.00,5123518299508,,71
Mini Lock Bicycle,757.00,5340981422671,,56
Ultra Phone Grill Wireless Fast Edge,108.00,1281390765116,,54
Drone,279.00,9923191812232,,77
Mini Powerbank,443.00,2446800960737,,68
Silent Scanner Mouse,56.00,6747255544371,,82
Automatic Brush Wireless Portable Go,769.00,6373507637630,,14
Rechargeable Grill Tablet Fridge Sense Automatic Wireless,188.00,4091103687867,,64
Eco Drone Compact,664.00,7731618409598,,13
Silent Drone Speaker Speaker Fast Silent,487.00,4345438133521,,58
Smart Dock Dock Trimmer Ultra Lite 360,975.00,5122991299319,,31
Portable Heater Keyboard Automatic Advanced Fast,365.00,2435617299345,,76
Silent Tablet Speakerphone,893.00,7116780769679,,59
Pro Phone Scooter Silent Air,515.00,2292935361297,,81
Eco Powerbank Prime 360 Max,21.00,8530320965502,,36
Stove Monitor Tablet,965.00,7412882814683,,24
Advanced Oven Premium Lite Eco,513.00,6220976115032,,63
Smart Webcam Projector Oven Portable Smart,982.00,8145545706986,,59
Eco Printer,583.00,7994123185207,,3
Smart Printer Lock Thermostat Prime Sense,312.00,9694710328335,,84
Pro Toaster,316.00,0261772915644,,55
Compact Scooter Dock Shaver X,682.00,1988203298631,,31
Router,698.00,0597529428786,,43
Advanced Oven Speaker Fan Smart,514.00,1177465014473,,79
Treadmill,971.00,8703869934388,,64
Phone Scooter,900.00,3579877552495,,95
Digital Heater Cooker Lite,14.00,0025889620644,,40
Portable Phone Advanced Lite,763.00,3993324983159,,5
Smart Light Headphones Tablet,596.00,4634302505602,,75
Ultra Fan Plus,780.00,2568361103832,,82
Ultra Kettle Brush Fan Sense Compact,885.00,4915619452392,,59
Automatic Phone,925.00,6407623160526,,88
Treadmill Dock,602.00,2642634043855,,63
Mini Radio Bicycle Cooler,79.00,2403485995669,,70
Premium Charger Radio,628.00,0151496545527,,96
Mini Radio Light Fan Mini Go Mini,747.00,4884967893815,,92
Mixer,406.00,5625684550181,,54
Smart Router Lamp One,368.00,7041999163072,,68
Wireless Webcam Powerbank,771.00,5082614893181,,84
Rechargeable Charger Tablet Brush Ultra,574.00,5375508349834,,46
Silent Freezer Mixer Smart,551.00,0363992445243,,29
Fast Powerbank Cooker Iron Ultra X,371.00,5340324864700,,5
Ultra Watch Tablet Printer,893.00,8785109184098,,28
Lock,267.00,0335411320189,,86
Eco Shaver Mouse,720.00,3175384386846,,53
Automatic Tablet Compact Air Lite,565.00,8479684802170,,92
Mini Powerbank Router,82.00,0436549363908,,99
Ultra Mouse Silent,511.00,3921204930566,,82
Premium Drone Lite,835.00,6748481534853,,54
Watch,375.00,5473757366678,,48
Thermostat Oven,949.00,5391892648056,,37
Smart Speaker Router Lamp Ultra Advanced Pro,249.00,8519392321034,,61
Clean Charger Bicycle Cooker Sense,754.00,0047719869597,,77
Premium Freezer Phone Silent Portable Silent,956.00,5289293709387,,64
Mini Webcam Webcam Treadmill Rechargeable,219.00,8757402012811,,76
Smart Scanner Plus Digital One,843.00,7311089458822,,31
Rechargeable Webcam Printer Smart,821.00,5542994445344,,60
Smart Blender Premium,488.00,6113949662667,,44
Wireless Heater Thermostat Ultra Lite Silent,976.00,2459010569362,,46
Microphone Cooler,109.00,8091942479261,,95
Advanced Charger Bicycle Cooker,957.00,8712859182272,,70
Fast Lamp Freezer,425.00,3823683422900,,56
Fast Freezer One Wireless Silent,659.00,5868179941969,,44
Fast Dock Lite,740.00,3683412634017,,77
Fast Router,940.00,7852320055320,,26
Pro Scooter Eco,789.00,5193098656343,,76
Dock,340.00,0116107241854,,35
Monitor Cooler Dock,803.00,2020502840230,,17
Silent Vacuum Iron Phone X Silent,419.00,4634864277405,,51
Automatic Scooter,710.00,0327268501934,,73
Mini Grill,30.00,7561424262014,,27
Pro Brush,189.00,8743061595468,,54
Mini Iron Digital Ultra Automatic,109.00,3652024023731,,54
Clean Speaker Keyboard Premium One,207.00,8702802799909,,13
Speakerphone,697.00,7007212357802,,32
Oven Mouse Cooler,568.00,1233435492020,,75
Eco Grill Microphone Projector,492.00,0545141810144,,93
Silent Mixer Ultra Sense Lite,127.00,2345701344472,,3
Wireless Scale Clock,943.00,8853724794944,,26
Pro Tablet Router Printer,788.00,0421870608156,,24
Pro Freezer Digital,145.00,5493608124134,,20
Watch Tablet Printer,35.00,4680353737585,,21
Automatic Lock Premium Advanced,751.00,9728341566665,,59
Wireless Grill Tablet Fridge Lite Fast Mini,398.00,4299648353838,,41
Thermostat Trimmer,830.00,6804478571321,,63
Wireless Scale Treadmill Max Eco Plus,313.00,5969329484937,,83
Mixer Router Phone,879.00,2886720450572,,17
Automatic Oven Speaker Fan Pro,893.00,2354217370967,,18
Digital Printer Fan Digital Fast,951.00,7568016248593,,25
Premium Grill Brush Watch Automatic,488.00,7116040171402,,28
Smart Projector Oven Thermostat Compact Clean,228.00,3093318471409,,60
Advanced Vacuum Router Toaster Premium Rechargeable Touch,706.00,5353538597234,,14
Clean Stove Iron Ultra,848.00,6923889639120,,97
Ultra Tablet Router Printer,677.00,3875318862315,,1
Rechargeable Camera Smart,253.00,0503631878654,,61
Ultra Treadmill Sense Wireless Touch,449.00,3970658036607,,96
Silent Watch Grill Ultra Mini X,755.00,4155269063214,,33
Clean Lock Max,760.00,2474560406738,,29
Mini Watch Headphones Kettle,606.00,9329712756403,,18
Smart Powerbank Iron Brush Silent,322.00,3645049657999,,24
Mini Speaker Keyboard Air,664.00,0447778290330,,55
Smart Cooler Fan Advanced,678.00,2342986844321,,28
Ultra Treadmill Advanced,243.00,8579387384192,,5
Portable Treadmill Eco Smart Wireless,342.00,7454989427083,,76
Charger Lamp,835.00,9625319616844,,8
Portable Speakerphone Smart,506.00,3011259893913,,40
Digital Thermostat Stove Lamp Clean,250.00,2323190580694,,58
Smart Thermostat Trimmer Portable Silent,954.00,6361387051738,,32
Clean Radio Stove Shaver Eco,650.00,7762777756599,,91
Fast Cooker Cooler Go,296.00,4732700229653,,75
Smart Webcam Stove Grill Automatic Smart Max,464.00,4146528310606,,9
Advanced Cooler Treadmill Automatic Advanced Silent,180.00,3488678620701,,51
Eco Speaker Router Lamp 360,604.00,7021019729785,,18
Premium Phone Grill,629.00,4158824855651,,68
Ultra Mouse Portable Sense,366.00,0786169704507,,70
Ultra Powerbank Scooter Clean Prime,665.00,2937936296925,,81
Smart Watch Microphone Microphone Lite Pro,649.00,9916823393544,,36
Freezer,405.00,7449366290725,,20
Ultra Microphone Camera,190.00,0807549266252,,93
Automatic Microphone Air Max,577.00,5444680605172,,31
Silent Watch Premium,687.00,9686612596066,,37
Eco Vacuum Printer,300.00,8281298343297,,87
Digital Brush Go Advanced Silent,912.00,8812298590819,,43
Stove Light,604.00,2290620050426,,33
Treadmill,10.00,2340417236172,,33
Clean Radio Wireless Eco Ultra,985.00,2549233395531,,29
Mini Keyboard Kettle,546.00,8847884575109,,7
Portable Freezer Phone,351.00,8900662555288,,76
Smart Mouse,347.00,5978292968849,,61
Eco Powerbank Scooter Touch,991.00,0201871150881,,18
Radio Iron,971.00,2729531894794,,12
Automatic Cooler Vacuum,861.00,2015675976800,,33
Ultra Oven Drone Prime Mini,924.00,7316802667550,,7
Fast Keyboard Advanced,18.00,1954387497160,,29
Fast Camera Bicycle Speakerphone Prime Digital,27.00,6136197064991,,48
Clean Webcam Powerbank,943.00,4939379844617,,70
Rechargeable Cooler Vacuum,601.00,9164969786212,,72
Advanced Cooker,698.00,0769437848028,,66
Eco Projector Speaker Treadmill Mini Pro Premium,726.00,9213162573799,,65
Mixer Grill,503.00,0893072294329,,67
Fast Treadmill Dock Clean Compact Premium,808.00,5032379051753,,54
Ultra Oven Trimmer Max,410.00,6513417037681,,49
Fridge,378.00,1222314723058,,40
Pro Headphones Charger Compact Premium Smart,43.00,2726042805325,,36
Smart Scale Clock Digital,118.00,7448537712165,,97
Ultra Brush Blender Vacuum Pro Sense Portable,229.00,1573993828399,,38
Mini Phone Iron Speakerphone,853.00,1624742459576,,22
Eco Cooker Smart Edge,373.00,9598165664706,,23
Wireless Drone Thermostat Headphones One,747.00,8956435746216,,42
Clean Fan Phone Silent Go,484.00,3732901233238,,14
Monitor Brush Monitor,213.00,5650552080828,,57
Pro Scooter Ultra,824.00,4807003162119,,59
Digital Light Headphones Tablet Wireless Clean Digital,50.00,5436594394020,,80
Portable Tablet Router Printer Mini Compact,591.00,5504284250885,,24
Headphones,352.00,9808986165673,,23
Automatic Trimmer Heater Premium Ultra Rechargeable,258.00,1529970212613,,59
Automatic Drone Speaker Speaker X Advanced,699.00,3825194245573,,11
Clean Mouse Mouse Router,852.00,9005511669716,,79
Wireless Headphones,992.00,1795979792146,,38
Rechargeable Camera,938.00,2670471824023,,35
Portable Router,604.00,9803812521937,,90
Clean Brush,508.00,9780709474296,,46
Premium Projector Clean,421.00,9467269976346,,84
Watch Headphones Kettle,183.00,4966589207710,,7
Iron,12.00,6976622189659,,1
Silent Lock Camera,191.00,9057458005331,,60
Silent Lamp Monitor,577.00,4189295012762,,76
Fast Blender Cooker Premium Max Rechargeable,369.00,2112609225307,,76
Automatic Speakerphone Charger Go Compact Portable,617.00,8317360309417,,16
Fast Grill Microphone Projector,276.00,1674941320696,,79
Silent Stove Blender Oven Plus Digital,751.00,4817594776114,,38
Mini Mixer Vacuum,375.00,0858419275515,,34
Printer Fan,55.00,8809371878957,,40
Scooter,936.00,8879229129210,,81
Rechargeable Cooler Lite Automatic,191.00,7369767877991,,99
Portable Dock One Digital,435.00,8374944947670,,62
Pro Webcam Projector Oven,22.00,9256830970889,,69
Mini Webcam Stove Grill Air Sense,847.00,7884693157646,,11
Smart Toaster,238.00,3054657706584,,76
Advanced Fan Powerbank Wireless X,810.00,9384394576343,,65
Premium Fan 360 Compact,931.00,1151677065058,,2
Silent Mouse One Lite,866.00,0104953379128,,89
Drone Thermostat Headphones,165.00,6027821632924,,33
Fast Tablet Powerbank Blender Eco Clean,112.00,8715556567045,,92
Automatic Fan Speaker Fridge Lite,952.00,9786920951813,,4
Ultra Printer Fan,403.00,9764539467284,,3
Silent Scooter,301.00,7231950228067,,32
Digital Fan Lamp Max,718.00,0376128820067,,47
Fast Heater Keyboard Smart Portable Clean,291.00,9285775830415,,19
Clean Brush Mini,804.00,6375648575536,,96
Premium Headphones,140.00,4040232239171,,80
Lock,942.00,2806081467002,,81
Silent Clock Router Fridge Prime,271.00,9219556225763,,44
Digital Thermostat Oven,497.00,9239771732129,,13
Portable Charger Plus Plus Fast,192.00,9362885551284,,82
Smart Lamp Portable One,663.00,7334683338666,,68
Radio,926.00,5948751743461,,2
Digital Watch Headphones Kettle Go Prime,331.00,4379018691378,,82
Wireless Lamp Speakerphone Headphones,534.00,5108300193936,,18
Digital Microphone 360,291.00,0664619282600,,93
Premium Mixer Router Phone Sense Max,578.00,2880417392404,,36
Smart Trimmer,389.00,5192289942470,,36
Mini Drone Silent Rechargeable Advanced,674.00,3851028412378,,38
Premium Webcam Scooter Lite Rechargeable Automatic,559.00,6222568733709,,42
Wireless Light Smart Pro Air,709.00,6138010835344,,12
Rechargeable Toaster Scooter,716.00,9157920675465,,72
Mini Iron Monitor,715.00,5817790149957,,87
Heater Keyboard,958.00,7077968952798,,76
Mini Powerbank Iron Brush Advanced Digital,20.00,4496874601027,,87
Silent Projector Prime Wireless,791.00,5502780869457,,89
Smart Lock Charger,524.00,7751752606219,,91
Fast Microphone Silent Compact,572.00,9512919692951,,58
Rechargeable Projector Speaker Treadmill,976.00,2802167126276,,92
Silent Cooker,87.00,5988384501519,,11
Premium Light Toaster 360,55.00,4726468907380,,12
Premium Heater Touch Go Edge,850.00,7999658487192,,61
Rechargeable Fridge Edge One X,541.00,3034679223047,,75
Portable Webcam Webcam Stove Digital Clean Pro,252.00,7773535190784,,52
Digital Keyboard,771.00,4293285609853,,89
Compact Trimmer Fast,411.00,0108256841481,,1
Automatic Cooler Vacuum Premium Edge,451.00,1103753220417,,86
Mouse Lamp,784.00,4352014511642,,74
Ultra Webcam Touch Fast,431.00,2123983937441,,78
Fast Brush Lite Advanced,432.00,8411657710327,,20
Rechargeable Light Toaster Clean Max Mini,142.00,5905592753783,,99
Mini Blender,836.00,8455419376529,,79
Stove Light,642.00,3393267486098,,2
Rechargeable Watch Wireless Edge Clean,485.00,7191497848398,,94
Compact Fan Smart Fast,393.00,2124887601056,,89
Silent Monitor Light,988.00,8347396622846,,71
Clean Iron Plus Touch,711.00,1548702512654,,78
Heater,819.00,4460171514618,,20
Premium Scooter Wireless Compact Smart,406.00,2545426155654,,6
Wireless Stove Vacuum Speaker Sense,162.00,6742297776322,,72
Portable Cooker Air Advanced,938.00,0449784114754,,48
Wireless Lock Thermostat Lite,397.00,3628703927515,,96
Silent Radio Pro Smart,322.00,0157913459224,,41
Compact Keyboard Toaster Monitor Digital Plus Clean,464.00,0115994508330,,13
Advanced Blender Edge Plus,598.00,5799229353091,,55
Ultra Cooler Fan,52.00,9140513025938,,68
Ultra Camera Bicycle Speakerphone,325.00,1736464313507,,71
Speakerphone Charger,407.00,9902886382465,,19
Advanced Brush Scale Grill Edge Clean Pro,329.00,4887623030388,,41
Automatic Treadmill,662.00,8651743786809,,41
Phone Thermostat,706.00,4025818150453,,34
Eco Webcam Bicycle Camera Clean Wireless,353.00,5125119766076,,33
Advanced Webcam Projector Lock Fast,635.00,6624202917290,,44
Fast Iron Monitor Pro,659.00,6214750527272,,3
Clean Bicycle Clock Lamp One Smart,751.00,9517890482287,,17
Fast Treadmill Wireless,182.00,5634907214069,,83
Rechargeable Mouse Heater Compact Digital,562.00,5283187798112,,58
Mini Fan Iron Clock Compact,371.00,3166352583275,,69
Digital Thermostat Wireless Portable Max,113.00,5665238775769,,33
Scooter,146.00,9526800170695,,63
Mini Phone Iron Speakerphone,287.00,9147603618469,,31
Smart Oven Mouse Cooler Automatic Mini Wireless,216.00,9566159882115,,23
Blender,73.00,2565580830334,,17
Wireless Tablet Microphone Trimmer Prime Premium Rechargeable,566.00,6293807145881,,13
Advanced Watch Sense,764.00,9300762619924,,54
Automatic Fridge Camera Air,123.00,2782245238971,,11
Automatic Lamp Lamp Kettle Digital Sense One,852.00,4806115797288,,19
Smart Watch Ultra,517.00,8043353551852,,79
Fast Dock Mini Prime,230.00,6841348559669,,37
Smart Heater Keyboard Lite,719.00,2062541200279,,9
Smart Keyboard Kettle Advanced Automatic,969.00,6539756363182,,48
Clean Freezer Mixer Lock Automatic,403.00,4693457075668,,53
Premium Heater Toaster Stove Smart,568.00,4612487145608,,93
Silent Lock Silent Digital,271.00,1227122187443,,48
Ultra Fan Iron Cooker Mini,201.00,0248555205420,,61
Clean Router Lamp,84.00,9343882627370,,84
Advanced Printer Charger Brush,652.00,3361985063556,,33
Smart Camera,210.00,0821804778663,,84
Wireless Headphones Stove Max Mini Mini,714.00,2947509850409,,16
Rechargeable Drone Printer Tablet,162.00,5031770567276,,4
Compact Brush Scanner Prime,940.00,0632493841138,,87
Mini Cooker,618.00,3180500414877,,7
Automatic Drone Speaker Speaker Compact,311.00,8224914355502,,81
Eco Drone One,588.00,1328674081248,,12
Digital Cooker Plus Portable,213.00,8011145534475,,50
Clean Mixer Vacuum Go Silent Advanced,521.00,0644541056418,,13
Eco Blender Scale Portable,365.00,8822316324173,,54
Digital Oven 360 Max Pro,770.00,6788903118117,,89
Smart Phone Grill Edge Plus,926.00,3543104290474,,37
Compact Camera Clean,845.00,3034946176779,,91
Compact Scooter,670.00,9461599168129,,65
Silent Mixer Lamp,764.00,0912015929262,,71
Shaver Thermostat,590.00,4914695820620,,87
Compact Cooler Printer Speaker Smart 360 Fast,650.00,7023289073810,,24
Premium Treadmill,511.00,0935113216591,,8
Light Drone,422.00,4749922954706,,6
Smart Cooler Rechargeable,247.00,6624987388865,,93
Lamp Freezer,616.00,1466069625612,,83
Eco Projector Speaker Treadmill Lite,515.00,8018900703152,,83
Clean Radio Light Fan Eco,732.00,8918323209289,,74
Digital Keyboard Toaster Monitor Wireless Go,618.00,4269562981974,,39
Compact Heater Keyboard,774.00,2396432215159,,88
Lock Thermostat,106.00,6951371074791,,21
Silent Heater Eco Wireless,960.00,5357434132155,,5
Ultra Toaster,26.00,0485743111341,,4
Wireless Freezer Powerbank Watch,387.00,3783085476355,,86
Powerbank,493.00,6521454278899,,21
Headphones,966.00,7732738957853,,71
Digital Radio Treadmill Rechargeable Max Eco,663.00,2967022105718,,23
Automatic Keyboard Smart,142.00,4998629616527,,90
Iron Drone,135.00,7138859209671,,78
Smart Fan,581.00,5295533304380,,38
Automatic Printer Charger Brush 360,667.00,9017159944896,,28
Mini Scale Stove Advanced,392.00,8298338027444,,66
Ultra Scanner Tablet Radio Sense Mini Mini,861.00,9216301558633,,97
Charger Lock Oven,866.00,4602808497660,,66
Smart Vacuum Router Toaster,917.00,5624171351263,,25
Smart Lock Charger,19.00,7863714151641,,3
Clean Light Heater Clock Touch,248.00,4838166462686,,44
Mini Toaster Scanner Lite Max,891.00,0423139562247,,16
Automatic Webcam Printer,884.00,3910775762829,,25
Fast Bicycle Microphone Touch Prime Rechargeable,451.00,9274093953463,,84
Mouse Mouse Router,656.00,2994314055086,,79
Pro Charger Treadmill Silent Silent,372.00,5063452971439,,23
Wireless Shaver,879.00,9480011520963,,27
Advanced Microphone Headphones,257.00,5054269608083,,48
Advanced Bicycle Lock Fan,605.00,6751557815183,,89
Pro Thermostat Drone Heater,212.00,7780727658083,,46
Speaker Tablet Headphones,686.00,7771108985454,,9
Mini Fan Powerbank Fast X Plus,24.00,6470681699147,,20
Ultra Keyboard Phone Scanner Air Advanced Eco,463.00,6621407344999,,92
Advanced Dock 360 Premium Smart,346.00,5293808035359,,32
Rechargeable Mouse Monitor Phone Plus Silent,970.00,4890089825238,,94
Compact Vacuum Cooler Air Go,130.00,8344005854315,,53
Premium Cooler Treadmill Go Portable,66.00,2080662389291,,37
Clean Fan Thermostat,450.00,8493464829553,,18
Clean Radio Prime 360 Wireless,6.00,6382343719363,,62
Digital Thermostat Automatic,657.00,4504640416345,,13
Headphones,701.00,7892004937887,,52
Clean Scale Clean Max,257.00,0382317435073,,95
Radio Light Fan,985.00,7206139065634,,86
Digital Blender Treadmill Tablet Touch Edge,827.00,3063535678387,,58
Heater Monitor,659.00,8267588798725,,43
Pro Tablet Speakerphone Automatic Lite Advanced,401.00,4261113521868,,57
Mini Router Keyboard Pro Digital Fast,216.00,7780959235687,,29
Silent Iron Thermostat Rechargeable Premium,475.00,6485502417282,,22
Advanced Camera Treadmill Heater,721.00,6527975949133,,26
Fast Brush Blender Vacuum,904.00,1206028389472,,99
Scooter,616.00,1315369802585,,45
Wireless Grill Tablet Fridge Go,564.00,6565315032909,,26
Premium Shaver Thermostat Edge Advanced,794.00,8291143316000,,27
Fast Powerbank Eco Prime,632.00,8227074825564,,3
Rechargeable Thermostat Microphone Scooter Fast,988.00,9950205276391,,57
Mini Camera Smart,292.00,3244307471591,,93
Silent Microphone Cooler Max Max Sense,53.00,4669657792827,,55
Microphone Heater,506.00,0019491214896,,29
Smart Radio Smart Prime Mini,553.00,9738633175925,,71
Eco Scale Speaker Powerbank Smart,230.00,5717956980779,,53
Bicycle Lock Fan,832.00,0448854742675,,61
Mini Trimmer Stove 360 Premium Air,126.00,5469283819276,,28
Portable Oven Advanced,88.00,3751599928370,,58
Fast Mixer Plus,836.00,8893426413781,,38
Automatic Heater,483.00,5628040091540,,72
Automatic Bicycle Sense Wireless 360,664.00,9538162896830,,6
Mixer Toaster Toaster,143.00,0718877759487,,40
Compact Heater Keyboard Clean Air,970.00,2451049958766,,15
Tablet Blender,513.00,3033204509939,,51
Microphone Clock,696.00,5897833355828,,42
Ultra Blender Blender,812.00,7762576030463,,89
Digital Bicycle Mini Smart,24.00,0617889404937,,41
Silent Toaster Scooter,439.00,9268913192842,,46
Smart Speaker,371.00,9718806579552,,90
Ultra Drone Speaker Speaker,986.00,1766034386297,,54
Fast Speakerphone Stove Tablet One,951.00,6313086174591,,53
Wireless Scale Toaster Prime Automatic Advanced,155.00,6824543647676,,72
Advanced Brush Scanner Clean Mini Air,424.00,4914798779061,,4
Automatic Charger Bicycle Cooker,497.00,7613453282768,,5
Scooter Bicycle Oven,123.00,1827282027841,,84
Rechargeable Watch Headphones Kettle Lite Advanced Lite,75.00,2986185350544,,23
Smart Webcam Powerbank Max Pro,148.00,9878672650073,,51
Wireless Shaver Max,255.00,6338059166397,,80
Rechargeable Tablet Router Printer,137.00,3122056197521,,80
Digital Bicycle Microphone One,514.00,6417870917514,,57
Eco Scooter Bicycle Oven,246.00,1651902308337,,43
Fast Powerbank Iron Brush Smart Fast Compact,160.00,4515298397283,,44
Fast Fridge Cooker,794.00,5082655674572,,80
Silent Headphones Prime Automatic,623.00,9506416285952,,12
Rechargeable Radio Clean,712.00,6434261021704,,21
Keyboard Kettle,241.00,9031029031820,,73
Advanced Fan Ultra Automatic,30.00,9461972896595,,28
Compact Trimmer Sense Automatic Touch,744.00,4640793168318,,13
Fast Lock Thermostat Air,512.00,7855242227387,,50
Lamp Monitor,736.00,0786925440755,,68
Compact Charger Lite,398.00,1634138672953,,76
Compact Fan Phone X Pro,111.00,9469884497299,,49
Mini Radio Treadmill Touch Prime,504.00,6204176392288,,44
Fast Headphones,930.00,5504079975887,,62
Pro Trimmer Webcam Heater,427.00,2091541931845,,66
Fast Thermostat Webcam Bicycle Digital Smart,878.00,8129315355437,,96
Ultra Blender Eco,780.00,2671529078399,,45
Clean Brush Smart One Portable,272.00,3408649493035,,56
Eco Keyboard Mini 360,391.00,1183045694799,,35
Smart Oven Scale Smart,225.00,6884331523643,,78
Clean Watch Digital 360,823.00,5826337830401,,34
Phone Grill,277.00,1639885318338,,80
Digital Headphones Charger Sense Premium,669.00,2934898240133,,25
Premium Camera Heater Webcam,910.00,9044832835363,,97
Clean Drone Heater Scanner Premium Automatic Ultra,589.00,0926584991414,,45
Smart Keyboard Freezer Plus,175.00,7947981817841,,58
Smart Printer Silent Rechargeable,486.00,5805075035897,,54
Pro Shaver Grill Go Sense Max,783.00,9986558396424,,60
Smart Heater Prime Wireless,126.00,3502801207284,,84
Smart Fan Digital Portable 360,708.00,8256027453721,,84
Fast Cooker Mouse Bicycle,794.00,5895588006101,,80
Ultra Freezer Pro Max,725.00,2675388893902,,72
Compact Thermostat Speaker Go,133.00,7630283343582,,55
Wireless Tablet Microphone Trimmer Premium Touch Prime,724.00,0832875514715,,98
Clean Powerbank Brush Charger Go Ultra Clean,916.00,8041404514351,,52
Ultra Dock Dock Trimmer,838.00,8369067973118,,80
Smart Scooter Ultra Advanced Clean,48.00,7596363478165,,51
Advanced Treadmill,118.00,1399038838310,,5
Silent Mouse Charger Premium Automatic,572.00,3691556971714,,39
Advanced Treadmill Go Advanced Silent,41.00,0074246659384,,59
Scanner Monitor Treadmill,675.00,2944045078618,,53
Rechargeable Bicycle Speakerphone Printer Silent Go,814.00,4881401151142,,6
Fast Watch Tablet Printer Smart,788.00,3051345485578,,22
Mini Drone Printer Portable Eco,115.00,1471180571960,,40
Premium Trimmer,135.00,5906857362535,,70
Advanced Heater Lite Smart Go,648.00,7297558379907,,87
Scanner Tablet Radio,751.00,0500611380183,,88
Smart Scooter Ultra Premium,869.00,1113957090006,,11
Rechargeable Brush Cooler Powerbank Smart,398.00,0875023599851,,17
Rechargeable Powerbank Iron Brush,286.00,6875127267216,,74
Toaster Oven,413.00,2387654999644,,48
Ultra Thermostat Speaker Prime,743.00,4681895666944,,17
Portable Charger Lock Oven Digital,592.00,0799131640475,,57
Ultra Thermostat Oven,564.00,4057249783177,,61
Keyboard Kettle,632.00,3176208044546,,45
Rechargeable Speakerphone 360 Air,829.00,0767653233178,,41
Speaker Tablet Headphones,457.00,4055053570440,,37
Rechargeable Fan Monitor Toaster,28.00,6708457809439,,71
Eco Mixer Vacuum Silent Wireless Silent,569.00,4642931781632,,48
Eco Printer,810.00,0228403697225,,7
Digital Lamp Speakerphone Headphones Sense,63.00,2402391330199,,93
Ultra Monitor Mini Fast,999.00,9016975331880,,61
Compact Keyboard Fast Eco Prime,809.00,8485231948550,,6
Digital Clock Router Fridge Smart Advanced,611.00,9109762091026,,44
Mouse Powerbank Printer,868.00,0495950922883,,47
Automatic Speakerphone Scanner Monitor Plus,34.00,9169333870894,,30
Pro Projector One Pro,755.00,7267534986535,,78
Rechargeable Camera Heater Webcam Sense Prime Pro,686.00,7273619316968,,95
Advanced Fridge Cooker Compact Rechargeable,391.00,7520306456101,,83
Fast Dock Powerbank Speaker Sense Sense,768.00,3048085986090,,56
Microphone Camera,593.00,0743995045884,,80
Vacuum Shaver,809.00,6194599963922,,7
Compact Lamp Monitor Clean,147.00,0135101774717,,85
Ultra Fan Scooter Trimmer Pro,540.00,3677010249919,,17
Pro Dock Router Webcam Ultra Rechargeable Portable,425.00,1532149925207,,16
Fast Printer Lock Thermostat Max Touch,197.00,7185681722007,,99
Smart Microphone Clock Ultra,935.00,9941116396582,,29
Fast Light Drone Fast,134.00,7188967534592,,76
Compact Fan Portable Go,727.00,9532918992869,,24
Router,585.00,3126001825590,,62
Clean Scanner Keyboard Monitor,207.00,4131949250099,,94
Digital Shaver Drone Clean Premium,192.00,4641446549409,,83
Scale Clock,143.00,2092151998594,,69
Ultra Scale Toaster Digital One,351.00,2747641083846,,36
Automatic Lamp Speakerphone Headphones Advanced Sense Sense,144.00,3447244724304,,72
Premium Keyboard Toaster Monitor Go Premium Plus,718.00,6733756108662,,48
Rechargeable Toaster Oven Smart Pro Compact,770.00,0220628677389,,50
Rechargeable Speakerphone Portable Go,377.00,5783973679743,,89
Clean Tablet Cooler Fridge One Wireless 360,276.00,8882619605270,,46
Pro Speaker Iron Grill,461.00,8598345038021,,80
Advanced Fridge Freezer X,396.00,0514212130436,,63
Smart Heater Stove Scanner Wireless,100.00,2227410800121,,39
Automatic Fridge Mouse Monitor,304.00,5784049496257,,52
Brush,462.00,3084963438244,,43
Portable Bicycle Touch Prime Air,848.00,1959609786183,,99
Mini Scale Toaster Rechargeable Automatic Fast,295.00,9262159280745,,38
Printer Webcam,819.00,6600362097966,,24
Smart Mouse 360 Eco,169.00,9359141852087,,25
Rechargeable Watch Headphones Kettle Prime,51.00,0678513759502,,14
Projector Brush,629.00,3361390196962,,35
Clean Scanner Shaver Powerbank,60.00,4915284147302,,86
Digital Toaster Plus,531.00,4808018154724,,57
Pro Thermostat,293.00,6973074884385,,69
Digital Oven Drone Smart Digital,989.00,5783751594756,,89
Wireless Charger Lock Oven Air Fast,709.00,2541577635809,,74
Ultra Powerbank Brush Charger Pro,608.00,0206499475767,,94
Digital Trimmer,295.00,0056109360095,,39
Automatic Bicycle Speakerphone Printer Fast,455.00,7112653729290,,58
Thermostat Webcam Bicycle,843.00,4058643671282,,8
Dock Trimmer,787.00,1638953588840,,63
Automatic Webcam Toaster Portable Fast,904.00,2448659175713,,41
Smart Mouse Powerbank Printer,141.00,8333435446566,,68
Fast Heater Thermostat Portable Wireless,189.00,0070122832889,,77
Digital Treadmill,23.00,9335108170777,,9
Clean Dock Powerbank Speaker Automatic,923.00,7360279931690,,28
Silent Vacuum Cooler,298.00,8402566865048,,95
Premium Scooter Scale Cooler,942.00,6157669298645,,46
Silent Mixer Fast Lite,298.00,3505784611536,,71
Digital Keyboard,603.00,6101187677925,,49
Charger Stove Watch,882.00,8392178046853,,84
Wireless Heater Stove Scanner,231.00,8652989353695,,47
Automatic Freezer Projector Webcam Ultra Compact Rechargeable,378.00,9620320139542,,64
Fast Cooker Mouse Bicycle,643.00,4451830698343,,64
Rechargeable Thermostat,470.00,0527081358177,,32
Silent Bicycle Lock Fan Ultra,15.00,4472940028585,,16
Charger Monitor Brush,115.00,7117052379978,,75
Eco Speakerphone,451.00,5801919962398,,78
Silent Watch Headphones Kettle Touch,63.00,3271700574963,,71
Premium Mixer Bicycle Fridge Touch Sense,510.00,5955746974885,,8
Eco Camera Monitor Charger Edge,271.00,3180243626810,,20
Ultra Freezer Plus Portable Compact,894.00,1329269820853,,40
Pro Lamp Blender Drone,536.00,1410205049107,,70
Fast Tablet Tablet Kettle,269.00,9178792817159,,24
Portable Projector Sense Smart,115.00,9104998884435,,40
Smart Keyboard Freezer Prime,507.00,0469116339778,,61
Ultra Charger Radio,749.00,8681640870905,,78
Wireless Lamp Freezer Mini Eco Fast,219.00,9344556728072,,28
Mini Toaster Light Monitor Wireless Digital Clean,404.00,3217070197487,,71
Premium Treadmill Advanced Air,260.00,7951662818300,,93
Rechargeable Mouse Premium Digital,582.00,1741874704586,,4
Eco Lock Blender Wireless Premium,123.00,8076812773786,,90
Pro Oven Speaker Fan,321.00,3748412001167,,63
Fast Trimmer Webcam Heater Plus,561.00,3266680866474,,87
Clean Watch Thermostat Ultra Prime,683.00,7040676431671,,42
Clean Mouse Heater Lite Compact 360,724.00,6241199696238,,12
Eco Treadmill Pro,165.00,2167800800822,,32
Fast Stove Iron Fast,128.00,9409268113087,,53
Silent Headphones Automatic,928.00,3684600778926,,2
Digital Vacuum Silent,914.00,5185407374291,,46
Premium Scooter Max Clean,985.00,8407176444935,,74
Fast Blender Scale,494.00,6722348934437,,69
Clean Headphones,204.00,6774168919217,,30
Ultra Thermostat Stove Lamp Eco Eco,517.00,1799699010917,,88
Ultra Kettle Plus Plus 360,28.00,4558948214882,,38
Pro Scooter,739.00,0424598637262,,27
Dock Dock Trimmer,965.00,9072466970914,,29
Portable Router Phone X Premium,304.00,1541827061533,,8
Eco Charger Radio Pro Advanced,6.00,4355507626953,,36
Mixer,732.00,1348767549301,,70
Radio,498.00,8831744135183,,9
Premium Camera Heater Webcam Automatic Ultra,285.00,4356947012788,,29
Smart Stove Light Prime Advanced Touch,382.00,2534811577591,,85
Compact Oven Trimmer Silent,433.00,4660067021057,,64
Compact Projector Speaker Treadmill,71.00,3401243956906,,89
Silent Freezer Mixer,788.00,0195964329400,,65
Smart Speaker Tablet Headphones Mini Smart Digital,421.00,7362874749205,,91
Automatic Radio Treadmill Smart Advanced Premium,765.00,8963421678055,,61
Automatic Dock Edge Smart,587.00,7207120899108,,29
Clean Scooter Air Eco,121.00,3490211142458,,11
Clean Trimmer Clock Mini Smart Fast,252.00,3745833788943,,18
Scanner Keyboard Monitor,799.00,7678244254898,,37
Portable Bicycle Lock Fan One,197.00,0138656851452,,86
Kettle Brush Fan,576.00,5828805158659,,55
Fast Scale Toaster Sense Air,652.00,3149034664301,,44
Mouse,280.00,0870206595675,,27
Silent Powerbank,485.00,9096040797346,,61
Automatic Grill Phone Eco,595.00,1840181492169,,89
Advanced Cooler Watch Fan Smart,810.00,2332612726275,,64
Silent Watch Headphones Kettle 360 360 Air,431.00,3721143983056,,28
Clean Lamp Scanner Vacuum Edge,985.00,8647814292034,,26
Advanced Treadmill Dock Advanced,912.00,5329806338694,,91
Ultra Freezer Phone Edge,783.00,1076677770873,,60
Eco Kettle Brush Fan Prime Ultra Eco,956.00,4092147179134,,96
Microphone,157.00,5854169276616,,10
Ultra Charger Treadmill Max Go One,884.00,3170025048329,,9
Scale Headphones,457.00,6063760169015,,15
Keyboard,346.00,4863468683392,,79
Digital Vacuum Iron Phone Sense Pro Pro,126.00,4116280201870,,76
Mouse Heater,895.00,8641796185445,,69
Brush Blender Vacuum,574.00,8698683436685,,32
Portable Heater Monitor Pro,787.00,4034253786318,,41
Ultra Charger Bicycle Cooker 360 Smart Fast,930.00,8200827960439,,20
Advanced Iron Monitor Fast Air Compact,399.00,0468588669598,,78
Premium Webcam Trimmer Projector,539.00,5720635010698,,96
Wireless Thermostat Drone Heater Pro 360 Sense,784.00,3217310692390,,57
Smart Lamp Monitor Air Lite One,320.00,4587082227465,,60
Clean Blender Automatic,503.00,1760708280256,,47
Mixer Freezer Trimmer,822.00,6273965339773,,60
Fast Vacuum Iron Phone,607.00,6711660831777,,36
Mini Fridge Clean Air,221.00,9959726381324,,8
Smart Router Keyboard One Ultra,909.00,1863334570408,,33
Pro Scanner Tablet Radio Prime Lite,184.00,1549346715852,,96
Kettle,161.00,2030754923230,,19
Compact Freezer Clean,56.00,0021161696260,,45
Microphone Camera,874.00,4855139187537,,12
Compact Iron Monitor Mini,845.00,3566402625144,,67
Compact Fridge Advanced,499.00,8480041449495,,43
Smart Drone,433.00,0238929997075,,14
Ultra Camera Router Fan Clean Rechargeable Air,156.00,8232557779647,,83
Fridge Fan Lamp,59.00,2320024925225,,79
Stove Blender Oven,195.00,9152945772489,,67
Brush,71.00,3939398767936,,73
Wireless Light Portable Silent Ultra,877.00,9981075960363,,85
Eco Monitor Brush Monitor 360 Air,473.00,1455541670219,,73
Smart Phone Automatic Advanced Plus,946.00,6929735993279,,70
Rechargeable Radio Treadmill Eco Portable,329.00,0905892520127,,20
Wireless Radio Silent,465.00,6019968722118,,66
Eco Mouse Compact,561.00,7194092268158,,93
Smart Speakerphone,261.00,4672414802745,,68
Wireless Iron Toaster Projector Automatic,641.00,8036711691185,,47
Silent Fan,949.00,0650887459127,,14
Smart Trimmer Stove Advanced Plus,518.00,7832968248070,,83
Scale Clock,772.00,5457247369875,,60
Blender,967.00,0704487159823,,35
Powerbank,567.00,6519003997216,,7
Rechargeable Lamp Scanner Vacuum,300.00,4707959228979,,55
Heater,399.00,5286509915488,,37
Rechargeable Headphones Stove,45.00,3702651384368,,52
Clean Charger Treadmill,31.00,8879838276060,,70
